
--- New Session: 2026-04-12 21:38:48 +0000 ---
[14:38:52.120] Byte 1 Bit 0 -> UP
[14:38:52.121] Byte 2 Bit 1 -> UP
[14:38:52.122] Byte 2 Bit 4 -> UP
[14:38:53.126] Byte 1 Bit 0 -> DOWN
[14:38:53.127] Byte 2 Bit 0 -> DOWN
[14:38:53.128] Byte 2 Bit 4 -> DOWN
[14:38:53.272] Byte 1 Bit 0 -> UP
[14:38:53.273] Byte 2 Bit 0 -> UP
[14:38:53.273] Byte 2 Bit 4 -> UP
[14:38:54.233] Byte 2 Bit 1 -> DOWN
[14:38:54.233] Byte 2 Bit 2 -> DOWN
[14:38:54.233] Byte 2 Bit 3 -> DOWN
[14:38:54.234] Byte 2 Bit 4 -> DOWN
[14:38:54.234] Byte 2 Bit 5 -> DOWN
[14:38:54.339] Byte 2 Bit 1 -> UP
[14:38:54.340] Byte 2 Bit 2 -> UP
[14:38:54.340] Byte 2 Bit 3 -> UP
[14:38:54.340] Byte 2 Bit 4 -> UP
[14:38:54.340] Byte 2 Bit 5 -> UP
[14:39:10.120] Byte 1 Bit 1 -> DOWN
[14:39:10.208] Byte 1 Bit 1 -> UP
[14:39:10.914] Byte 1 Bit 0 -> DOWN
[14:39:10.958] Byte 1 Bit 0 -> UP
[14:39:11.532] Byte 1 Bit 2 -> DOWN
[14:39:11.572] Byte 1 Bit 2 -> UP
[14:39:12.533] Byte 1 Bit 0 -> DOWN
[14:39:12.534] Byte 2 Bit 1 -> DOWN
[14:39:12.534] Byte 2 Bit 2 -> DOWN
[14:39:12.534] Byte 2 Bit 4 -> DOWN
[14:39:12.579] Byte 1 Bit 0 -> UP
[14:39:12.580] Byte 2 Bit 1 -> UP
[14:39:12.580] Byte 2 Bit 2 -> UP
[14:39:12.580] Byte 2 Bit 4 -> UP
[14:39:13.764] Byte 1 Bit 0 -> DOWN
[14:39:13.765] Byte 2 Bit 0 -> DOWN
[14:39:13.765] Byte 2 Bit 2 -> DOWN
[14:39:13.765] Byte 2 Bit 3 -> DOWN
[14:39:13.765] Byte 2 Bit 4 -> DOWN
[14:39:13.898] Byte 1 Bit 0 -> UP
[14:39:13.899] Byte 2 Bit 0 -> UP
[14:39:13.899] Byte 2 Bit 2 -> UP
[14:39:13.899] Byte 2 Bit 3 -> UP
[14:39:13.899] Byte 2 Bit 4 -> UP
[14:39:14.559] Byte 2 Bit 2 -> DOWN
[14:39:14.560] Byte 2 Bit 3 -> DOWN
[14:39:14.560] Byte 2 Bit 5 -> DOWN
[14:39:14.648] Byte 2 Bit 2 -> UP
[14:39:14.649] Byte 2 Bit 3 -> UP
[14:39:14.649] Byte 2 Bit 5 -> UP
[14:39:15.281] Byte 1 Bit 0 -> DOWN
[14:39:15.281] Byte 1 Bit 1 -> DOWN
[14:39:15.281] Byte 2 Bit 0 -> DOWN
[14:39:15.282] Byte 2 Bit 2 -> DOWN
[14:39:15.282] Byte 2 Bit 3 -> DOWN
[14:39:15.282] Byte 2 Bit 4 -> DOWN
[14:39:15.368] Byte 1 Bit 0 -> UP
[14:39:15.369] Byte 1 Bit 1 -> UP
[14:39:15.369] Byte 2 Bit 0 -> UP
[14:39:15.369] Byte 2 Bit 2 -> UP
[14:39:15.369] Byte 2 Bit 3 -> UP
[14:39:15.369] Byte 2 Bit 4 -> UP

--- New Session: 2026-04-12 21:40:41 +0000 ---
[14:40:43.223] Report: 06 00 00 00 00 00 00 00
  - B1 Bit 0 -> UP
  - B2 Bit 1 -> UP
  - B2 Bit 4 -> UP
[14:40:44.588] Report: 06 01 12 00 00 00 00 00
  - B1 Bit 0 -> DOWN
  - B2 Bit 1 -> DOWN
  - B2 Bit 4 -> DOWN
[14:40:44.993] Report: 06 00 00 00 00 00 00 00
  - B1 Bit 0 -> UP
  - B2 Bit 1 -> UP
  - B2 Bit 4 -> UP
[14:40:45.442] Report: 06 01 12 00 00 00 00 00
  - B1 Bit 0 -> DOWN
  - B2 Bit 1 -> DOWN
  - B2 Bit 4 -> DOWN
[14:40:45.787] Report: 06 00 00 00 00 00 00 00
  - B1 Bit 0 -> UP
  - B2 Bit 1 -> UP
  - B2 Bit 4 -> UP
[14:40:46.056] Report: 06 01 11 00 00 00 00 00
  - B1 Bit 0 -> DOWN
  - B2 Bit 0 -> DOWN
  - B2 Bit 4 -> DOWN
[14:40:46.358] Report: 06 00 00 00 00 00 00 00
  - B1 Bit 0 -> UP
  - B2 Bit 0 -> UP
  - B2 Bit 4 -> UP
[14:40:46.612] Report: 06 00 3E 00 00 00 00 00
  - B2 Bit 1 -> DOWN
  - B2 Bit 2 -> DOWN
  - B2 Bit 3 -> DOWN
  - B2 Bit 4 -> DOWN
  - B2 Bit 5 -> DOWN
[14:40:46.913] Report: 06 00 00 00 00 00 00 00
  - B2 Bit 1 -> UP
  - B2 Bit 2 -> UP
  - B2 Bit 3 -> UP
  - B2 Bit 4 -> UP
  - B2 Bit 5 -> UP
[14:40:47.348] Report: 06 02 00 00 00 00 00 00
  - B1 Bit 1 -> DOWN
[14:40:47.542] Report: 06 00 00 00 00 00 00 00
  - B1 Bit 1 -> UP
[14:40:47.752] Report: 06 01 00 00 00 00 00 00
  - B1 Bit 0 -> DOWN
[14:40:47.992] Report: 06 00 00 00 00 00 00 00
  - B1 Bit 0 -> UP
[14:40:48.143] Report: 06 04 00 00 00 00 00 00
  - B1 Bit 2 -> DOWN
[14:40:48.293] Report: 06 00 00 00 00 00 00 00
  - B1 Bit 2 -> UP
[14:40:48.937] Report: 06 01 16 00 00 00 00 00
  - B1 Bit 0 -> DOWN
  - B2 Bit 1 -> DOWN
  - B2 Bit 2 -> DOWN
  - B2 Bit 4 -> DOWN
[14:40:49.028] Report: 06 00 00 00 00 00 00 00
  - B1 Bit 0 -> UP
  - B2 Bit 1 -> UP
  - B2 Bit 2 -> UP
  - B2 Bit 4 -> UP
[14:40:49.836] Report: 06 01 1D 00 00 00 00 00
  - B1 Bit 0 -> DOWN
  - B2 Bit 0 -> DOWN
  - B2 Bit 2 -> DOWN
  - B2 Bit 3 -> DOWN
  - B2 Bit 4 -> DOWN
[14:40:49.986] Report: 06 00 00 00 00 00 00 00
  - B1 Bit 0 -> UP
  - B2 Bit 0 -> UP
  - B2 Bit 2 -> UP
  - B2 Bit 3 -> UP
  - B2 Bit 4 -> UP
[14:40:50.137] Report: 06 00 2C 00 00 00 00 00
  - B2 Bit 2 -> DOWN
  - B2 Bit 3 -> DOWN
  - B2 Bit 5 -> DOWN
[14:40:50.287] Report: 06 00 00 00 00 00 00 00
  - B2 Bit 2 -> UP
  - B2 Bit 3 -> UP
  - B2 Bit 5 -> UP
[14:40:50.436] Report: 06 00 2C 00 00 00 00 00
  - B2 Bit 2 -> DOWN
  - B2 Bit 3 -> DOWN
  - B2 Bit 5 -> DOWN
[14:40:50.586] Report: 06 00 00 00 00 00 00 00
  - B2 Bit 2 -> UP
  - B2 Bit 3 -> UP
  - B2 Bit 5 -> UP
[14:40:50.782] Report: 06 03 1D 00 00 00 00 00
  - B1 Bit 0 -> DOWN
  - B1 Bit 1 -> DOWN
  - B2 Bit 0 -> DOWN
  - B2 Bit 2 -> DOWN
  - B2 Bit 3 -> DOWN
  - B2 Bit 4 -> DOWN
[14:40:50.886] Report: 06 00 00 00 00 00 00 00
  - B1 Bit 0 -> UP
  - B1 Bit 1 -> UP
  - B2 Bit 0 -> UP
  - B2 Bit 2 -> UP
  - B2 Bit 3 -> UP
  - B2 Bit 4 -> UP
[14:40:51.847] Report: 06 01 1D 00 00 00 00 00
  - B1 Bit 0 -> DOWN
  - B2 Bit 0 -> DOWN
  - B2 Bit 2 -> DOWN
  - B2 Bit 3 -> DOWN
  - B2 Bit 4 -> DOWN
[14:40:51.936] Report: 06 00 00 00 00 00 00 00
  - B1 Bit 0 -> UP
  - B2 Bit 0 -> UP
  - B2 Bit 2 -> UP
  - B2 Bit 3 -> UP
  - B2 Bit 4 -> UP
[14:40:52.146] Report: 06 00 2C 00 00 00 00 00
  - B2 Bit 2 -> DOWN
  - B2 Bit 3 -> DOWN
  - B2 Bit 5 -> DOWN
[14:40:52.297] Report: 06 00 00 00 00 00 00 00
  - B2 Bit 2 -> UP
  - B2 Bit 3 -> UP
  - B2 Bit 5 -> UP
[14:40:52.447] Report: 06 00 2C 00 00 00 00 00
  - B2 Bit 2 -> DOWN
  - B2 Bit 3 -> DOWN
  - B2 Bit 5 -> DOWN
[14:40:52.597] Report: 06 00 00 00 00 00 00 00
  - B2 Bit 2 -> UP
  - B2 Bit 3 -> UP
  - B2 Bit 5 -> UP
[14:40:52.792] Report: 06 02 00 00 00 00 00 00
  - B1 Bit 1 -> DOWN
[14:40:52.987] Report: 06 01 00 00 00 00 00 00
  - B1 Bit 0 -> DOWN
  - B1 Bit 1 -> UP
[14:40:53.092] Report: 06 05 00 00 00 00 00 00
  - B1 Bit 2 -> DOWN
[14:40:53.136] Report: 06 04 00 00 00 00 00 00
  - B1 Bit 0 -> UP
[14:40:53.287] Report: 06 00 00 00 00 00 00 00
  - B1 Bit 2 -> UP
[14:40:53.527] Report: 06 01 12 00 00 00 00 00
  - B1 Bit 0 -> DOWN
  - B2 Bit 1 -> DOWN
  - B2 Bit 4 -> DOWN
[14:40:53.678] Report: 06 01 12 11 00 00 00 00
  - B3 Bit 0 -> DOWN
  - B3 Bit 4 -> DOWN
[14:40:53.723] Report: 06 01 11 00 00 00 00 00
  - B2 Bit 0 -> DOWN
  - B2 Bit 1 -> UP
  - B3 Bit 0 -> UP
  - B3 Bit 4 -> UP
[14:40:53.768] Report: 06 01 11 3E 00 00 00 00
  - B3 Bit 1 -> DOWN
  - B3 Bit 2 -> DOWN
  - B3 Bit 3 -> DOWN
  - B3 Bit 4 -> DOWN
  - B3 Bit 5 -> DOWN
[14:40:53.826] Report: 06 00 3E 00 00 00 00 00
  - B1 Bit 0 -> UP
  - B2 Bit 0 -> UP
  - B2 Bit 1 -> DOWN
  - B2 Bit 2 -> DOWN
  - B2 Bit 3 -> DOWN
  - B2 Bit 5 -> DOWN
  - B3 Bit 1 -> UP
  - B3 Bit 2 -> UP
  - B3 Bit 3 -> UP
  - B3 Bit 4 -> UP
  - B3 Bit 5 -> UP
[14:40:53.917] Report: 06 00 00 00 00 00 00 00
  - B2 Bit 1 -> UP
  - B2 Bit 2 -> UP
  - B2 Bit 3 -> UP
  - B2 Bit 4 -> UP
  - B2 Bit 5 -> UP
[14:40:54.816] Report: 06 01 12 00 00 00 00 00
  - B1 Bit 0 -> DOWN
  - B2 Bit 1 -> DOWN
  - B2 Bit 4 -> DOWN
[14:40:54.967] Report: 06 01 12 11 00 00 00 00
  - B3 Bit 0 -> DOWN
  - B3 Bit 4 -> DOWN
[14:40:55.119] Report: 06 01 11 00 00 00 00 00
  - B2 Bit 0 -> DOWN
  - B2 Bit 1 -> UP
  - B3 Bit 0 -> UP
  - B3 Bit 4 -> UP
[14:40:55.267] Report: 06 00 3E 00 00 00 00 00
  - B1 Bit 0 -> UP
  - B2 Bit 0 -> UP
  - B2 Bit 1 -> DOWN
  - B2 Bit 2 -> DOWN
  - B2 Bit 3 -> DOWN
  - B2 Bit 5 -> DOWN
[14:40:55.420] Report: 06 00 00 00 00 00 00 00
  - B2 Bit 1 -> UP
  - B2 Bit 2 -> UP
  - B2 Bit 3 -> UP
  - B2 Bit 4 -> UP
  - B2 Bit 5 -> UP
[14:43:08.449] Report: 06 00 00 00 00 00 00 00
  - B1 Bit 0 -> UP
  - B2 Bit 1 -> UP
  - B2 Bit 4 -> UP
[14:43:10.595] Report: 06 01 12 00 00 00 00 00
  - B1 Bit 0 -> DOWN
  - B2 Bit 1 -> DOWN
  - B2 Bit 4 -> DOWN
[14:43:10.640] Report: 06 00 00 00 00 00 00 00
  - B1 Bit 0 -> UP
  - B2 Bit 1 -> UP
>>> Learned K1: Bits [8, 17, 20]
  - B2 Bit 4 -> UP
[14:43:11.495] Report: 06 01 11 00 00 00 00 00
  - B1 Bit 0 -> DOWN
  - B2 Bit 0 -> DOWN
  - B2 Bit 4 -> DOWN
[14:43:11.599] Report: 06 00 00 00 00 00 00 00
  - B1 Bit 0 -> UP
  - B2 Bit 0 -> UP
>>> Learned K2: Bits [8, 16, 20]
  - B2 Bit 4 -> UP
[14:43:12.185] Report: 06 00 3E 00 00 00 00 00
  - B2 Bit 1 -> DOWN
  - B2 Bit 2 -> DOWN
  - B2 Bit 3 -> DOWN
  - B2 Bit 4 -> DOWN
  - B2 Bit 5 -> DOWN
[14:43:12.289] Report: 06 00 00 00 00 00 00 00
  - B2 Bit 1 -> UP
  - B2 Bit 2 -> UP
  - B2 Bit 3 -> UP
  - B2 Bit 4 -> UP
>>> Learned K3: Bits [17, 18, 19, 20, 21]
  - B2 Bit 5 -> UP
[14:43:13.669] Report: 06 02 00 00 00 00 00 00
  - B1 Bit 1 -> DOWN
[14:43:13.761] Report: 06 00 00 00 00 00 00 00
>>> Learned K4: Bits [9]
  - B1 Bit 1 -> UP
[14:43:14.315] Report: 06 01 00 00 00 00 00 00
  - B1 Bit 0 -> DOWN
[14:43:14.420] Report: 06 00 00 00 00 00 00 00
>>> Learned K5: Bits [8]
  - B1 Bit 0 -> UP
[14:43:14.826] Report: 06 04 00 00 00 00 00 00
  - B1 Bit 2 -> DOWN
[14:43:14.929] Report: 06 00 00 00 00 00 00 00
>>> Learned K6: Bits [10]
  - B1 Bit 2 -> UP
[14:43:15.890] Report: 06 01 16 00 00 00 00 00
  - B1 Bit 0 -> DOWN
  - B2 Bit 1 -> DOWN
  - B2 Bit 2 -> DOWN
  - B2 Bit 4 -> DOWN
[14:43:15.980] Report: 06 00 00 00 00 00 00 00
  - B1 Bit 0 -> UP
  - B2 Bit 1 -> UP
  - B2 Bit 2 -> UP
>>> Learned K7: Bits [8, 17, 18, 20]
  - B2 Bit 4 -> UP
[14:43:16.985] Report: 06 01 1D 00 00 00 00 00
  - B1 Bit 0 -> DOWN
  - B2 Bit 0 -> DOWN
  - B2 Bit 2 -> DOWN
  - B2 Bit 3 -> DOWN
  - B2 Bit 4 -> DOWN
[14:43:17.090] Report: 06 00 00 00 00 00 00 00
  - B1 Bit 0 -> UP
  - B2 Bit 0 -> UP
  - B2 Bit 2 -> UP
  - B2 Bit 3 -> UP
>>> Learned K8: Bits [8, 16, 18, 19, 20]
  - B2 Bit 4 -> UP
[14:43:17.480] Report: 06 00 2C 00 00 00 00 00
  - B2 Bit 2 -> DOWN
  - B2 Bit 3 -> DOWN
  - B2 Bit 5 -> DOWN
[14:43:17.589] Report: 06 00 00 00 00 00 00 00
  - B2 Bit 2 -> UP
  - B2 Bit 3 -> UP
>>> Learned K9: Bits [18, 19, 21]
  - B2 Bit 5 -> UP
[14:43:18.155] Report: 06 03 1D 00 00 00 00 00
  - B1 Bit 0 -> DOWN
  - B1 Bit 1 -> DOWN
  - B2 Bit 0 -> DOWN
  - B2 Bit 2 -> DOWN
  - B2 Bit 3 -> DOWN
  - B2 Bit 4 -> DOWN
[14:43:18.260] Report: 06 00 00 00 00 00 00 00
  - B1 Bit 0 -> UP
  - B1 Bit 1 -> UP
  - B2 Bit 0 -> UP
  - B2 Bit 2 -> UP
  - B2 Bit 3 -> UP
>>> Learned K10: Bits [8, 9, 16, 18, 19, 20]
  - B2 Bit 4 -> UP
[14:44:16.236] Report: 06 00 00 00 00 00 00 00
  - B1 Bit 0 -> UP
  - B2 Bit 1 -> UP
  - B2 Bit 4 -> UP
[14:44:16.730] Report: 06 01 12 00 00 00 00 00
  - B1 Bit 0 -> DOWN
  - B2 Bit 1 -> DOWN
  - B2 Bit 4 -> DOWN
[14:44:17.076] Report: 06 00 00 00 00 00 00 00
  - B1 Bit 0 -> UP
  - B2 Bit 1 -> UP
  - B2 Bit 4 -> UP
[14:44:17.362] Report: 06 01 12 00 00 00 00 00
  - B1 Bit 0 -> DOWN
  - B2 Bit 1 -> DOWN
  - B2 Bit 4 -> DOWN
[14:44:17.764] Report: 06 00 00 00 00 00 00 00
  - B1 Bit 0 -> UP
  - B2 Bit 1 -> UP
  - B2 Bit 4 -> UP
[14:44:18.065] Report: 06 01 11 00 00 00 00 00
  - B1 Bit 0 -> DOWN
  - B2 Bit 0 -> DOWN
  - B2 Bit 4 -> DOWN
[14:44:18.514] Report: 06 00 00 00 00 00 00 00
  - B1 Bit 0 -> UP
  - B2 Bit 0 -> UP
  - B2 Bit 4 -> UP
[14:44:18.740] Report: 06 00 3E 00 00 00 00 00
  - B2 Bit 1 -> DOWN
  - B2 Bit 2 -> DOWN
  - B2 Bit 3 -> DOWN
  - B2 Bit 4 -> DOWN
  - B2 Bit 5 -> DOWN
[14:44:19.189] Report: 06 00 00 00 00 00 00 00
  - B2 Bit 1 -> UP
  - B2 Bit 2 -> UP
  - B2 Bit 3 -> UP
  - B2 Bit 4 -> UP
  - B2 Bit 5 -> UP
[14:44:19.534] Report: 06 02 00 00 00 00 00 00
  - B1 Bit 1 -> DOWN
[14:44:19.790] Report: 06 00 00 00 00 00 00 00
  - B1 Bit 1 -> UP
[14:44:20.059] Report: 06 01 00 00 00 00 00 00
  - B1 Bit 0 -> DOWN
[14:44:20.463] Report: 06 00 00 00 00 00 00 00
  - B1 Bit 0 -> UP
[14:44:20.659] Report: 06 04 00 00 00 00 00 00
  - B1 Bit 2 -> DOWN
[14:44:21.215] Report: 06 00 00 00 00 00 00 00
  - B1 Bit 2 -> UP
[14:44:21.740] Report: 06 01 1D 00 00 00 00 00
  - B1 Bit 0 -> DOWN
  - B2 Bit 0 -> DOWN
  - B2 Bit 2 -> DOWN
  - B2 Bit 3 -> DOWN
  - B2 Bit 4 -> DOWN
[14:44:21.994] Report: 06 00 00 00 00 00 00 00
  - B1 Bit 0 -> UP
  - B2 Bit 0 -> UP
  - B2 Bit 2 -> UP
  - B2 Bit 3 -> UP
  - B2 Bit 4 -> UP
[14:44:22.234] Report: 06 00 2C 00 00 00 00 00
  - B2 Bit 2 -> DOWN
  - B2 Bit 3 -> DOWN
  - B2 Bit 5 -> DOWN
[14:44:22.491] Report: 06 00 00 00 00 00 00 00
  - B2 Bit 2 -> UP
  - B2 Bit 3 -> UP
  - B2 Bit 5 -> UP
[14:44:22.684] Report: 06 03 1D 00 00 00 00 00
  - B1 Bit 0 -> DOWN
  - B1 Bit 1 -> DOWN
  - B2 Bit 0 -> DOWN
  - B2 Bit 2 -> DOWN
  - B2 Bit 3 -> DOWN
  - B2 Bit 4 -> DOWN
[14:44:23.045] Report: 06 00 00 00 00 00 00 00
  - B1 Bit 0 -> UP
  - B1 Bit 1 -> UP
  - B2 Bit 0 -> UP
  - B2 Bit 2 -> UP
  - B2 Bit 3 -> UP
  - B2 Bit 4 -> UP
[14:44:23.390] Report: 06 03 1D 00 00 00 00 00
  - B1 Bit 0 -> DOWN
  - B1 Bit 1 -> DOWN
  - B2 Bit 0 -> DOWN
  - B2 Bit 2 -> DOWN
  - B2 Bit 3 -> DOWN
  - B2 Bit 4 -> DOWN
[14:44:23.884] Report: 06 00 00 00 00 00 00 00
  - B1 Bit 0 -> UP
  - B1 Bit 1 -> UP
  - B2 Bit 0 -> UP
  - B2 Bit 2 -> UP
  - B2 Bit 3 -> UP
  - B2 Bit 4 -> UP
[14:44:24.291] Report: 06 03 1D 00 00 00 00 00
  - B1 Bit 0 -> DOWN
  - B1 Bit 1 -> DOWN
  - B2 Bit 0 -> DOWN
  - B2 Bit 2 -> DOWN
  - B2 Bit 3 -> DOWN
  - B2 Bit 4 -> DOWN
[14:44:24.695] Report: 06 00 00 00 00 00 00 00
  - B1 Bit 0 -> UP
  - B1 Bit 1 -> UP
  - B2 Bit 0 -> UP
  - B2 Bit 2 -> UP
  - B2 Bit 3 -> UP
  - B2 Bit 4 -> UP
[14:44:25.040] Report: 06 03 1D 00 00 00 00 00
  - B1 Bit 0 -> DOWN
  - B1 Bit 1 -> DOWN
  - B2 Bit 0 -> DOWN
  - B2 Bit 2 -> DOWN
  - B2 Bit 3 -> DOWN
  - B2 Bit 4 -> DOWN
[14:44:25.683] Report: 06 00 00 00 00 00 00 00
  - B1 Bit 0 -> UP
  - B1 Bit 1 -> UP
  - B2 Bit 0 -> UP
  - B2 Bit 2 -> UP
  - B2 Bit 3 -> UP
  - B2 Bit 4 -> UP
[14:44:26.270] Report: 06 03 1D 00 00 00 00 00
  - B1 Bit 0 -> DOWN
  - B1 Bit 1 -> DOWN
  - B2 Bit 0 -> DOWN
  - B2 Bit 2 -> DOWN
  - B2 Bit 3 -> DOWN
  - B2 Bit 4 -> DOWN
[14:44:26.569] Report: 06 00 00 00 00 00 00 00
  - B1 Bit 0 -> UP
  - B1 Bit 1 -> UP
  - B2 Bit 0 -> UP
  - B2 Bit 2 -> UP
  - B2 Bit 3 -> UP
  - B2 Bit 4 -> UP
[14:44:26.868] Report: 06 01 16 00 00 00 00 00
  - B1 Bit 0 -> DOWN
  - B2 Bit 1 -> DOWN
  - B2 Bit 2 -> DOWN
  - B2 Bit 4 -> DOWN
[14:44:27.214] Report: 06 00 00 00 00 00 00 00
  - B1 Bit 0 -> UP
  - B2 Bit 1 -> UP
  - B2 Bit 2 -> UP
  - B2 Bit 4 -> UP
[14:44:27.980] Report: 06 01 16 00 00 00 00 00
  - B1 Bit 0 -> DOWN
  - B2 Bit 1 -> DOWN
  - B2 Bit 2 -> DOWN
  - B2 Bit 4 -> DOWN
[14:44:28.280] Report: 06 00 00 00 00 00 00 00
  - B1 Bit 0 -> UP
  - B2 Bit 1 -> UP
  - B2 Bit 2 -> UP
  - B2 Bit 4 -> UP
  - B1 Bit 0 -> UP
  - B2 Bit 1 -> UP
  - B2 Bit 4 -> UP
[14:45:54.214] Report: 06 00 00 00 00 00 00 00 | Keys: []
  - B1 Bit 0 -> DOWN
  - B2 Bit 1 -> DOWN
  - B2 Bit 4 -> DOWN
[14:45:57.441] Report: 06 01 12 00 00 00 00 00 | Keys: [K1, K5]
  - B1 Bit 0 -> UP
  - B2 Bit 1 -> UP
  - B2 Bit 4 -> UP
[14:45:57.633] Report: 06 00 00 00 00 00 00 00 | Keys: []
  - B1 Bit 0 -> DOWN
  - B2 Bit 0 -> DOWN
  - B2 Bit 4 -> DOWN
[14:45:58.038] Report: 06 01 11 00 00 00 00 00 | Keys: [K2, K5]
  - B1 Bit 0 -> UP
  - B2 Bit 0 -> UP
  - B2 Bit 4 -> UP
[14:45:58.187] Report: 06 00 00 00 00 00 00 00 | Keys: []
  - B2 Bit 1 -> DOWN
  - B2 Bit 2 -> DOWN
  - B2 Bit 3 -> DOWN
  - B2 Bit 4 -> DOWN
  - B2 Bit 5 -> DOWN
[14:45:58.548] Report: 06 00 3E 00 00 00 00 00 | Keys: [K3, K9]
  - B2 Bit 1 -> UP
  - B2 Bit 2 -> UP
  - B2 Bit 3 -> UP
  - B2 Bit 4 -> UP
  - B2 Bit 5 -> UP
[14:45:58.653] Report: 06 00 00 00 00 00 00 00 | Keys: []
  - B1 Bit 1 -> DOWN
[14:46:02.777] Report: 06 02 00 00 00 00 00 00 | Keys: [K4]
  - B1 Bit 1 -> UP
[14:46:02.974] Report: 06 00 00 00 00 00 00 00 | Keys: []
  - B1 Bit 0 -> DOWN
[14:46:03.273] Report: 06 01 00 00 00 00 00 00 | Keys: [K5]
  - B1 Bit 0 -> UP
[14:46:03.377] Report: 06 00 00 00 00 00 00 00 | Keys: []
  - B1 Bit 2 -> DOWN
[14:46:03.724] Report: 06 04 00 00 00 00 00 00 | Keys: [K6]
  - B1 Bit 2 -> UP
[14:46:03.830] Report: 06 00 00 00 00 00 00 00 | Keys: []
  - B1 Bit 0 -> DOWN
  - B2 Bit 1 -> DOWN
  - B2 Bit 2 -> DOWN
  - B2 Bit 4 -> DOWN
[14:46:04.278] Report: 06 01 16 00 00 00 00 00 | Keys: [K1, K5, K7]
  - B1 Bit 0 -> UP
  - B2 Bit 1 -> UP
  - B2 Bit 2 -> UP
  - B2 Bit 4 -> UP
[14:46:04.368] Report: 06 00 00 00 00 00 00 00 | Keys: []
  - B1 Bit 0 -> DOWN
  - B2 Bit 0 -> DOWN
  - B2 Bit 2 -> DOWN
  - B2 Bit 3 -> DOWN
  - B2 Bit 4 -> DOWN
[14:46:04.819] Report: 06 01 1D 00 00 00 00 00 | Keys: [K2, K5, K8]
  - B1 Bit 0 -> UP
  - B2 Bit 0 -> UP
  - B2 Bit 2 -> UP
  - B2 Bit 3 -> UP
  - B2 Bit 4 -> UP
[14:46:04.923] Report: 06 00 00 00 00 00 00 00 | Keys: []
  - B2 Bit 2 -> DOWN
  - B2 Bit 3 -> DOWN
  - B2 Bit 5 -> DOWN
[14:46:05.225] Report: 06 00 2C 00 00 00 00 00 | Keys: [K9]
  - B2 Bit 2 -> UP
  - B2 Bit 3 -> UP
  - B2 Bit 5 -> UP
[14:46:05.375] Report: 06 00 00 00 00 00 00 00 | Keys: []
  - B1 Bit 0 -> DOWN
  - B1 Bit 1 -> DOWN
  - B2 Bit 0 -> DOWN
  - B2 Bit 2 -> DOWN
  - B2 Bit 3 -> DOWN
  - B2 Bit 4 -> DOWN
[14:46:05.718] Report: 06 03 1D 00 00 00 00 00 | Keys: [K2, K4, K5, K8, K10]
  - B1 Bit 0 -> UP
  - B1 Bit 1 -> UP
  - B2 Bit 0 -> UP
  - B2 Bit 2 -> UP
  - B2 Bit 3 -> UP
  - B2 Bit 4 -> UP
[14:46:05.868] Report: 06 00 00 00 00 00 00 00 | Keys: []
  - B1 Bit 0 -> UP
  - B1 Bit 1 -> UP
  - B2 Bit 0 -> UP
  - B2 Bit 2 -> UP
  - B2 Bit 3 -> UP
  - B2 Bit 4 -> UP
[14:46:58.668] Report: 06 00 00 00 00 00 00 00 | Keys: []
  - B1 Bit 0 -> DOWN
  - B2 Bit 1 -> DOWN
  - B2 Bit 4 -> DOWN
[14:46:59.269] Report: 06 01 12 00 00 00 00 00 | Keys: [K1]
  - B1 Bit 0 -> UP
  - B2 Bit 1 -> UP
  - B2 Bit 4 -> UP
[14:46:59.567] Report: 06 00 00 00 00 00 00 00 | Keys: []
  - B1 Bit 0 -> DOWN
  - B2 Bit 0 -> DOWN
  - B2 Bit 4 -> DOWN
[14:46:59.777] Report: 06 01 11 00 00 00 00 00 | Keys: [K2]
  - B1 Bit 0 -> UP
  - B2 Bit 0 -> UP
  - B2 Bit 4 -> UP
[14:47:00.136] Report: 06 00 00 00 00 00 00 00 | Keys: []
  - B2 Bit 1 -> DOWN
  - B2 Bit 2 -> DOWN
  - B2 Bit 3 -> DOWN
  - B2 Bit 4 -> DOWN
  - B2 Bit 5 -> DOWN
[14:47:00.287] Report: 06 00 3E 00 00 00 00 00 | Keys: [K3]
  - B2 Bit 1 -> UP
  - B2 Bit 2 -> UP
  - B2 Bit 3 -> UP
  - B2 Bit 4 -> UP
  - B2 Bit 5 -> UP
[14:47:00.634] Report: 06 00 00 00 00 00 00 00 | Keys: []
  - B1 Bit 2 -> DOWN
[14:47:00.843] Report: 06 04 00 00 00 00 00 00 | Keys: [K6]
  - B1 Bit 2 -> UP
[14:47:01.187] Report: 06 00 00 00 00 00 00 00 | Keys: []
  - B1 Bit 0 -> DOWN
[14:47:01.338] Report: 06 01 00 00 00 00 00 00 | Keys: [K5]
  - B1 Bit 0 -> UP
[14:47:01.697] Report: 06 00 00 00 00 00 00 00 | Keys: []
  - B1 Bit 1 -> DOWN
[14:47:01.846] Report: 06 02 00 00 00 00 00 00 | Keys: [K4]
  - B1 Bit 1 -> UP
[14:47:02.237] Report: 06 00 00 00 00 00 00 00 | Keys: []
  - B1 Bit 0 -> DOWN
  - B2 Bit 0 -> DOWN
  - B2 Bit 2 -> DOWN
  - B2 Bit 3 -> DOWN
  - B2 Bit 4 -> DOWN
[14:47:02.447] Report: 06 01 1D 00 00 00 00 00 | Keys: [K8]
  - B1 Bit 0 -> UP
  - B2 Bit 0 -> UP
  - B2 Bit 2 -> UP
  - B2 Bit 3 -> UP
  - B2 Bit 4 -> UP
[14:47:02.837] Report: 06 00 00 00 00 00 00 00 | Keys: []
  - B2 Bit 2 -> DOWN
  - B2 Bit 3 -> DOWN
  - B2 Bit 5 -> DOWN
[14:47:02.958] Report: 06 00 2C 00 00 00 00 00 | Keys: [K9]
  - B2 Bit 2 -> UP
  - B2 Bit 3 -> UP
  - B2 Bit 5 -> UP
[14:47:03.347] Report: 06 00 00 00 00 00 00 00 | Keys: []
  - B2 Bit 2 -> DOWN
  - B2 Bit 3 -> DOWN
  - B2 Bit 5 -> DOWN
[14:47:03.406] Report: 06 00 2C 00 00 00 00 00 | Keys: [K9]
  - B2 Bit 2 -> UP
  - B2 Bit 3 -> UP
  - B2 Bit 5 -> UP
[14:47:03.797] Report: 06 00 00 00 00 00 00 00 | Keys: []
  - B2 Bit 2 -> DOWN
  - B2 Bit 3 -> DOWN
  - B2 Bit 5 -> DOWN
[14:47:04.173] Report: 06 00 2C 00 00 00 00 00 | Keys: [K9]
  - B2 Bit 2 -> UP
  - B2 Bit 3 -> UP
  - B2 Bit 5 -> UP
[14:47:04.367] Report: 06 00 00 00 00 00 00 00 | Keys: []
  - B1 Bit 0 -> DOWN
  - B1 Bit 1 -> DOWN
  - B2 Bit 0 -> DOWN
  - B2 Bit 2 -> DOWN
  - B2 Bit 3 -> DOWN
  - B2 Bit 4 -> DOWN
[14:47:04.578] Report: 06 03 1D 00 00 00 00 00 | Keys: [K10]
  - B1 Bit 0 -> UP
  - B1 Bit 1 -> UP
  - B2 Bit 0 -> UP
  - B2 Bit 2 -> UP
  - B2 Bit 3 -> UP
  - B2 Bit 4 -> UP
[14:47:04.922] Report: 06 00 00 00 00 00 00 00 | Keys: []
  - B1 Bit 0 -> DOWN
  - B2 Bit 1 -> DOWN
  - B2 Bit 2 -> DOWN
  - B2 Bit 4 -> DOWN
[14:47:05.177] Report: 06 01 16 00 00 00 00 00 | Keys: [K7]
  - B1 Bit 0 -> UP
  - B2 Bit 1 -> UP
  - B2 Bit 2 -> UP
  - B2 Bit 4 -> UP
[14:47:05.477] Report: 06 00 00 00 00 00 00 00 | Keys: []
  - B1 Bit 0 -> DOWN
  - B2 Bit 0 -> DOWN
  - B2 Bit 1 -> DOWN
  - B2 Bit 2 -> DOWN
  - B2 Bit 4 -> DOWN
  - B2 Bit 6 -> DOWN
[14:47:06.573] Report: 06 01 57 00 00 00 00 00 | Keys: [K2, K7]
  - B1 Bit 0 -> UP
  - B2 Bit 0 -> UP
  - B2 Bit 1 -> UP
  - B2 Bit 2 -> UP
  - B2 Bit 4 -> UP
  - B2 Bit 6 -> UP
[14:47:06.578] Report: 06 00 00 00 00 00 00 00 | Keys: []
  - B1 Bit 0 -> DOWN
  - B2 Bit 0 -> DOWN
  - B2 Bit 1 -> DOWN
  - B2 Bit 2 -> DOWN
  - B2 Bit 4 -> DOWN
  - B2 Bit 6 -> DOWN
[14:47:06.678] Report: 06 01 57 00 00 00 00 00 | Keys: [K2, K7]
  - B1 Bit 0 -> UP
  - B2 Bit 0 -> UP
  - B2 Bit 1 -> UP
  - B2 Bit 2 -> UP
  - B2 Bit 4 -> UP
  - B2 Bit 6 -> UP
[14:47:06.682] Report: 06 00 00 00 00 00 00 00 | Keys: []
  - B1 Bit 0 -> DOWN
  - B2 Bit 0 -> DOWN
  - B2 Bit 1 -> DOWN
  - B2 Bit 2 -> DOWN
  - B2 Bit 4 -> DOWN
  - B2 Bit 6 -> DOWN
[14:47:06.782] Report: 06 01 57 00 00 00 00 00 | Keys: [K2, K7]
  - B1 Bit 0 -> UP
  - B2 Bit 0 -> UP
  - B2 Bit 1 -> UP
  - B2 Bit 2 -> UP
  - B2 Bit 4 -> UP
  - B2 Bit 6 -> UP
[14:47:06.787] Report: 06 00 00 00 00 00 00 00 | Keys: []
  - B1 Bit 0 -> DOWN
  - B2 Bit 0 -> DOWN
  - B2 Bit 1 -> DOWN
  - B2 Bit 2 -> DOWN
  - B2 Bit 4 -> DOWN
  - B2 Bit 6 -> DOWN
[14:47:06.842] Report: 06 01 57 00 00 00 00 00 | Keys: [K2, K7]
  - B1 Bit 0 -> UP
  - B2 Bit 0 -> UP
  - B2 Bit 1 -> UP
  - B2 Bit 2 -> UP
  - B2 Bit 4 -> UP
  - B2 Bit 6 -> UP
[14:47:06.844] Report: 06 00 00 00 00 00 00 00 | Keys: []
  - B1 Bit 0 -> DOWN
  - B2 Bit 1 -> DOWN
  - B2 Bit 2 -> DOWN
  - B2 Bit 4 -> DOWN
  - B2 Bit 6 -> DOWN
[14:47:07.203] Report: 06 01 56 00 00 00 00 00 | Keys: [K7]
  - B1 Bit 0 -> UP
  - B2 Bit 1 -> UP
  - B2 Bit 2 -> UP
  - B2 Bit 4 -> UP
  - B2 Bit 6 -> UP
[14:47:07.208] Report: 06 00 00 00 00 00 00 00 | Keys: []
  - B1 Bit 0 -> DOWN
  - B2 Bit 1 -> DOWN
  - B2 Bit 2 -> DOWN
  - B2 Bit 4 -> DOWN
  - B2 Bit 6 -> DOWN
[14:47:07.337] Report: 06 01 56 00 00 00 00 00 | Keys: [K7]
  - B1 Bit 0 -> UP
  - B2 Bit 1 -> UP
  - B2 Bit 2 -> UP
  - B2 Bit 4 -> UP
  - B2 Bit 6 -> UP
[14:47:07.342] Report: 06 00 00 00 00 00 00 00 | Keys: []
  - B1 Bit 0 -> DOWN
  - B2 Bit 1 -> DOWN
  - B2 Bit 2 -> DOWN
  - B2 Bit 4 -> DOWN
  - B2 Bit 6 -> DOWN
[14:47:07.412] Report: 06 01 56 00 00 00 00 00 | Keys: [K7]
  - B1 Bit 0 -> UP
  - B2 Bit 1 -> UP
  - B2 Bit 2 -> UP
  - B2 Bit 4 -> UP
  - B2 Bit 6 -> UP
[14:47:07.416] Report: 06 00 00 00 00 00 00 00 | Keys: []
  - B1 Bit 0 -> DOWN
  - B2 Bit 1 -> DOWN
  - B2 Bit 2 -> DOWN
  - B2 Bit 4 -> DOWN
  - B2 Bit 6 -> DOWN
[14:47:07.502] Report: 06 01 56 00 00 00 00 00 | Keys: [K7]
  - B1 Bit 0 -> UP
  - B2 Bit 1 -> UP
  - B2 Bit 2 -> UP
  - B2 Bit 4 -> UP
  - B2 Bit 6 -> UP
[14:47:07.518] Report: 06 00 00 00 00 00 00 00 | Keys: []
  - B1 Bit 0 -> DOWN
  - B2 Bit 1 -> DOWN
  - B2 Bit 2 -> DOWN
  - B2 Bit 4 -> DOWN
  - B2 Bit 6 -> DOWN
[14:47:07.607] Report: 06 01 56 00 00 00 00 00 | Keys: [K7]
  - B1 Bit 0 -> UP
  - B2 Bit 1 -> UP
  - B2 Bit 2 -> UP
  - B2 Bit 4 -> UP
  - B2 Bit 6 -> UP
[14:47:07.609] Report: 06 00 00 00 00 00 00 00 | Keys: []
  - B1 Bit 0 -> DOWN
  - B2 Bit 1 -> DOWN
  - B2 Bit 2 -> DOWN
  - B2 Bit 4 -> DOWN
  - B2 Bit 6 -> DOWN
[14:47:07.682] Report: 06 01 56 00 00 00 00 00 | Keys: [K7]
  - B1 Bit 0 -> UP
  - B2 Bit 1 -> UP
  - B2 Bit 2 -> UP
  - B2 Bit 4 -> UP
  - B2 Bit 6 -> UP
[14:47:07.697] Report: 06 00 00 00 00 00 00 00 | Keys: []
  - B1 Bit 0 -> DOWN
  - B2 Bit 0 -> DOWN
  - B2 Bit 1 -> DOWN
  - B2 Bit 2 -> DOWN
  - B2 Bit 4 -> DOWN
  - B2 Bit 6 -> DOWN
[14:47:08.252] Report: 06 01 57 00 00 00 00 00 | Keys: [K2, K7]
  - B1 Bit 0 -> UP
  - B2 Bit 0 -> UP
  - B2 Bit 1 -> UP
  - B2 Bit 2 -> UP
  - B2 Bit 4 -> UP
  - B2 Bit 6 -> UP
[14:47:08.255] Report: 06 00 00 00 00 00 00 00 | Keys: []
  - B1 Bit 0 -> DOWN
  - B2 Bit 0 -> DOWN
  - B2 Bit 1 -> DOWN
  - B2 Bit 2 -> DOWN
  - B2 Bit 4 -> DOWN
  - B2 Bit 6 -> DOWN
[14:47:08.344] Report: 06 01 57 00 00 00 00 00 | Keys: [K2, K7]
  - B1 Bit 0 -> UP
  - B2 Bit 0 -> UP
  - B2 Bit 1 -> UP
  - B2 Bit 2 -> UP
  - B2 Bit 4 -> UP
  - B2 Bit 6 -> UP
[14:47:08.346] Report: 06 00 00 00 00 00 00 00 | Keys: []
  - B1 Bit 0 -> DOWN
  - B2 Bit 0 -> DOWN
  - B2 Bit 1 -> DOWN
  - B2 Bit 2 -> DOWN
  - B2 Bit 4 -> DOWN
  - B2 Bit 6 -> DOWN
[14:47:08.388] Report: 06 01 57 00 00 00 00 00 | Keys: [K2, K7]
  - B1 Bit 0 -> UP
  - B2 Bit 0 -> UP
  - B2 Bit 1 -> UP
  - B2 Bit 2 -> UP
  - B2 Bit 4 -> UP
  - B2 Bit 6 -> UP
[14:47:08.390] Report: 06 00 00 00 00 00 00 00 | Keys: []
  - B1 Bit 0 -> DOWN
  - B2 Bit 0 -> DOWN
  - B2 Bit 1 -> DOWN
  - B2 Bit 2 -> DOWN
  - B2 Bit 4 -> DOWN
  - B2 Bit 6 -> DOWN
[14:47:08.492] Report: 06 01 57 00 00 00 00 00 | Keys: [K2, K7]
  - B1 Bit 0 -> UP
  - B2 Bit 0 -> UP
  - B2 Bit 1 -> UP
  - B2 Bit 2 -> UP
  - B2 Bit 4 -> UP
  - B2 Bit 6 -> UP
[14:47:08.508] Report: 06 00 00 00 00 00 00 00 | Keys: []
  - B1 Bit 0 -> DOWN
  - B2 Bit 0 -> DOWN
  - B2 Bit 1 -> DOWN
  - B2 Bit 2 -> DOWN
  - B2 Bit 4 -> DOWN
  - B2 Bit 6 -> DOWN
[14:47:08.596] Report: 06 01 57 00 00 00 00 00 | Keys: [K2, K7]
  - B1 Bit 0 -> UP
  - B2 Bit 0 -> UP
  - B2 Bit 1 -> UP
  - B2 Bit 2 -> UP
  - B2 Bit 4 -> UP
  - B2 Bit 6 -> UP
[14:47:08.599] Report: 06 00 00 00 00 00 00 00 | Keys: []
  - B1 Bit 0 -> DOWN
  - B2 Bit 0 -> DOWN
  - B2 Bit 1 -> DOWN
  - B2 Bit 2 -> DOWN
  - B2 Bit 4 -> DOWN
  - B2 Bit 6 -> DOWN
[14:47:08.823] Report: 06 01 57 00 00 00 00 00 | Keys: [K2, K7]
  - B1 Bit 0 -> UP
  - B2 Bit 0 -> UP
  - B2 Bit 1 -> UP
  - B2 Bit 2 -> UP
  - B2 Bit 4 -> UP
  - B2 Bit 6 -> UP
[14:47:08.837] Report: 06 00 00 00 00 00 00 00 | Keys: []
  - B1 Bit 0 -> DOWN
  - B2 Bit 1 -> DOWN
  - B2 Bit 2 -> DOWN
  - B2 Bit 4 -> DOWN
  - B2 Bit 6 -> DOWN
[14:47:09.138] Report: 06 01 56 00 00 00 00 00 | Keys: [K7]
  - B1 Bit 0 -> UP
  - B2 Bit 1 -> UP
  - B2 Bit 2 -> UP
  - B2 Bit 4 -> UP
  - B2 Bit 6 -> UP
[14:47:09.141] Report: 06 00 00 00 00 00 00 00 | Keys: []
  - B1 Bit 0 -> DOWN
  - B2 Bit 1 -> DOWN
  - B2 Bit 2 -> DOWN
  - B2 Bit 4 -> DOWN
  - B2 Bit 6 -> DOWN
[14:47:09.198] Report: 06 01 56 00 00 00 00 00 | Keys: [K7]
  - B1 Bit 0 -> UP
  - B2 Bit 1 -> UP
  - B2 Bit 2 -> UP
  - B2 Bit 4 -> UP
  - B2 Bit 6 -> UP
[14:47:09.202] Report: 06 00 00 00 00 00 00 00 | Keys: []
  - B1 Bit 0 -> DOWN
  - B2 Bit 1 -> DOWN
  - B2 Bit 2 -> DOWN
  - B2 Bit 4 -> DOWN
  - B2 Bit 6 -> DOWN
[14:47:09.242] Report: 06 01 56 00 00 00 00 00 | Keys: [K7]
  - B1 Bit 0 -> UP
  - B2 Bit 1 -> UP
  - B2 Bit 2 -> UP
  - B2 Bit 4 -> UP
  - B2 Bit 6 -> UP
[14:47:09.245] Report: 06 00 00 00 00 00 00 00 | Keys: []
  - B1 Bit 0 -> DOWN
  - B2 Bit 1 -> DOWN
  - B2 Bit 2 -> DOWN
  - B2 Bit 4 -> DOWN
  - B2 Bit 6 -> DOWN
[14:47:09.304] Report: 06 01 56 00 00 00 00 00 | Keys: [K7]
  - B1 Bit 0 -> UP
  - B2 Bit 1 -> UP
  - B2 Bit 2 -> UP
  - B2 Bit 4 -> UP
  - B2 Bit 6 -> UP
[14:47:09.308] Report: 06 00 00 00 00 00 00 00 | Keys: []
  - B1 Bit 0 -> DOWN
  - B2 Bit 1 -> DOWN
  - B2 Bit 2 -> DOWN
  - B2 Bit 4 -> DOWN
  - B2 Bit 6 -> DOWN
[14:47:09.378] Report: 06 01 56 00 00 00 00 00 | Keys: [K7]
  - B1 Bit 0 -> UP
  - B2 Bit 1 -> UP
  - B2 Bit 2 -> UP
  - B2 Bit 4 -> UP
  - B2 Bit 6 -> UP
[14:47:09.380] Report: 06 00 00 00 00 00 00 00 | Keys: []
  - B1 Bit 0 -> DOWN
  - B2 Bit 1 -> DOWN
  - B2 Bit 2 -> DOWN
  - B2 Bit 4 -> DOWN
  - B2 Bit 6 -> DOWN
[14:47:09.452] Report: 06 01 56 00 00 00 00 00 | Keys: [K7]
  - B1 Bit 0 -> UP
  - B2 Bit 1 -> UP
  - B2 Bit 2 -> UP
  - B2 Bit 4 -> UP
  - B2 Bit 6 -> UP
[14:47:09.468] Report: 06 00 00 00 00 00 00 00 | Keys: []
  - B1 Bit 0 -> DOWN
  - B2 Bit 1 -> DOWN
  - B2 Bit 2 -> DOWN
  - B2 Bit 4 -> DOWN
  - B2 Bit 6 -> DOWN
[14:47:09.769] Report: 06 01 56 00 00 00 00 00 | Keys: [K7]
  - B1 Bit 0 -> UP
  - B2 Bit 1 -> UP
  - B2 Bit 2 -> UP
  - B2 Bit 4 -> UP
  - B2 Bit 6 -> UP
[14:47:09.772] Report: 06 00 00 00 00 00 00 00 | Keys: []
  - B1 Bit 0 -> DOWN
  - B2 Bit 0 -> DOWN
  - B2 Bit 1 -> DOWN
  - B2 Bit 2 -> DOWN
  - B2 Bit 4 -> DOWN
  - B2 Bit 6 -> DOWN
[14:47:10.232] Report: 06 01 57 00 00 00 00 00 | Keys: [K2, K7]
  - B1 Bit 0 -> UP
  - B2 Bit 0 -> UP
  - B2 Bit 1 -> UP
  - B2 Bit 2 -> UP
  - B2 Bit 4 -> UP
  - B2 Bit 6 -> UP
[14:47:10.236] Report: 06 00 00 00 00 00 00 00 | Keys: []
  - B1 Bit 0 -> DOWN
  - B2 Bit 0 -> DOWN
  - B2 Bit 1 -> DOWN
  - B2 Bit 2 -> DOWN
  - B2 Bit 4 -> DOWN
  - B2 Bit 6 -> DOWN
[14:47:10.293] Report: 06 01 57 00 00 00 00 00 | Keys: [K2, K7]
  - B1 Bit 0 -> UP
  - B2 Bit 0 -> UP
  - B2 Bit 1 -> UP
  - B2 Bit 2 -> UP
  - B2 Bit 4 -> UP
  - B2 Bit 6 -> UP
[14:47:10.295] Report: 06 00 00 00 00 00 00 00 | Keys: []
  - B1 Bit 0 -> DOWN
  - B2 Bit 0 -> DOWN
  - B2 Bit 1 -> DOWN
  - B2 Bit 2 -> DOWN
  - B2 Bit 4 -> DOWN
  - B2 Bit 6 -> DOWN
[14:47:10.503] Report: 06 01 57 00 00 00 00 00 | Keys: [K2, K7]
  - B1 Bit 0 -> UP
  - B2 Bit 0 -> UP
  - B2 Bit 1 -> UP
  - B2 Bit 2 -> UP
  - B2 Bit 4 -> UP
  - B2 Bit 6 -> UP
[14:47:10.507] Report: 06 00 00 00 00 00 00 00 | Keys: []
  - B1 Bit 0 -> DOWN
  - B2 Bit 0 -> DOWN
  - B2 Bit 1 -> DOWN
  - B2 Bit 2 -> DOWN
  - B2 Bit 4 -> DOWN
  - B2 Bit 6 -> DOWN
[14:47:10.547] Report: 06 01 57 00 00 00 00 00 | Keys: [K2, K7]
  - B1 Bit 0 -> UP
  - B2 Bit 0 -> UP
  - B2 Bit 1 -> UP
  - B2 Bit 2 -> UP
  - B2 Bit 4 -> UP
  - B2 Bit 6 -> UP
[14:47:10.549] Report: 06 00 00 00 00 00 00 00 | Keys: []
  - B1 Bit 0 -> DOWN
  - B2 Bit 0 -> DOWN
  - B2 Bit 1 -> DOWN
  - B2 Bit 2 -> DOWN
  - B2 Bit 4 -> DOWN
  - B2 Bit 6 -> DOWN
[14:47:10.652] Report: 06 01 57 00 00 00 00 00 | Keys: [K2, K7]
  - B1 Bit 0 -> UP
  - B2 Bit 0 -> UP
  - B2 Bit 1 -> UP
  - B2 Bit 2 -> UP
  - B2 Bit 4 -> UP
  - B2 Bit 6 -> UP
[14:47:10.655] Report: 06 00 00 00 00 00 00 00 | Keys: []
  - B1 Bit 0 -> DOWN
  - B2 Bit 0 -> DOWN
  - B2 Bit 1 -> DOWN
  - B2 Bit 2 -> DOWN
  - B2 Bit 4 -> DOWN
  - B2 Bit 6 -> DOWN
[14:47:10.712] Report: 06 01 57 00 00 00 00 00 | Keys: [K2, K7]
  - B1 Bit 0 -> UP
  - B2 Bit 0 -> UP
  - B2 Bit 1 -> UP
  - B2 Bit 2 -> UP
  - B2 Bit 4 -> UP
  - B2 Bit 6 -> UP
[14:47:10.716] Report: 06 00 00 00 00 00 00 00 | Keys: []
  - B1 Bit 0 -> DOWN
  - B2 Bit 0 -> DOWN
  - B2 Bit 1 -> DOWN
  - B2 Bit 2 -> DOWN
  - B2 Bit 4 -> DOWN
  - B2 Bit 6 -> DOWN
[14:47:24.588] Report: 06 01 57 00 00 00 00 00 | Keys: [K2, K7]
  - B1 Bit 0 -> UP
  - B2 Bit 0 -> UP
  - B2 Bit 1 -> UP
  - B2 Bit 2 -> UP
  - B2 Bit 4 -> UP
  - B2 Bit 6 -> UP
[14:47:24.593] Report: 06 00 00 00 00 00 00 00 | Keys: []
  - B1 Bit 0 -> DOWN
  - B2 Bit 0 -> DOWN
  - B2 Bit 1 -> DOWN
  - B2 Bit 2 -> DOWN
  - B2 Bit 4 -> DOWN
  - B2 Bit 6 -> DOWN
[14:47:24.708] Report: 06 01 57 00 00 00 00 00 | Keys: [K2, K7]
  - B1 Bit 0 -> UP
  - B2 Bit 0 -> UP
  - B2 Bit 1 -> UP
  - B2 Bit 2 -> UP
  - B2 Bit 4 -> UP
  - B2 Bit 6 -> UP
[14:47:24.711] Report: 06 00 00 00 00 00 00 00 | Keys: []
  - B1 Bit 0 -> DOWN
  - B2 Bit 1 -> DOWN
  - B2 Bit 2 -> DOWN
  - B2 Bit 4 -> DOWN
  - B2 Bit 6 -> DOWN
[14:47:25.248] Report: 06 01 56 00 00 00 00 00 | Keys: [K7]
  - B1 Bit 0 -> UP
  - B2 Bit 1 -> UP
  - B2 Bit 2 -> UP
  - B2 Bit 4 -> UP
  - B2 Bit 6 -> UP
[14:47:25.252] Report: 06 00 00 00 00 00 00 00 | Keys: []
  - B1 Bit 0 -> DOWN
  - B2 Bit 1 -> DOWN
  - B2 Bit 2 -> DOWN
  - B2 Bit 4 -> DOWN
  - B2 Bit 6 -> DOWN
[14:47:25.398] Report: 06 01 56 00 00 00 00 00 | Keys: [K7]
  - B1 Bit 0 -> UP
  - B2 Bit 1 -> UP
  - B2 Bit 2 -> UP
  - B2 Bit 4 -> UP
  - B2 Bit 6 -> UP
[14:47:25.402] Report: 06 00 00 00 00 00 00 00 | Keys: []
  - B1 Bit 0 -> DOWN
  - B2 Bit 1 -> DOWN
  - B2 Bit 2 -> DOWN
  - B2 Bit 4 -> DOWN
  - B2 Bit 6 -> DOWN
[14:47:25.787] Report: 06 01 56 00 00 00 00 00 | Keys: [K7]
  - B1 Bit 0 -> UP
  - B2 Bit 1 -> UP
  - B2 Bit 2 -> UP
  - B2 Bit 4 -> UP
  - B2 Bit 6 -> UP
[14:47:25.789] Report: 06 00 00 00 00 00 00 00 | Keys: []
  - B1 Bit 0 -> DOWN
  - B2 Bit 0 -> DOWN
  - B2 Bit 1 -> DOWN
  - B2 Bit 2 -> DOWN
  - B2 Bit 4 -> DOWN
  - B2 Bit 6 -> DOWN
[14:47:26.178] Report: 06 01 57 00 00 00 00 00 | Keys: [K2, K7]
  - B1 Bit 0 -> UP
  - B2 Bit 0 -> UP
  - B2 Bit 1 -> UP
  - B2 Bit 2 -> UP
  - B2 Bit 4 -> UP
  - B2 Bit 6 -> UP
[14:47:26.181] Report: 06 00 00 00 00 00 00 00 | Keys: []
  - B1 Bit 0 -> DOWN
  - B2 Bit 0 -> DOWN
  - B2 Bit 1 -> DOWN
  - B2 Bit 2 -> DOWN
  - B2 Bit 4 -> DOWN
  - B2 Bit 6 -> DOWN
[14:47:26.314] Report: 06 01 57 00 00 00 00 00 | Keys: [K2, K7]
  - B1 Bit 0 -> UP
  - B2 Bit 0 -> UP
  - B2 Bit 1 -> UP
  - B2 Bit 2 -> UP
  - B2 Bit 4 -> UP
  - B2 Bit 6 -> UP
[14:47:26.317] Report: 06 00 00 00 00 00 00 00 | Keys: []
  - B1 Bit 0 -> DOWN
  - B2 Bit 0 -> DOWN
  - B2 Bit 1 -> DOWN
  - B2 Bit 2 -> DOWN
  - B2 Bit 4 -> DOWN
  - B2 Bit 6 -> DOWN
[14:47:26.523] Report: 06 01 57 00 00 00 00 00 | Keys: [K2, K7]
  - B1 Bit 0 -> UP
  - B2 Bit 0 -> UP
  - B2 Bit 1 -> UP
  - B2 Bit 2 -> UP
  - B2 Bit 4 -> UP
  - B2 Bit 6 -> UP
[14:47:26.527] Report: 06 00 00 00 00 00 00 00 | Keys: []
  - B1 Bit 0 -> DOWN
  - B2 Bit 1 -> DOWN
  - B2 Bit 2 -> DOWN
  - B2 Bit 4 -> DOWN
  - B2 Bit 6 -> DOWN
[14:47:27.033] Report: 06 01 56 00 00 00 00 00 | Keys: [K7]
  - B1 Bit 0 -> UP
  - B2 Bit 1 -> UP
  - B2 Bit 2 -> UP
  - B2 Bit 4 -> UP
  - B2 Bit 6 -> UP
[14:47:27.035] Report: 06 00 00 00 00 00 00 00 | Keys: []
  - B1 Bit 0 -> DOWN
  - B2 Bit 1 -> DOWN
  - B2 Bit 2 -> DOWN
  - B2 Bit 4 -> DOWN
  - B2 Bit 6 -> DOWN
[14:47:27.152] Report: 06 01 56 00 00 00 00 00 | Keys: [K7]
  - B1 Bit 0 -> UP
  - B2 Bit 1 -> UP
  - B2 Bit 2 -> UP
  - B2 Bit 4 -> UP
  - B2 Bit 6 -> UP
[14:47:27.155] Report: 06 00 00 00 00 00 00 00 | Keys: []
  - B1 Bit 0 -> DOWN
  - B2 Bit 0 -> DOWN
  - B2 Bit 1 -> DOWN
  - B2 Bit 2 -> DOWN
  - B2 Bit 4 -> DOWN
  - B2 Bit 6 -> DOWN
[14:47:46.733] Report: 06 01 57 00 00 00 00 00 | Keys: [K2, K7]
  - B1 Bit 0 -> UP
  - B2 Bit 0 -> UP
  - B2 Bit 1 -> UP
  - B2 Bit 2 -> UP
  - B2 Bit 4 -> UP
  - B2 Bit 6 -> UP
[14:47:46.736] Report: 06 00 00 00 00 00 00 00 | Keys: []
  - B1 Bit 0 -> DOWN
  - B2 Bit 0 -> DOWN
  - B2 Bit 1 -> DOWN
  - B2 Bit 2 -> DOWN
  - B2 Bit 4 -> DOWN
  - B2 Bit 6 -> DOWN
[14:47:47.194] Report: 06 01 57 00 00 00 00 00 | Keys: [K2, K7]
  - B1 Bit 0 -> UP
  - B2 Bit 0 -> UP
  - B2 Bit 1 -> UP
  - B2 Bit 2 -> UP
  - B2 Bit 4 -> UP
  - B2 Bit 6 -> UP
[14:47:47.197] Report: 06 00 00 00 00 00 00 00 | Keys: []
  - B1 Bit 0 -> DOWN
  - B2 Bit 1 -> DOWN
  - B2 Bit 2 -> DOWN
  - B2 Bit 4 -> DOWN
  - B2 Bit 6 -> DOWN
[14:47:48.376] Report: 06 01 56 00 00 00 00 00 | Keys: [K7]
  - B1 Bit 0 -> UP
  - B2 Bit 1 -> UP
  - B2 Bit 2 -> UP
  - B2 Bit 4 -> UP
  - B2 Bit 6 -> UP
[14:47:48.395] Report: 06 00 00 00 00 00 00 00 | Keys: []
  - B1 Bit 0 -> DOWN
  - B2 Bit 1 -> DOWN
  - B2 Bit 2 -> DOWN
  - B2 Bit 4 -> DOWN
  - B2 Bit 6 -> DOWN
[14:47:48.948] Report: 06 01 56 00 00 00 00 00 | Keys: [K7]
  - B1 Bit 0 -> UP
  - B2 Bit 1 -> UP
  - B2 Bit 2 -> UP
  - B2 Bit 4 -> UP
  - B2 Bit 6 -> UP
[14:47:48.952] Report: 06 00 00 00 00 00 00 00 | Keys: []
  - B1 Bit 0 -> DOWN
  - B2 Bit 0 -> DOWN
  - B2 Bit 1 -> DOWN
  - B2 Bit 2 -> DOWN
  - B2 Bit 4 -> DOWN
  - B2 Bit 6 -> DOWN
[14:47:53.089] Report: 06 01 57 00 00 00 00 00 | Keys: [K2, K7]
  - B1 Bit 0 -> UP
  - B2 Bit 0 -> UP
  - B2 Bit 1 -> UP
  - B2 Bit 2 -> UP
  - B2 Bit 4 -> UP
  - B2 Bit 6 -> UP
[14:47:53.095] Report: 06 00 00 00 00 00 00 00 | Keys: []
  - B1 Bit 0 -> DOWN
  - B2 Bit 0 -> DOWN
  - B2 Bit 1 -> DOWN
  - B2 Bit 2 -> DOWN
  - B2 Bit 4 -> DOWN
  - B2 Bit 6 -> DOWN
[14:47:53.433] Report: 06 01 57 00 00 00 00 00 | Keys: [K2, K7]
  - B1 Bit 0 -> UP
  - B2 Bit 0 -> UP
  - B2 Bit 1 -> UP
  - B2 Bit 2 -> UP
  - B2 Bit 4 -> UP
  - B2 Bit 6 -> UP
[14:47:53.438] Report: 06 00 00 00 00 00 00 00 | Keys: []
  - B1 Bit 0 -> DOWN
  - B2 Bit 0 -> DOWN
  - B2 Bit 1 -> DOWN
  - B2 Bit 2 -> DOWN
  - B2 Bit 4 -> DOWN
  - B2 Bit 6 -> DOWN
[14:47:54.019] Report: 06 01 57 00 00 00 00 00 | Keys: [K2, K7]
  - B1 Bit 0 -> UP
  - B2 Bit 0 -> UP
  - B2 Bit 1 -> UP
  - B2 Bit 2 -> UP
  - B2 Bit 4 -> UP
  - B2 Bit 6 -> UP
[14:47:54.023] Report: 06 00 00 00 00 00 00 00 | Keys: []
  - B1 Bit 0 -> DOWN
  - B2 Bit 0 -> DOWN
  - B2 Bit 1 -> DOWN
  - B2 Bit 2 -> DOWN
  - B2 Bit 4 -> DOWN
  - B2 Bit 6 -> DOWN
[14:48:03.125] Report: 06 01 57 00 00 00 00 00 | Keys: [K2, K7]
  - B1 Bit 0 -> UP
  - B2 Bit 0 -> UP
  - B2 Bit 1 -> UP
  - B2 Bit 2 -> UP
  - B2 Bit 4 -> UP
  - B2 Bit 6 -> UP
[14:48:03.128] Report: 06 00 00 00 00 00 00 00 | Keys: []
  - B1 Bit 0 -> DOWN
  - B2 Bit 1 -> DOWN
  - B2 Bit 2 -> DOWN
  - B2 Bit 4 -> DOWN
  - B2 Bit 6 -> DOWN
[14:48:28.683] Report: 06 01 56 00 00 00 00 00 | Keys: [K7]
  - B1 Bit 0 -> UP
  - B2 Bit 1 -> UP
  - B2 Bit 2 -> UP
  - B2 Bit 4 -> UP
  - B2 Bit 6 -> UP
[14:48:28.688] Report: 06 00 00 00 00 00 00 00 | Keys: []
  - B1 Bit 0 -> DOWN
  - B2 Bit 0 -> DOWN
  - B2 Bit 1 -> DOWN
  - B2 Bit 2 -> DOWN
  - B2 Bit 4 -> DOWN
  - B2 Bit 6 -> DOWN
[14:48:47.522] Report: 06 01 57 00 00 00 00 00 | Keys: [K2, K7]
  - B1 Bit 0 -> UP
  - B2 Bit 0 -> UP
  - B2 Bit 1 -> UP
  - B2 Bit 2 -> UP
  - B2 Bit 4 -> UP
  - B2 Bit 6 -> UP
[14:48:47.525] Report: 06 00 00 00 00 00 00 00 | Keys: []
  - B1 Bit 0 -> DOWN
  - B2 Bit 1 -> DOWN
  - B2 Bit 2 -> DOWN
  - B2 Bit 4 -> DOWN
  - B2 Bit 6 -> DOWN
[14:48:47.928] Report: 06 01 56 00 00 00 00 00 | Keys: [K7]
  - B1 Bit 0 -> UP
  - B2 Bit 1 -> UP
  - B2 Bit 2 -> UP
  - B2 Bit 4 -> UP
  - B2 Bit 6 -> UP
[14:48:47.931] Report: 06 00 00 00 00 00 00 00 | Keys: []
  - B1 Bit 0 -> DOWN
  - B2 Bit 1 -> DOWN
  - B2 Bit 2 -> DOWN
  - B2 Bit 4 -> DOWN
  - B2 Bit 6 -> DOWN
[14:48:48.032] Report: 06 01 56 00 00 00 00 00 | Keys: [K7]
  - B1 Bit 0 -> UP
  - B2 Bit 1 -> UP
  - B2 Bit 2 -> UP
  - B2 Bit 4 -> UP
  - B2 Bit 6 -> UP
[14:48:48.034] Report: 06 00 00 00 00 00 00 00 | Keys: []
  - B1 Bit 0 -> DOWN
  - B2 Bit 0 -> DOWN
  - B2 Bit 4 -> DOWN
[14:48:50.521] Report: 06 01 11 00 00 00 00 00 | Keys: [K2]
  - B1 Bit 0 -> UP
  - B2 Bit 0 -> UP
  - B2 Bit 4 -> UP
[14:48:50.612] Report: 06 00 00 00 00 00 00 00 | Keys: []
  - B1 Bit 0 -> DOWN
  - B2 Bit 1 -> DOWN
  - B2 Bit 2 -> DOWN
  - B2 Bit 4 -> DOWN
[14:48:52.052] Report: 06 01 16 00 00 00 00 00 | Keys: [K7]
  - B1 Bit 0 -> UP
  - B2 Bit 1 -> UP
  - B2 Bit 2 -> UP
  - B2 Bit 4 -> UP
[14:48:52.187] Report: 06 00 00 00 00 00 00 00 | Keys: []
  - B1 Bit 0 -> DOWN
  - B2 Bit 0 -> DOWN
  - B2 Bit 4 -> DOWN
  - B3 Bit 1 -> DOWN
  - B3 Bit 2 -> DOWN
  - B3 Bit 4 -> DOWN
[14:48:52.937] Report: 06 01 11 16 00 00 00 00 | Keys: [K2]
  - B1 Bit 0 -> UP
  - B2 Bit 0 -> UP
  - B2 Bit 4 -> UP
  - B3 Bit 1 -> UP
  - B3 Bit 2 -> UP
  - B3 Bit 4 -> UP
[14:48:53.147] Report: 06 00 00 00 00 00 00 00 | Keys: []
  - B1 Bit 0 -> DOWN
  - B2 Bit 0 -> DOWN
  - B2 Bit 4 -> DOWN
[14:48:54.076] Report: 06 01 11 00 00 00 00 00 | Keys: [K2]
  - B3 Bit 1 -> DOWN
  - B3 Bit 2 -> DOWN
  - B3 Bit 4 -> DOWN
[14:48:54.380] Report: 06 01 11 16 00 00 00 00 | Keys: [K2]
  - B3 Bit 1 -> UP
  - B3 Bit 2 -> UP
  - B3 Bit 4 -> UP
[14:48:54.827] Report: 06 01 11 00 00 00 00 00 | Keys: [K2]
  - B1 Bit 0 -> UP
  - B2 Bit 0 -> UP
  - B2 Bit 4 -> UP
[14:48:55.172] Report: 06 00 00 00 00 00 00 00 | Keys: []
  - B1 Bit 0 -> DOWN
  - B2 Bit 1 -> DOWN
  - B2 Bit 2 -> DOWN
  - B2 Bit 4 -> DOWN
[14:48:56.056] Report: 06 01 16 00 00 00 00 00 | Keys: [K7]
  - B2 Bit 0 -> DOWN
  - B2 Bit 1 -> UP
  - B2 Bit 2 -> UP
  - B3 Bit 1 -> DOWN
  - B3 Bit 2 -> DOWN
  - B3 Bit 4 -> DOWN
[14:48:56.402] Report: 06 01 11 16 00 00 00 00 | Keys: [K2]
  - B3 Bit 1 -> UP
  - B3 Bit 2 -> UP
  - B3 Bit 4 -> UP
[14:48:56.957] Report: 06 01 11 00 00 00 00 00 | Keys: [K2]
  - B1 Bit 0 -> UP
  - B2 Bit 0 -> UP
  - B2 Bit 4 -> UP
[14:48:57.408] Report: 06 00 00 00 00 00 00 00 | Keys: []
  - B1 Bit 0 -> DOWN
  - B2 Bit 0 -> DOWN
  - B2 Bit 4 -> DOWN
[14:48:59.810] Report: 06 01 11 00 00 00 00 00 | Keys: [K2]
  - B1 Bit 2 -> DOWN
[14:49:00.197] Report: 06 05 11 00 00 00 00 00 | Keys: [K2, K6]
  - B1 Bit 2 -> UP
[14:49:00.751] Report: 06 01 11 00 00 00 00 00 | Keys: [K2]
  - B3 Bit 1 -> DOWN
  - B3 Bit 2 -> DOWN
  - B3 Bit 3 -> DOWN
  - B3 Bit 4 -> DOWN
  - B3 Bit 5 -> DOWN
[14:49:01.307] Report: 06 01 11 3E 00 00 00 00 | Keys: [K2]
  - B3 Bit 1 -> UP
  - B3 Bit 2 -> UP
  - B3 Bit 3 -> UP
  - B3 Bit 4 -> UP
  - B3 Bit 5 -> UP
[14:49:01.696] Report: 06 01 11 00 00 00 00 00 | Keys: [K2]
  - B1 Bit 0 -> UP
  - B2 Bit 0 -> UP
  - B2 Bit 4 -> UP
[14:49:01.802] Report: 06 00 00 00 00 00 00 00 | Keys: []
  - B1 Bit 0 -> DOWN
[14:49:02.252] Report: 06 01 00 00 00 00 00 00 | Keys: [K5]
  - B1 Bit 1 -> DOWN
[14:49:02.747] Report: 06 03 00 00 00 00 00 00 | Keys: [K4, K5]
  - B1 Bit 1 -> UP
[14:49:03.197] Report: 06 01 00 00 00 00 00 00 | Keys: [K5]
  - B1 Bit 2 -> DOWN
[14:49:03.452] Report: 06 05 00 00 00 00 00 00 | Keys: [K5, K6]
  - B1 Bit 0 -> UP
[14:49:03.947] Report: 06 04 00 00 00 00 00 00 | Keys: [K6]
  - B1 Bit 2 -> UP
[14:49:04.352] Report: 06 00 00 00 00 00 00 00 | Keys: []
  - B1 Bit 2 -> DOWN
[14:49:04.982] Report: 06 04 00 00 00 00 00 00 | Keys: [K6]
  - B1 Bit 0 -> DOWN
  - B2 Bit 1 -> DOWN
  - B2 Bit 2 -> DOWN
  - B2 Bit 4 -> DOWN
[14:49:05.387] Report: 06 05 16 00 00 00 00 00 | Keys: [K6, K7]
  - B1 Bit 0 -> UP
  - B2 Bit 1 -> UP
  - B2 Bit 2 -> UP
  - B2 Bit 4 -> UP
[14:49:05.687] Report: 06 04 00 00 00 00 00 00 | Keys: [K6]
  - B1 Bit 2 -> UP
[14:49:05.731] Report: 06 00 00 00 00 00 00 00 | Keys: []
  - B1 Bit 0 -> DOWN
[14:49:06.512] Report: 06 01 00 00 00 00 00 00 | Keys: [K5]
  - B2 Bit 1 -> DOWN
  - B2 Bit 2 -> DOWN
  - B2 Bit 4 -> DOWN
[14:49:06.765] Report: 06 01 16 00 00 00 00 00 | Keys: [K7]
  - B1 Bit 0 -> UP
  - B2 Bit 1 -> UP
  - B2 Bit 2 -> UP
  - B2 Bit 4 -> UP
[14:49:07.156] Report: 06 00 00 00 00 00 00 00 | Keys: []
  - B1 Bit 0 -> DOWN
[14:49:07.683] Report: 06 01 00 00 00 00 00 00 | Keys: [K5]
  - B2 Bit 1 -> DOWN
  - B2 Bit 2 -> DOWN
  - B2 Bit 4 -> DOWN
[14:49:08.282] Report: 06 01 16 00 00 00 00 00 | Keys: [K7]
  - B1 Bit 0 -> UP
  - B2 Bit 1 -> UP
  - B2 Bit 2 -> UP
  - B2 Bit 4 -> UP
[14:49:08.625] Report: 06 00 00 00 00 00 00 00 | Keys: []
  - B1 Bit 1 -> DOWN
[14:49:08.972] Report: 06 02 00 00 00 00 00 00 | Keys: [K4]
  - B1 Bit 0 -> DOWN
  - B2 Bit 1 -> DOWN
  - B2 Bit 2 -> DOWN
  - B2 Bit 4 -> DOWN
[14:49:09.316] Report: 06 03 16 00 00 00 00 00 | Keys: [K4, K7]
  - B1 Bit 0 -> UP
  - B2 Bit 1 -> UP
  - B2 Bit 2 -> UP
  - B2 Bit 4 -> UP
[14:49:09.572] Report: 06 02 00 00 00 00 00 00 | Keys: [K4]
  - B1 Bit 1 -> UP
[14:49:09.621] Report: 06 00 00 00 00 00 00 00 | Keys: []
  - B1 Bit 0 -> UP
  - B1 Bit 1 -> UP
  - B2 Bit 0 -> UP
  - B2 Bit 2 -> UP
  - B2 Bit 3 -> UP
  - B2 Bit 4 -> UP
[14:51:55.169] Report: 06 00 00 00 00 00 00 00 | Keys: []
  - B1 Bit 0 -> DOWN
  - B2 Bit 0 -> DOWN
  - B2 Bit 1 -> DOWN
  - B2 Bit 2 -> DOWN
  - B2 Bit 4 -> DOWN
  - B2 Bit 6 -> DOWN
[14:51:57.662] Report: 06 01 57 00 00 00 00 00 | Keys: []
  - B1 Bit 0 -> UP
  - B2 Bit 0 -> UP
  - B2 Bit 1 -> UP
  - B2 Bit 2 -> UP
  - B2 Bit 4 -> UP
  - B2 Bit 6 -> UP
[14:51:57.664] Report: 06 00 00 00 00 00 00 00 | Keys: []
  - B1 Bit 0 -> DOWN
  - B2 Bit 1 -> DOWN
  - B2 Bit 2 -> DOWN
  - B2 Bit 4 -> DOWN
  - B2 Bit 6 -> DOWN
[14:51:58.604] Report: 06 01 56 00 00 00 00 00 | Keys: []
  - B1 Bit 0 -> UP
  - B2 Bit 1 -> UP
  - B2 Bit 2 -> UP
  - B2 Bit 4 -> UP
  - B2 Bit 6 -> UP
[14:51:58.619] Report: 06 00 00 00 00 00 00 00 | Keys: []
  - B1 Bit 0 -> DOWN
  - B2 Bit 1 -> DOWN
  - B2 Bit 2 -> DOWN
  - B2 Bit 4 -> DOWN
  - B2 Bit 6 -> DOWN
[14:51:59.460] Report: 06 01 56 00 00 00 00 00 | Keys: []
  - B1 Bit 0 -> UP
  - B2 Bit 1 -> UP
  - B2 Bit 2 -> UP
  - B2 Bit 4 -> UP
  - B2 Bit 6 -> UP
[14:51:59.464] Report: 06 00 00 00 00 00 00 00 | Keys: []
  - B1 Bit 0 -> DOWN
  - B2 Bit 0 -> DOWN
  - B2 Bit 1 -> DOWN
  - B2 Bit 2 -> DOWN
  - B2 Bit 4 -> DOWN
  - B2 Bit 6 -> DOWN
[14:52:00.000] Report: 06 01 57 00 00 00 00 00 | Keys: []
  - B1 Bit 0 -> UP
  - B2 Bit 0 -> UP
  - B2 Bit 1 -> UP
  - B2 Bit 2 -> UP
  - B2 Bit 4 -> UP
  - B2 Bit 6 -> UP
[14:52:00.006] Report: 06 00 00 00 00 00 00 00 | Keys: []
  - B1 Bit 0 -> DOWN
  - B2 Bit 0 -> DOWN
  - B2 Bit 1 -> DOWN
  - B2 Bit 2 -> DOWN
  - B2 Bit 4 -> DOWN
  - B2 Bit 6 -> DOWN
[14:52:00.213] Report: 06 01 57 00 00 00 00 00 | Keys: []
  - B1 Bit 0 -> UP
  - B2 Bit 0 -> UP
  - B2 Bit 1 -> UP
  - B2 Bit 2 -> UP
  - B2 Bit 4 -> UP
  - B2 Bit 6 -> UP
[14:52:00.217] Report: 06 00 00 00 00 00 00 00 | Keys: []
  - B1 Bit 0 -> DOWN
  - B2 Bit 0 -> DOWN
  - B2 Bit 1 -> DOWN
  - B2 Bit 2 -> DOWN
  - B2 Bit 4 -> DOWN
  - B2 Bit 6 -> DOWN
[14:52:00.479] Report: 06 01 57 00 00 00 00 00 | Keys: []
  - B1 Bit 0 -> UP
  - B2 Bit 0 -> UP
  - B2 Bit 1 -> UP
  - B2 Bit 2 -> UP
  - B2 Bit 4 -> UP
  - B2 Bit 6 -> UP
[14:52:00.482] Report: 06 00 00 00 00 00 00 00 | Keys: []
  - B1 Bit 0 -> DOWN
  - B2 Bit 0 -> DOWN
  - B2 Bit 1 -> DOWN
  - B2 Bit 2 -> DOWN
  - B2 Bit 4 -> DOWN
  - B2 Bit 6 -> DOWN
[14:52:00.674] Report: 06 01 57 00 00 00 00 00 | Keys: []
  - B1 Bit 0 -> UP
  - B2 Bit 0 -> UP
  - B2 Bit 1 -> UP
  - B2 Bit 2 -> UP
  - B2 Bit 4 -> UP
  - B2 Bit 6 -> UP
[14:52:00.676] Report: 06 00 00 00 00 00 00 00 | Keys: []
  - B1 Bit 0 -> DOWN
  - B2 Bit 1 -> DOWN
  - B2 Bit 2 -> DOWN
  - B2 Bit 4 -> DOWN
  - B2 Bit 6 -> DOWN
[14:52:01.186] Report: 06 01 56 00 00 00 00 00 | Keys: []
  - B1 Bit 0 -> UP
  - B2 Bit 1 -> UP
  - B2 Bit 2 -> UP
  - B2 Bit 4 -> UP
  - B2 Bit 6 -> UP
[14:52:01.189] Report: 06 00 00 00 00 00 00 00 | Keys: []
  - B1 Bit 0 -> DOWN
  - B2 Bit 1 -> DOWN
  - B2 Bit 2 -> DOWN
  - B2 Bit 4 -> DOWN
  - B2 Bit 6 -> DOWN
[14:52:01.335] Report: 06 01 56 00 00 00 00 00 | Keys: []
  - B1 Bit 0 -> UP
  - B2 Bit 1 -> UP
  - B2 Bit 2 -> UP
  - B2 Bit 4 -> UP
  - B2 Bit 6 -> UP
[14:52:01.338] Report: 06 00 00 00 00 00 00 00 | Keys: []
  - B1 Bit 0 -> DOWN
  - B2 Bit 1 -> DOWN
  - B2 Bit 2 -> DOWN
  - B2 Bit 4 -> DOWN
  - B2 Bit 6 -> DOWN
[14:52:01.532] Report: 06 01 56 00 00 00 00 00 | Keys: []
  - B1 Bit 0 -> UP
  - B2 Bit 1 -> UP
  - B2 Bit 2 -> UP
  - B2 Bit 4 -> UP
  - B2 Bit 6 -> UP
[14:52:01.534] Report: 06 00 00 00 00 00 00 00 | Keys: []
  - B1 Bit 0 -> DOWN
  - B2 Bit 1 -> DOWN
  - B2 Bit 2 -> DOWN
  - B2 Bit 4 -> DOWN
  - B2 Bit 6 -> DOWN
[14:52:01.800] Report: 06 01 56 00 00 00 00 00 | Keys: []
  - B1 Bit 0 -> UP
  - B2 Bit 1 -> UP
  - B2 Bit 2 -> UP
  - B2 Bit 4 -> UP
  - B2 Bit 6 -> UP
[14:52:01.806] Report: 06 00 00 00 00 00 00 00 | Keys: []
  - B1 Bit 0 -> DOWN
  - B2 Bit 0 -> DOWN
  - B2 Bit 1 -> DOWN
  - B2 Bit 2 -> DOWN
  - B2 Bit 4 -> DOWN
  - B2 Bit 6 -> DOWN
[14:52:03.284] Report: 06 01 57 00 00 00 00 00 | Keys: []
  - B1 Bit 0 -> UP
  - B2 Bit 0 -> UP
  - B2 Bit 1 -> UP
  - B2 Bit 2 -> UP
  - B2 Bit 4 -> UP
  - B2 Bit 6 -> UP
[14:52:03.287] Report: 06 00 00 00 00 00 00 00 | Keys: []
  - B1 Bit 0 -> DOWN
  - B2 Bit 1 -> DOWN
  - B2 Bit 2 -> DOWN
  - B2 Bit 4 -> DOWN
  - B2 Bit 6 -> DOWN
[14:52:03.946] Report: 06 01 56 00 00 00 00 00 | Keys: []
  - B1 Bit 0 -> UP
  - B2 Bit 1 -> UP
  - B2 Bit 2 -> UP
  - B2 Bit 4 -> UP
  - B2 Bit 6 -> UP
[14:52:03.949] Report: 06 00 00 00 00 00 00 00 | Keys: []
  - B1 Bit 0 -> DOWN
  - B2 Bit 0 -> DOWN
  - B2 Bit 1 -> DOWN
  - B2 Bit 2 -> DOWN
  - B2 Bit 4 -> DOWN
  - B2 Bit 6 -> DOWN
[14:52:04.605] Report: 06 01 57 00 00 00 00 00 | Keys: []
  - B1 Bit 0 -> UP
  - B2 Bit 0 -> UP
  - B2 Bit 1 -> UP
  - B2 Bit 2 -> UP
  - B2 Bit 4 -> UP
  - B2 Bit 6 -> UP
[14:52:04.619] Report: 06 00 00 00 00 00 00 00 | Keys: []
  - B1 Bit 0 -> DOWN
  - B2 Bit 0 -> DOWN
  - B2 Bit 1 -> DOWN
  - B2 Bit 2 -> DOWN
  - B2 Bit 4 -> DOWN
  - B2 Bit 6 -> DOWN
[14:52:05.085] Report: 06 01 57 00 00 00 00 00 | Keys: []
  - B1 Bit 0 -> UP
  - B2 Bit 0 -> UP
  - B2 Bit 1 -> UP
  - B2 Bit 2 -> UP
  - B2 Bit 4 -> UP
  - B2 Bit 6 -> UP
[14:52:05.088] Report: 06 00 00 00 00 00 00 00 | Keys: []
  - B1 Bit 0 -> DOWN
  - B2 Bit 0 -> DOWN
  - B2 Bit 1 -> DOWN
  - B2 Bit 2 -> DOWN
  - B2 Bit 4 -> DOWN
  - B2 Bit 6 -> DOWN
[14:52:05.385] Report: 06 01 57 00 00 00 00 00 | Keys: []
  - B1 Bit 0 -> UP
  - B2 Bit 0 -> UP
  - B2 Bit 1 -> UP
  - B2 Bit 2 -> UP
  - B2 Bit 4 -> UP
  - B2 Bit 6 -> UP
[14:52:05.389] Report: 06 00 00 00 00 00 00 00 | Keys: []
  - B1 Bit 0 -> DOWN
  - B2 Bit 0 -> DOWN
  - B2 Bit 1 -> DOWN
  - B2 Bit 2 -> DOWN
  - B2 Bit 4 -> DOWN
  - B2 Bit 6 -> DOWN
[14:52:05.775] Report: 06 01 57 00 00 00 00 00 | Keys: []
  - B1 Bit 0 -> UP
  - B2 Bit 0 -> UP
  - B2 Bit 1 -> UP
  - B2 Bit 2 -> UP
  - B2 Bit 4 -> UP
  - B2 Bit 6 -> UP
[14:52:05.790] Report: 06 00 00 00 00 00 00 00 | Keys: []
  - B1 Bit 0 -> DOWN
  - B2 Bit 0 -> DOWN
  - B2 Bit 1 -> DOWN
  - B2 Bit 2 -> DOWN
  - B2 Bit 4 -> DOWN
  - B2 Bit 6 -> DOWN
[14:52:06.090] Report: 06 01 57 00 00 00 00 00 | Keys: []
  - B1 Bit 0 -> UP
  - B2 Bit 0 -> UP
  - B2 Bit 1 -> UP
  - B2 Bit 2 -> UP
  - B2 Bit 4 -> UP
  - B2 Bit 6 -> UP
[14:52:06.094] Report: 06 00 00 00 00 00 00 00 | Keys: []
  - B1 Bit 0 -> DOWN
  - B2 Bit 0 -> DOWN
  - B2 Bit 1 -> DOWN
  - B2 Bit 2 -> DOWN
  - B2 Bit 4 -> DOWN
  - B2 Bit 6 -> DOWN
[14:52:06.436] Report: 06 01 57 00 00 00 00 00 | Keys: []
  - B1 Bit 0 -> UP
  - B2 Bit 0 -> UP
  - B2 Bit 1 -> UP
  - B2 Bit 2 -> UP
  - B2 Bit 4 -> UP
  - B2 Bit 6 -> UP
[14:52:06.441] Report: 06 00 00 00 00 00 00 00 | Keys: []
  - B1 Bit 0 -> DOWN
  - B2 Bit 0 -> DOWN
  - B2 Bit 1 -> DOWN
  - B2 Bit 2 -> DOWN
  - B2 Bit 4 -> DOWN
  - B2 Bit 6 -> DOWN
[14:52:06.690] Report: 06 01 57 00 00 00 00 00 | Keys: []
  - B1 Bit 0 -> UP
  - B2 Bit 0 -> UP
  - B2 Bit 1 -> UP
  - B2 Bit 2 -> UP
  - B2 Bit 4 -> UP
  - B2 Bit 6 -> UP
[14:52:06.693] Report: 06 00 00 00 00 00 00 00 | Keys: []
  - B1 Bit 0 -> DOWN
  - B2 Bit 0 -> DOWN
  - B2 Bit 1 -> DOWN
  - B2 Bit 2 -> DOWN
  - B2 Bit 4 -> DOWN
  - B2 Bit 6 -> DOWN
[14:52:07.064] Report: 06 01 57 00 00 00 00 00 | Keys: []
  - B1 Bit 0 -> UP
  - B2 Bit 0 -> UP
  - B2 Bit 1 -> UP
  - B2 Bit 2 -> UP
  - B2 Bit 4 -> UP
  - B2 Bit 6 -> UP
[14:52:07.067] Report: 06 00 00 00 00 00 00 00 | Keys: []
  - B1 Bit 0 -> DOWN
  - B2 Bit 0 -> DOWN
  - B2 Bit 1 -> DOWN
  - B2 Bit 2 -> DOWN
  - B2 Bit 4 -> DOWN
  - B2 Bit 6 -> DOWN
[14:52:08.158] Report: 06 01 57 00 00 00 00 00 | Keys: []
  - B1 Bit 0 -> UP
  - B2 Bit 0 -> UP
  - B2 Bit 1 -> UP
  - B2 Bit 2 -> UP
  - B2 Bit 4 -> UP
  - B2 Bit 6 -> UP
[14:52:08.174] Report: 06 00 00 00 00 00 00 00 | Keys: []
  - B1 Bit 0 -> DOWN
  - B2 Bit 0 -> DOWN
  - B2 Bit 1 -> DOWN
  - B2 Bit 2 -> DOWN
  - B2 Bit 4 -> DOWN
  - B2 Bit 6 -> DOWN
[14:52:08.325] Report: 06 01 57 00 00 00 00 00 | Keys: []
  - B1 Bit 0 -> UP
  - B2 Bit 0 -> UP
  - B2 Bit 1 -> UP
  - B2 Bit 2 -> UP
  - B2 Bit 4 -> UP
  - B2 Bit 6 -> UP
[14:52:08.328] Report: 06 00 00 00 00 00 00 00 | Keys: []
  - B1 Bit 0 -> DOWN
  - B2 Bit 0 -> DOWN
  - B2 Bit 1 -> DOWN
  - B2 Bit 2 -> DOWN
  - B2 Bit 4 -> DOWN
  - B2 Bit 6 -> DOWN
[14:52:08.415] Report: 06 01 57 00 00 00 00 00 | Keys: []
  - B1 Bit 0 -> UP
  - B2 Bit 0 -> UP
  - B2 Bit 1 -> UP
  - B2 Bit 2 -> UP
  - B2 Bit 4 -> UP
  - B2 Bit 6 -> UP
[14:52:08.416] Report: 06 00 00 00 00 00 00 00 | Keys: []
  - B1 Bit 0 -> DOWN
  - B2 Bit 0 -> DOWN
  - B2 Bit 1 -> DOWN
  - B2 Bit 2 -> DOWN
  - B2 Bit 4 -> DOWN
  - B2 Bit 6 -> DOWN
[14:52:08.489] Report: 06 01 57 00 00 00 00 00 | Keys: []
  - B1 Bit 0 -> UP
  - B2 Bit 0 -> UP
  - B2 Bit 1 -> UP
  - B2 Bit 2 -> UP
  - B2 Bit 4 -> UP
  - B2 Bit 6 -> UP
[14:52:08.491] Report: 06 00 00 00 00 00 00 00 | Keys: []
  - B1 Bit 0 -> DOWN
  - B2 Bit 0 -> DOWN
  - B2 Bit 1 -> DOWN
  - B2 Bit 2 -> DOWN
  - B2 Bit 4 -> DOWN
  - B2 Bit 6 -> DOWN
[14:52:08.534] Report: 06 01 57 00 00 00 00 00 | Keys: []
  - B1 Bit 0 -> UP
  - B2 Bit 0 -> UP
  - B2 Bit 1 -> UP
  - B2 Bit 2 -> UP
  - B2 Bit 4 -> UP
  - B2 Bit 6 -> UP
[14:52:08.537] Report: 06 00 00 00 00 00 00 00 | Keys: []
  - B1 Bit 0 -> DOWN
  - B2 Bit 0 -> DOWN
  - B2 Bit 1 -> DOWN
  - B2 Bit 2 -> DOWN
  - B2 Bit 4 -> DOWN
  - B2 Bit 6 -> DOWN
[14:52:08.610] Report: 06 01 57 00 00 00 00 00 | Keys: []
  - B1 Bit 0 -> UP
  - B2 Bit 0 -> UP
  - B2 Bit 1 -> UP
  - B2 Bit 2 -> UP
  - B2 Bit 4 -> UP
  - B2 Bit 6 -> UP
[14:52:08.612] Report: 06 00 00 00 00 00 00 00 | Keys: []
  - B1 Bit 0 -> DOWN
  - B2 Bit 0 -> DOWN
  - B2 Bit 1 -> DOWN
  - B2 Bit 2 -> DOWN
  - B2 Bit 4 -> DOWN
  - B2 Bit 6 -> DOWN
[14:52:08.640] Report: 06 01 57 00 00 00 00 00 | Keys: []
  - B1 Bit 0 -> UP
  - B2 Bit 0 -> UP
  - B2 Bit 1 -> UP
  - B2 Bit 2 -> UP
  - B2 Bit 4 -> UP
  - B2 Bit 6 -> UP
[14:52:08.643] Report: 06 00 00 00 00 00 00 00 | Keys: []
  - B1 Bit 0 -> DOWN
  - B2 Bit 0 -> DOWN
  - B2 Bit 1 -> DOWN
  - B2 Bit 2 -> DOWN
  - B2 Bit 4 -> DOWN
  - B2 Bit 6 -> DOWN
[14:52:08.699] Report: 06 01 57 00 00 00 00 00 | Keys: []
  - B1 Bit 0 -> UP
  - B2 Bit 0 -> UP
  - B2 Bit 1 -> UP
  - B2 Bit 2 -> UP
  - B2 Bit 4 -> UP
  - B2 Bit 6 -> UP
[14:52:08.702] Report: 06 00 00 00 00 00 00 00 | Keys: []
  - B1 Bit 0 -> DOWN
  - B2 Bit 1 -> DOWN
  - B2 Bit 2 -> DOWN
  - B2 Bit 4 -> DOWN
  - B2 Bit 6 -> DOWN
[14:52:09.015] Report: 06 01 56 00 00 00 00 00 | Keys: []
  - B1 Bit 0 -> UP
  - B2 Bit 1 -> UP
  - B2 Bit 2 -> UP
  - B2 Bit 4 -> UP
  - B2 Bit 6 -> UP
[14:52:09.019] Report: 06 00 00 00 00 00 00 00 | Keys: []
  - B1 Bit 0 -> DOWN
  - B2 Bit 1 -> DOWN
  - B2 Bit 2 -> DOWN
  - B2 Bit 4 -> DOWN
  - B2 Bit 6 -> DOWN
[14:52:09.075] Report: 06 01 56 00 00 00 00 00 | Keys: []
  - B1 Bit 0 -> UP
  - B2 Bit 1 -> UP
  - B2 Bit 2 -> UP
  - B2 Bit 4 -> UP
  - B2 Bit 6 -> UP
[14:52:09.090] Report: 06 00 00 00 00 00 00 00 | Keys: []
  - B1 Bit 0 -> DOWN
  - B2 Bit 1 -> DOWN
  - B2 Bit 2 -> DOWN
  - B2 Bit 4 -> DOWN
  - B2 Bit 6 -> DOWN
[14:52:09.119] Report: 06 01 56 00 00 00 00 00 | Keys: []
  - B1 Bit 0 -> UP
  - B2 Bit 1 -> UP
  - B2 Bit 2 -> UP
  - B2 Bit 4 -> UP
  - B2 Bit 6 -> UP
[14:52:09.134] Report: 06 00 00 00 00 00 00 00 | Keys: []
  - B1 Bit 0 -> DOWN
  - B2 Bit 1 -> DOWN
  - B2 Bit 2 -> DOWN
  - B2 Bit 4 -> DOWN
  - B2 Bit 6 -> DOWN
[14:52:09.195] Report: 06 01 56 00 00 00 00 00 | Keys: []
  - B1 Bit 0 -> UP
  - B2 Bit 1 -> UP
  - B2 Bit 2 -> UP
  - B2 Bit 4 -> UP
  - B2 Bit 6 -> UP
[14:52:09.198] Report: 06 00 00 00 00 00 00 00 | Keys: []
  - B1 Bit 0 -> DOWN
  - B2 Bit 1 -> DOWN
  - B2 Bit 2 -> DOWN
  - B2 Bit 4 -> DOWN
  - B2 Bit 6 -> DOWN
[14:52:09.225] Report: 06 01 56 00 00 00 00 00 | Keys: []
  - B1 Bit 0 -> UP
  - B2 Bit 1 -> UP
  - B2 Bit 2 -> UP
  - B2 Bit 4 -> UP
  - B2 Bit 6 -> UP
[14:52:09.229] Report: 06 00 00 00 00 00 00 00 | Keys: []
  - B1 Bit 0 -> DOWN
  - B2 Bit 1 -> DOWN
  - B2 Bit 2 -> DOWN
  - B2 Bit 4 -> DOWN
  - B2 Bit 6 -> DOWN
[14:52:09.285] Report: 06 01 56 00 00 00 00 00 | Keys: []
  - B1 Bit 0 -> UP
  - B2 Bit 1 -> UP
  - B2 Bit 2 -> UP
  - B2 Bit 4 -> UP
  - B2 Bit 6 -> UP
[14:52:09.288] Report: 06 00 00 00 00 00 00 00 | Keys: []
  - B1 Bit 0 -> DOWN
  - B2 Bit 1 -> DOWN
  - B2 Bit 2 -> DOWN
  - B2 Bit 4 -> DOWN
  - B2 Bit 6 -> DOWN
[14:52:09.330] Report: 06 01 56 00 00 00 00 00 | Keys: []
  - B1 Bit 0 -> UP
  - B2 Bit 1 -> UP
  - B2 Bit 2 -> UP
  - B2 Bit 4 -> UP
  - B2 Bit 6 -> UP
[14:52:09.334] Report: 06 00 00 00 00 00 00 00 | Keys: []
  - B1 Bit 0 -> DOWN
  - B2 Bit 1 -> DOWN
  - B2 Bit 2 -> DOWN
  - B2 Bit 4 -> DOWN
  - B2 Bit 6 -> DOWN
[14:52:09.390] Report: 06 01 56 00 00 00 00 00 | Keys: []
  - B1 Bit 0 -> UP
  - B2 Bit 1 -> UP
  - B2 Bit 2 -> UP
  - B2 Bit 4 -> UP
  - B2 Bit 6 -> UP
[14:52:09.392] Report: 06 00 00 00 00 00 00 00 | Keys: []
  - B1 Bit 0 -> DOWN
  - B2 Bit 1 -> DOWN
  - B2 Bit 2 -> DOWN
  - B2 Bit 4 -> DOWN
  - B2 Bit 6 -> DOWN
[14:52:09.419] Report: 06 01 56 00 00 00 00 00 | Keys: []
  - B1 Bit 0 -> UP
  - B2 Bit 1 -> UP
  - B2 Bit 2 -> UP
  - B2 Bit 4 -> UP
  - B2 Bit 6 -> UP
[14:52:09.425] Report: 06 00 00 00 00 00 00 00 | Keys: []
  - B1 Bit 0 -> DOWN
  - B2 Bit 1 -> DOWN
  - B2 Bit 2 -> DOWN
  - B2 Bit 4 -> DOWN
  - B2 Bit 6 -> DOWN
[14:52:09.450] Report: 06 01 56 00 00 00 00 00 | Keys: []
  - B1 Bit 0 -> UP
  - B2 Bit 1 -> UP
  - B2 Bit 2 -> UP
  - B2 Bit 4 -> UP
  - B2 Bit 6 -> UP
[14:52:09.453] Report: 06 00 00 00 00 00 00 00 | Keys: []
  - B1 Bit 0 -> DOWN
  - B2 Bit 1 -> DOWN
  - B2 Bit 2 -> DOWN
  - B2 Bit 4 -> DOWN
  - B2 Bit 6 -> DOWN
[14:52:09.495] Report: 06 01 56 00 00 00 00 00 | Keys: []
  - B1 Bit 0 -> UP
  - B2 Bit 1 -> UP
  - B2 Bit 2 -> UP
  - B2 Bit 4 -> UP
  - B2 Bit 6 -> UP
[14:52:09.499] Report: 06 00 00 00 00 00 00 00 | Keys: []
  - B1 Bit 0 -> DOWN
  - B2 Bit 1 -> DOWN
  - B2 Bit 2 -> DOWN
  - B2 Bit 4 -> DOWN
  - B2 Bit 6 -> DOWN
[14:52:09.554] Report: 06 01 56 00 00 00 00 00 | Keys: []
  - B1 Bit 0 -> UP
  - B2 Bit 1 -> UP
  - B2 Bit 2 -> UP
  - B2 Bit 4 -> UP
  - B2 Bit 6 -> UP
[14:52:09.558] Report: 06 00 00 00 00 00 00 00 | Keys: []
  - B1 Bit 0 -> DOWN
  - B2 Bit 1 -> DOWN
  - B2 Bit 2 -> DOWN
  - B2 Bit 4 -> DOWN
  - B2 Bit 6 -> DOWN
[14:52:09.584] Report: 06 01 56 00 00 00 00 00 | Keys: []
  - B1 Bit 0 -> UP
  - B2 Bit 1 -> UP
  - B2 Bit 2 -> UP
  - B2 Bit 4 -> UP
  - B2 Bit 6 -> UP
[14:52:09.587] Report: 06 00 00 00 00 00 00 00 | Keys: []
  - B1 Bit 0 -> DOWN
  - B2 Bit 1 -> DOWN
  - B2 Bit 2 -> DOWN
  - B2 Bit 4 -> DOWN
  - B2 Bit 6 -> DOWN
[14:52:09.614] Report: 06 01 56 00 00 00 00 00 | Keys: []
  - B1 Bit 0 -> UP
  - B2 Bit 1 -> UP
  - B2 Bit 2 -> UP
  - B2 Bit 4 -> UP
  - B2 Bit 6 -> UP
[14:52:09.629] Report: 06 00 00 00 00 00 00 00 | Keys: []
  - B1 Bit 0 -> DOWN
  - B2 Bit 1 -> DOWN
  - B2 Bit 2 -> DOWN
  - B2 Bit 4 -> DOWN
  - B2 Bit 6 -> DOWN
[14:52:09.645] Report: 06 01 56 00 00 00 00 00 | Keys: []
  - B1 Bit 0 -> UP
  - B2 Bit 1 -> UP
  - B2 Bit 2 -> UP
  - B2 Bit 4 -> UP
  - B2 Bit 6 -> UP
[14:52:09.648] Report: 06 00 00 00 00 00 00 00 | Keys: []
  - B1 Bit 0 -> DOWN
  - B2 Bit 1 -> DOWN
  - B2 Bit 2 -> DOWN
  - B2 Bit 4 -> DOWN
  - B2 Bit 6 -> DOWN
[14:52:09.689] Report: 06 01 56 00 00 00 00 00 | Keys: []
  - B1 Bit 0 -> UP
  - B2 Bit 1 -> UP
  - B2 Bit 2 -> UP
  - B2 Bit 4 -> UP
  - B2 Bit 6 -> UP
[14:52:09.692] Report: 06 00 00 00 00 00 00 00 | Keys: []
  - B1 Bit 0 -> DOWN
  - B2 Bit 1 -> DOWN
  - B2 Bit 2 -> DOWN
  - B2 Bit 4 -> DOWN
  - B2 Bit 6 -> DOWN
[14:52:09.734] Report: 06 01 56 00 00 00 00 00 | Keys: []
  - B1 Bit 0 -> UP
  - B2 Bit 1 -> UP
  - B2 Bit 2 -> UP
  - B2 Bit 4 -> UP
  - B2 Bit 6 -> UP
[14:52:09.751] Report: 06 00 00 00 00 00 00 00 | Keys: []
  - B1 Bit 0 -> DOWN
  - B2 Bit 0 -> DOWN
  - B2 Bit 1 -> DOWN
  - B2 Bit 2 -> DOWN
  - B2 Bit 4 -> DOWN
  - B2 Bit 6 -> DOWN
[14:52:09.990] Report: 06 01 57 00 00 00 00 00 | Keys: []
  - B1 Bit 0 -> UP
  - B2 Bit 0 -> UP
  - B2 Bit 1 -> UP
  - B2 Bit 2 -> UP
  - B2 Bit 4 -> UP
  - B2 Bit 6 -> UP
[14:52:09.993] Report: 06 00 00 00 00 00 00 00 | Keys: []
  - B1 Bit 0 -> DOWN
  - B2 Bit 0 -> DOWN
  - B2 Bit 1 -> DOWN
  - B2 Bit 2 -> DOWN
  - B2 Bit 4 -> DOWN
  - B2 Bit 6 -> DOWN
[14:52:10.035] Report: 06 01 57 00 00 00 00 00 | Keys: []
  - B1 Bit 0 -> UP
  - B2 Bit 0 -> UP
  - B2 Bit 1 -> UP
  - B2 Bit 2 -> UP
  - B2 Bit 4 -> UP
  - B2 Bit 6 -> UP
[14:52:10.039] Report: 06 00 00 00 00 00 00 00 | Keys: []
  - B1 Bit 0 -> DOWN
  - B2 Bit 0 -> DOWN
  - B2 Bit 1 -> DOWN
  - B2 Bit 2 -> DOWN
  - B2 Bit 4 -> DOWN
  - B2 Bit 6 -> DOWN
[14:52:10.065] Report: 06 01 57 00 00 00 00 00 | Keys: []
  - B1 Bit 0 -> UP
  - B2 Bit 0 -> UP
  - B2 Bit 1 -> UP
  - B2 Bit 2 -> UP
  - B2 Bit 4 -> UP
  - B2 Bit 6 -> UP
[14:52:10.068] Report: 06 00 00 00 00 00 00 00 | Keys: []
  - B1 Bit 0 -> DOWN
  - B2 Bit 0 -> DOWN
  - B2 Bit 1 -> DOWN
  - B2 Bit 2 -> DOWN
  - B2 Bit 4 -> DOWN
  - B2 Bit 6 -> DOWN
[14:52:10.095] Report: 06 01 57 00 00 00 00 00 | Keys: []
  - B1 Bit 0 -> UP
  - B2 Bit 0 -> UP
  - B2 Bit 1 -> UP
  - B2 Bit 2 -> UP
  - B2 Bit 4 -> UP
  - B2 Bit 6 -> UP
[14:52:10.111] Report: 06 00 00 00 00 00 00 00 | Keys: []
  - B1 Bit 0 -> DOWN
  - B2 Bit 0 -> DOWN
  - B2 Bit 1 -> DOWN
  - B2 Bit 2 -> DOWN
  - B2 Bit 4 -> DOWN
  - B2 Bit 6 -> DOWN
[14:52:10.140] Report: 06 01 57 00 00 00 00 00 | Keys: []
  - B1 Bit 0 -> UP
  - B2 Bit 0 -> UP
  - B2 Bit 1 -> UP
  - B2 Bit 2 -> UP
  - B2 Bit 4 -> UP
  - B2 Bit 6 -> UP
[14:52:10.143] Report: 06 00 00 00 00 00 00 00 | Keys: []
  - B1 Bit 0 -> DOWN
  - B2 Bit 0 -> DOWN
  - B2 Bit 1 -> DOWN
  - B2 Bit 2 -> DOWN
  - B2 Bit 4 -> DOWN
  - B2 Bit 6 -> DOWN
[14:52:10.172] Report: 06 01 57 00 00 00 00 00 | Keys: []
  - B1 Bit 0 -> UP
  - B2 Bit 0 -> UP
  - B2 Bit 1 -> UP
  - B2 Bit 2 -> UP
  - B2 Bit 4 -> UP
  - B2 Bit 6 -> UP
[14:52:10.174] Report: 06 00 00 00 00 00 00 00 | Keys: []
  - B1 Bit 0 -> DOWN
  - B2 Bit 0 -> DOWN
  - B2 Bit 1 -> DOWN
  - B2 Bit 2 -> DOWN
  - B2 Bit 4 -> DOWN
  - B2 Bit 6 -> DOWN
[14:52:10.199] Report: 06 01 57 00 00 00 00 00 | Keys: []
  - B1 Bit 0 -> UP
  - B2 Bit 0 -> UP
  - B2 Bit 1 -> UP
  - B2 Bit 2 -> UP
  - B2 Bit 4 -> UP
  - B2 Bit 6 -> UP
[14:52:10.203] Report: 06 00 00 00 00 00 00 00 | Keys: []
  - B1 Bit 0 -> DOWN
  - B2 Bit 0 -> DOWN
  - B2 Bit 1 -> DOWN
  - B2 Bit 2 -> DOWN
  - B2 Bit 4 -> DOWN
  - B2 Bit 6 -> DOWN
[14:52:10.245] Report: 06 01 57 00 00 00 00 00 | Keys: []
  - B1 Bit 0 -> UP
  - B2 Bit 0 -> UP
  - B2 Bit 1 -> UP
  - B2 Bit 2 -> UP
  - B2 Bit 4 -> UP
  - B2 Bit 6 -> UP
[14:52:10.247] Report: 06 00 00 00 00 00 00 00 | Keys: []
  - B1 Bit 0 -> DOWN
  - B2 Bit 0 -> DOWN
  - B2 Bit 1 -> DOWN
  - B2 Bit 2 -> DOWN
  - B2 Bit 4 -> DOWN
  - B2 Bit 6 -> DOWN
[14:52:10.291] Report: 06 01 57 00 00 00 00 00 | Keys: []
  - B1 Bit 0 -> UP
  - B2 Bit 0 -> UP
  - B2 Bit 1 -> UP
  - B2 Bit 2 -> UP
  - B2 Bit 4 -> UP
  - B2 Bit 6 -> UP
[14:52:10.293] Report: 06 00 00 00 00 00 00 00 | Keys: []
  - B1 Bit 0 -> DOWN
  - B2 Bit 0 -> DOWN
  - B2 Bit 1 -> DOWN
  - B2 Bit 2 -> DOWN
  - B2 Bit 4 -> DOWN
  - B2 Bit 6 -> DOWN
[14:52:10.305] Report: 06 01 57 00 00 00 00 00 | Keys: []
  - B1 Bit 0 -> UP
  - B2 Bit 0 -> UP
  - B2 Bit 1 -> UP
  - B2 Bit 2 -> UP
  - B2 Bit 4 -> UP
  - B2 Bit 6 -> UP
[14:52:10.319] Report: 06 00 00 00 00 00 00 00 | Keys: []
  - B1 Bit 0 -> DOWN
  - B2 Bit 0 -> DOWN
  - B2 Bit 1 -> DOWN
  - B2 Bit 2 -> DOWN
  - B2 Bit 4 -> DOWN
  - B2 Bit 6 -> DOWN
[14:52:10.349] Report: 06 01 57 00 00 00 00 00 | Keys: []
  - B1 Bit 0 -> UP
  - B2 Bit 0 -> UP
  - B2 Bit 1 -> UP
  - B2 Bit 2 -> UP
  - B2 Bit 4 -> UP
  - B2 Bit 6 -> UP
[14:52:10.353] Report: 06 00 00 00 00 00 00 00 | Keys: []
  - B1 Bit 0 -> DOWN
  - B2 Bit 0 -> DOWN
  - B2 Bit 1 -> DOWN
  - B2 Bit 2 -> DOWN
  - B2 Bit 4 -> DOWN
  - B2 Bit 6 -> DOWN
[14:52:10.379] Report: 06 01 57 00 00 00 00 00 | Keys: []
  - B1 Bit 0 -> UP
  - B2 Bit 0 -> UP
  - B2 Bit 1 -> UP
  - B2 Bit 2 -> UP
  - B2 Bit 4 -> UP
  - B2 Bit 6 -> UP
[14:52:10.382] Report: 06 00 00 00 00 00 00 00 | Keys: []
  - B1 Bit 0 -> DOWN
  - B2 Bit 0 -> DOWN
  - B2 Bit 1 -> DOWN
  - B2 Bit 2 -> DOWN
  - B2 Bit 4 -> DOWN
  - B2 Bit 6 -> DOWN
[14:52:10.410] Report: 06 01 57 00 00 00 00 00 | Keys: []
  - B1 Bit 0 -> UP
  - B2 Bit 0 -> UP
  - B2 Bit 1 -> UP
  - B2 Bit 2 -> UP
  - B2 Bit 4 -> UP
  - B2 Bit 6 -> UP
[14:52:10.413] Report: 06 00 00 00 00 00 00 00 | Keys: []
  - B1 Bit 0 -> DOWN
  - B2 Bit 0 -> DOWN
  - B2 Bit 1 -> DOWN
  - B2 Bit 2 -> DOWN
  - B2 Bit 4 -> DOWN
  - B2 Bit 6 -> DOWN
[14:52:10.426] Report: 06 01 57 00 00 00 00 00 | Keys: []
  - B1 Bit 0 -> UP
  - B2 Bit 0 -> UP
  - B2 Bit 1 -> UP
  - B2 Bit 2 -> UP
  - B2 Bit 4 -> UP
  - B2 Bit 6 -> UP
[14:52:10.428] Report: 06 00 00 00 00 00 00 00 | Keys: []
  - B1 Bit 0 -> DOWN
  - B2 Bit 0 -> DOWN
  - B2 Bit 1 -> DOWN
  - B2 Bit 2 -> DOWN
  - B2 Bit 4 -> DOWN
  - B2 Bit 6 -> DOWN
[14:52:10.455] Report: 06 01 57 00 00 00 00 00 | Keys: []
  - B1 Bit 0 -> UP
  - B2 Bit 0 -> UP
  - B2 Bit 1 -> UP
  - B2 Bit 2 -> UP
  - B2 Bit 4 -> UP
  - B2 Bit 6 -> UP
[14:52:10.458] Report: 06 00 00 00 00 00 00 00 | Keys: []
  - B1 Bit 0 -> DOWN
  - B2 Bit 0 -> DOWN
  - B2 Bit 1 -> DOWN
  - B2 Bit 2 -> DOWN
  - B2 Bit 4 -> DOWN
  - B2 Bit 6 -> DOWN
[14:52:10.605] Report: 06 01 57 00 00 00 00 00 | Keys: []
  - B1 Bit 0 -> UP
  - B2 Bit 0 -> UP
  - B2 Bit 1 -> UP
  - B2 Bit 2 -> UP
  - B2 Bit 4 -> UP
  - B2 Bit 6 -> UP
[14:52:10.610] Report: 06 00 00 00 00 00 00 00 | Keys: []
  - B1 Bit 0 -> DOWN
  - B2 Bit 1 -> DOWN
  - B2 Bit 2 -> DOWN
  - B2 Bit 4 -> DOWN
  - B2 Bit 6 -> DOWN
[14:52:10.935] Report: 06 01 56 00 00 00 00 00 | Keys: []
  - B1 Bit 0 -> UP
  - B2 Bit 1 -> UP
  - B2 Bit 2 -> UP
  - B2 Bit 4 -> UP
  - B2 Bit 6 -> UP
[14:52:10.937] Report: 06 00 00 00 00 00 00 00 | Keys: []
  - B1 Bit 0 -> DOWN
  - B2 Bit 1 -> DOWN
  - B2 Bit 2 -> DOWN
  - B2 Bit 4 -> DOWN
  - B2 Bit 6 -> DOWN
[14:52:10.979] Report: 06 01 56 00 00 00 00 00 | Keys: []
  - B1 Bit 0 -> UP
  - B2 Bit 1 -> UP
  - B2 Bit 2 -> UP
  - B2 Bit 4 -> UP
  - B2 Bit 6 -> UP
[14:52:10.982] Report: 06 00 00 00 00 00 00 00 | Keys: []
  - B1 Bit 0 -> DOWN
  - B2 Bit 1 -> DOWN
  - B2 Bit 2 -> DOWN
  - B2 Bit 4 -> DOWN
  - B2 Bit 6 -> DOWN
[14:52:11.010] Report: 06 01 56 00 00 00 00 00 | Keys: []
  - B1 Bit 0 -> UP
  - B2 Bit 1 -> UP
  - B2 Bit 2 -> UP
  - B2 Bit 4 -> UP
  - B2 Bit 6 -> UP
[14:52:11.012] Report: 06 00 00 00 00 00 00 00 | Keys: []
  - B1 Bit 0 -> DOWN
  - B2 Bit 1 -> DOWN
  - B2 Bit 2 -> DOWN
  - B2 Bit 4 -> DOWN
  - B2 Bit 6 -> DOWN
[14:52:11.041] Report: 06 01 56 00 00 00 00 00 | Keys: []
  - B1 Bit 0 -> UP
  - B2 Bit 1 -> UP
  - B2 Bit 2 -> UP
  - B2 Bit 4 -> UP
  - B2 Bit 6 -> UP
[14:52:11.043] Report: 06 00 00 00 00 00 00 00 | Keys: []
  - B1 Bit 0 -> DOWN
  - B2 Bit 1 -> DOWN
  - B2 Bit 2 -> DOWN
  - B2 Bit 4 -> DOWN
  - B2 Bit 6 -> DOWN
[14:52:11.069] Report: 06 01 56 00 00 00 00 00 | Keys: []
  - B1 Bit 0 -> UP
  - B2 Bit 1 -> UP
  - B2 Bit 2 -> UP
  - B2 Bit 4 -> UP
  - B2 Bit 6 -> UP
[14:52:11.071] Report: 06 00 00 00 00 00 00 00 | Keys: []
  - B1 Bit 0 -> DOWN
  - B2 Bit 1 -> DOWN
  - B2 Bit 2 -> DOWN
  - B2 Bit 4 -> DOWN
  - B2 Bit 6 -> DOWN
[14:52:11.116] Report: 06 01 56 00 00 00 00 00 | Keys: []
  - B1 Bit 0 -> UP
  - B2 Bit 1 -> UP
  - B2 Bit 2 -> UP
  - B2 Bit 4 -> UP
  - B2 Bit 6 -> UP
[14:52:11.118] Report: 06 00 00 00 00 00 00 00 | Keys: []
  - B1 Bit 0 -> DOWN
  - B2 Bit 1 -> DOWN
  - B2 Bit 2 -> DOWN
  - B2 Bit 4 -> DOWN
  - B2 Bit 6 -> DOWN
[14:52:11.145] Report: 06 01 56 00 00 00 00 00 | Keys: []
  - B1 Bit 0 -> UP
  - B2 Bit 1 -> UP
  - B2 Bit 2 -> UP
  - B2 Bit 4 -> UP
  - B2 Bit 6 -> UP
[14:52:11.148] Report: 06 00 00 00 00 00 00 00 | Keys: []
  - B1 Bit 0 -> DOWN
  - B2 Bit 1 -> DOWN
  - B2 Bit 2 -> DOWN
  - B2 Bit 4 -> DOWN
  - B2 Bit 6 -> DOWN
[14:52:11.174] Report: 06 01 56 00 00 00 00 00 | Keys: []
  - B1 Bit 0 -> UP
  - B2 Bit 1 -> UP
  - B2 Bit 2 -> UP
  - B2 Bit 4 -> UP
  - B2 Bit 6 -> UP
[14:52:11.177] Report: 06 00 00 00 00 00 00 00 | Keys: []
  - B1 Bit 0 -> DOWN
  - B2 Bit 1 -> DOWN
  - B2 Bit 2 -> DOWN
  - B2 Bit 4 -> DOWN
  - B2 Bit 6 -> DOWN
[14:52:11.204] Report: 06 01 56 00 00 00 00 00 | Keys: []
  - B1 Bit 0 -> UP
  - B2 Bit 1 -> UP
  - B2 Bit 2 -> UP
  - B2 Bit 4 -> UP
  - B2 Bit 6 -> UP
[14:52:11.206] Report: 06 00 00 00 00 00 00 00 | Keys: []
  - B1 Bit 0 -> DOWN
  - B2 Bit 1 -> DOWN
  - B2 Bit 2 -> DOWN
  - B2 Bit 4 -> DOWN
  - B2 Bit 6 -> DOWN
[14:52:11.234] Report: 06 01 56 00 00 00 00 00 | Keys: []
  - B1 Bit 0 -> UP
  - B2 Bit 1 -> UP
  - B2 Bit 2 -> UP
  - B2 Bit 4 -> UP
  - B2 Bit 6 -> UP
[14:52:11.236] Report: 06 00 00 00 00 00 00 00 | Keys: []
  - B1 Bit 0 -> DOWN
  - B2 Bit 1 -> DOWN
  - B2 Bit 2 -> DOWN
  - B2 Bit 4 -> DOWN
  - B2 Bit 6 -> DOWN
[14:52:11.279] Report: 06 01 56 00 00 00 00 00 | Keys: []
  - B1 Bit 0 -> UP
  - B2 Bit 1 -> UP
  - B2 Bit 2 -> UP
  - B2 Bit 4 -> UP
  - B2 Bit 6 -> UP
[14:52:11.281] Report: 06 00 00 00 00 00 00 00 | Keys: []
  - B1 Bit 0 -> DOWN
  - B2 Bit 1 -> DOWN
  - B2 Bit 2 -> DOWN
  - B2 Bit 4 -> DOWN
  - B2 Bit 6 -> DOWN
[14:52:11.295] Report: 06 01 56 00 00 00 00 00 | Keys: []
  - B1 Bit 0 -> UP
  - B2 Bit 1 -> UP
  - B2 Bit 2 -> UP
  - B2 Bit 4 -> UP
  - B2 Bit 6 -> UP
[14:52:11.297] Report: 06 00 00 00 00 00 00 00 | Keys: []
  - B1 Bit 0 -> DOWN
  - B2 Bit 1 -> DOWN
  - B2 Bit 2 -> DOWN
  - B2 Bit 4 -> DOWN
  - B2 Bit 6 -> DOWN
[14:52:11.325] Report: 06 01 56 00 00 00 00 00 | Keys: []
  - B1 Bit 0 -> UP
  - B2 Bit 1 -> UP
  - B2 Bit 2 -> UP
  - B2 Bit 4 -> UP
  - B2 Bit 6 -> UP
[14:52:11.328] Report: 06 00 00 00 00 00 00 00 | Keys: []
  - B1 Bit 0 -> DOWN
  - B2 Bit 1 -> DOWN
  - B2 Bit 2 -> DOWN
  - B2 Bit 4 -> DOWN
  - B2 Bit 6 -> DOWN
[14:52:11.355] Report: 06 01 56 00 00 00 00 00 | Keys: []
  - B1 Bit 0 -> UP
  - B2 Bit 1 -> UP
  - B2 Bit 2 -> UP
  - B2 Bit 4 -> UP
  - B2 Bit 6 -> UP
[14:52:11.357] Report: 06 00 00 00 00 00 00 00 | Keys: []
  - B1 Bit 0 -> DOWN
  - B2 Bit 1 -> DOWN
  - B2 Bit 2 -> DOWN
  - B2 Bit 4 -> DOWN
  - B2 Bit 6 -> DOWN
[14:52:11.384] Report: 06 01 56 00 00 00 00 00 | Keys: []
  - B1 Bit 0 -> UP
  - B2 Bit 1 -> UP
  - B2 Bit 2 -> UP
  - B2 Bit 4 -> UP
  - B2 Bit 6 -> UP
[14:52:11.387] Report: 06 00 00 00 00 00 00 00 | Keys: []
  - B1 Bit 0 -> DOWN
  - B2 Bit 1 -> DOWN
  - B2 Bit 2 -> DOWN
  - B2 Bit 4 -> DOWN
  - B2 Bit 6 -> DOWN
[14:52:11.445] Report: 06 01 56 00 00 00 00 00 | Keys: []
  - B1 Bit 0 -> UP
  - B2 Bit 1 -> UP
  - B2 Bit 2 -> UP
  - B2 Bit 4 -> UP
  - B2 Bit 6 -> UP
[14:52:11.447] Report: 06 00 00 00 00 00 00 00 | Keys: []
  - B1 Bit 0 -> DOWN
  - B2 Bit 1 -> DOWN
  - B2 Bit 2 -> DOWN
  - B2 Bit 4 -> DOWN
  - B2 Bit 6 -> DOWN
[14:52:11.479] Report: 06 01 56 00 00 00 00 00 | Keys: []
  - B1 Bit 0 -> UP
  - B2 Bit 1 -> UP
  - B2 Bit 2 -> UP
  - B2 Bit 4 -> UP
  - B2 Bit 6 -> UP
[14:52:11.482] Report: 06 00 00 00 00 00 00 00 | Keys: []
  - B1 Bit 0 -> DOWN
  - B2 Bit 1 -> DOWN
  - B2 Bit 2 -> DOWN
  - B2 Bit 4 -> DOWN
  - B2 Bit 6 -> DOWN
[14:52:11.504] Report: 06 01 56 00 00 00 00 00 | Keys: []
  - B1 Bit 0 -> UP
  - B2 Bit 1 -> UP
  - B2 Bit 2 -> UP
  - B2 Bit 4 -> UP
  - B2 Bit 6 -> UP
[14:52:11.507] Report: 06 00 00 00 00 00 00 00 | Keys: []
  - B1 Bit 0 -> DOWN
  - B2 Bit 1 -> DOWN
  - B2 Bit 2 -> DOWN
  - B2 Bit 4 -> DOWN
  - B2 Bit 6 -> DOWN
[14:52:11.549] Report: 06 01 56 00 00 00 00 00 | Keys: []
  - B1 Bit 0 -> UP
  - B2 Bit 1 -> UP
  - B2 Bit 2 -> UP
  - B2 Bit 4 -> UP
  - B2 Bit 6 -> UP
[14:52:11.565] Report: 06 00 00 00 00 00 00 00 | Keys: []
  - B1 Bit 0 -> DOWN
  - B2 Bit 0 -> DOWN
  - B2 Bit 1 -> DOWN
  - B2 Bit 2 -> DOWN
  - B2 Bit 4 -> DOWN
  - B2 Bit 6 -> DOWN
[14:52:11.775] Report: 06 01 57 00 00 00 00 00 | Keys: []
  - B1 Bit 0 -> UP
  - B2 Bit 0 -> UP
  - B2 Bit 1 -> UP
  - B2 Bit 2 -> UP
  - B2 Bit 4 -> UP
  - B2 Bit 6 -> UP
[14:52:11.782] Report: 06 00 00 00 00 00 00 00 | Keys: []
  - B1 Bit 0 -> DOWN
  - B2 Bit 0 -> DOWN
  - B2 Bit 1 -> DOWN
  - B2 Bit 2 -> DOWN
  - B2 Bit 4 -> DOWN
  - B2 Bit 6 -> DOWN
[14:52:11.819] Report: 06 01 57 00 00 00 00 00 | Keys: []
  - B1 Bit 0 -> UP
  - B2 Bit 0 -> UP
  - B2 Bit 1 -> UP
  - B2 Bit 2 -> UP
  - B2 Bit 4 -> UP
  - B2 Bit 6 -> UP
[14:52:11.821] Report: 06 00 00 00 00 00 00 00 | Keys: []
  - B1 Bit 0 -> DOWN
  - B2 Bit 0 -> DOWN
  - B2 Bit 1 -> DOWN
  - B2 Bit 2 -> DOWN
  - B2 Bit 4 -> DOWN
  - B2 Bit 6 -> DOWN
[14:52:11.849] Report: 06 01 57 00 00 00 00 00 | Keys: []
  - B1 Bit 0 -> UP
  - B2 Bit 0 -> UP
  - B2 Bit 1 -> UP
  - B2 Bit 2 -> UP
  - B2 Bit 4 -> UP
  - B2 Bit 6 -> UP
[14:52:11.852] Report: 06 00 00 00 00 00 00 00 | Keys: []
  - B1 Bit 0 -> DOWN
  - B2 Bit 0 -> DOWN
  - B2 Bit 1 -> DOWN
  - B2 Bit 2 -> DOWN
  - B2 Bit 4 -> DOWN
  - B2 Bit 6 -> DOWN
[14:52:11.895] Report: 06 01 57 00 00 00 00 00 | Keys: []
  - B1 Bit 0 -> UP
  - B2 Bit 0 -> UP
  - B2 Bit 1 -> UP
  - B2 Bit 2 -> UP
  - B2 Bit 4 -> UP
  - B2 Bit 6 -> UP
[14:52:11.897] Report: 06 00 00 00 00 00 00 00 | Keys: []
  - B1 Bit 0 -> DOWN
  - B2 Bit 0 -> DOWN
  - B2 Bit 1 -> DOWN
  - B2 Bit 2 -> DOWN
  - B2 Bit 4 -> DOWN
  - B2 Bit 6 -> DOWN
[14:52:11.925] Report: 06 01 57 00 00 00 00 00 | Keys: []
  - B1 Bit 0 -> UP
  - B2 Bit 0 -> UP
  - B2 Bit 1 -> UP
  - B2 Bit 2 -> UP
  - B2 Bit 4 -> UP
  - B2 Bit 6 -> UP
[14:52:11.928] Report: 06 00 00 00 00 00 00 00 | Keys: []
  - B1 Bit 0 -> DOWN
  - B2 Bit 0 -> DOWN
  - B2 Bit 1 -> DOWN
  - B2 Bit 2 -> DOWN
  - B2 Bit 4 -> DOWN
  - B2 Bit 6 -> DOWN
[14:52:11.940] Report: 06 01 57 00 00 00 00 00 | Keys: []
  - B1 Bit 0 -> UP
  - B2 Bit 0 -> UP
  - B2 Bit 1 -> UP
  - B2 Bit 2 -> UP
  - B2 Bit 4 -> UP
  - B2 Bit 6 -> UP
[14:52:11.942] Report: 06 00 00 00 00 00 00 00 | Keys: []
  - B1 Bit 0 -> DOWN
  - B2 Bit 0 -> DOWN
  - B2 Bit 1 -> DOWN
  - B2 Bit 2 -> DOWN
  - B2 Bit 4 -> DOWN
  - B2 Bit 6 -> DOWN
[14:52:11.970] Report: 06 01 57 00 00 00 00 00 | Keys: []
  - B1 Bit 0 -> UP
  - B2 Bit 0 -> UP
  - B2 Bit 1 -> UP
  - B2 Bit 2 -> UP
  - B2 Bit 4 -> UP
  - B2 Bit 6 -> UP
[14:52:11.974] Report: 06 00 00 00 00 00 00 00 | Keys: []
  - B1 Bit 0 -> DOWN
  - B2 Bit 0 -> DOWN
  - B2 Bit 1 -> DOWN
  - B2 Bit 2 -> DOWN
  - B2 Bit 4 -> DOWN
  - B2 Bit 6 -> DOWN
[14:52:12.017] Report: 06 01 57 00 00 00 00 00 | Keys: []
  - B1 Bit 0 -> UP
  - B2 Bit 0 -> UP
  - B2 Bit 1 -> UP
  - B2 Bit 2 -> UP
  - B2 Bit 4 -> UP
  - B2 Bit 6 -> UP
[14:52:12.019] Report: 06 00 00 00 00 00 00 00 | Keys: []
  - B1 Bit 0 -> DOWN
  - B2 Bit 0 -> DOWN
  - B2 Bit 1 -> DOWN
  - B2 Bit 2 -> DOWN
  - B2 Bit 4 -> DOWN
  - B2 Bit 6 -> DOWN
[14:52:12.030] Report: 06 01 57 00 00 00 00 00 | Keys: []
  - B1 Bit 0 -> UP
  - B2 Bit 0 -> UP
  - B2 Bit 1 -> UP
  - B2 Bit 2 -> UP
  - B2 Bit 4 -> UP
  - B2 Bit 6 -> UP
[14:52:12.033] Report: 06 00 00 00 00 00 00 00 | Keys: []
  - B1 Bit 0 -> DOWN
  - B2 Bit 0 -> DOWN
  - B2 Bit 1 -> DOWN
  - B2 Bit 2 -> DOWN
  - B2 Bit 4 -> DOWN
  - B2 Bit 6 -> DOWN
[14:52:12.060] Report: 06 01 57 00 00 00 00 00 | Keys: []
  - B1 Bit 0 -> UP
  - B2 Bit 0 -> UP
  - B2 Bit 1 -> UP
  - B2 Bit 2 -> UP
  - B2 Bit 4 -> UP
  - B2 Bit 6 -> UP
[14:52:12.075] Report: 06 00 00 00 00 00 00 00 | Keys: []
  - B1 Bit 0 -> DOWN
  - B2 Bit 0 -> DOWN
  - B2 Bit 1 -> DOWN
  - B2 Bit 2 -> DOWN
  - B2 Bit 4 -> DOWN
  - B2 Bit 6 -> DOWN
[14:52:12.106] Report: 06 01 57 00 00 00 00 00 | Keys: []
  - B1 Bit 0 -> UP
  - B2 Bit 0 -> UP
  - B2 Bit 1 -> UP
  - B2 Bit 2 -> UP
  - B2 Bit 4 -> UP
  - B2 Bit 6 -> UP
[14:52:12.111] Report: 06 00 00 00 00 00 00 00 | Keys: []
  - B1 Bit 0 -> DOWN
  - B2 Bit 0 -> DOWN
  - B2 Bit 1 -> DOWN
  - B2 Bit 2 -> DOWN
  - B2 Bit 4 -> DOWN
  - B2 Bit 6 -> DOWN
[14:52:12.135] Report: 06 01 57 00 00 00 00 00 | Keys: []
  - B1 Bit 0 -> UP
  - B2 Bit 0 -> UP
  - B2 Bit 1 -> UP
  - B2 Bit 2 -> UP
  - B2 Bit 4 -> UP
  - B2 Bit 6 -> UP
[14:52:12.138] Report: 06 00 00 00 00 00 00 00 | Keys: []
  - B1 Bit 0 -> DOWN
  - B2 Bit 0 -> DOWN
  - B2 Bit 1 -> DOWN
  - B2 Bit 2 -> DOWN
  - B2 Bit 4 -> DOWN
  - B2 Bit 6 -> DOWN
[14:52:12.167] Report: 06 01 57 00 00 00 00 00 | Keys: []
  - B1 Bit 0 -> UP
  - B2 Bit 0 -> UP
  - B2 Bit 1 -> UP
  - B2 Bit 2 -> UP
  - B2 Bit 4 -> UP
  - B2 Bit 6 -> UP
[14:52:12.170] Report: 06 00 00 00 00 00 00 00 | Keys: []
  - B1 Bit 0 -> DOWN
  - B2 Bit 0 -> DOWN
  - B2 Bit 1 -> DOWN
  - B2 Bit 2 -> DOWN
  - B2 Bit 4 -> DOWN
  - B2 Bit 6 -> DOWN
[14:52:12.180] Report: 06 01 57 00 00 00 00 00 | Keys: []
  - B1 Bit 0 -> UP
  - B2 Bit 0 -> UP
  - B2 Bit 1 -> UP
  - B2 Bit 2 -> UP
  - B2 Bit 4 -> UP
  - B2 Bit 6 -> UP
[14:52:12.183] Report: 06 00 00 00 00 00 00 00 | Keys: []
  - B1 Bit 0 -> DOWN
  - B2 Bit 0 -> DOWN
  - B2 Bit 1 -> DOWN
  - B2 Bit 2 -> DOWN
  - B2 Bit 4 -> DOWN
  - B2 Bit 6 -> DOWN
[14:52:12.210] Report: 06 01 57 00 00 00 00 00 | Keys: []
  - B1 Bit 0 -> UP
  - B2 Bit 0 -> UP
  - B2 Bit 1 -> UP
  - B2 Bit 2 -> UP
  - B2 Bit 4 -> UP
  - B2 Bit 6 -> UP
[14:52:12.217] Report: 06 00 00 00 00 00 00 00 | Keys: []
  - B1 Bit 0 -> DOWN
  - B2 Bit 0 -> DOWN
  - B2 Bit 1 -> DOWN
  - B2 Bit 2 -> DOWN
  - B2 Bit 4 -> DOWN
  - B2 Bit 6 -> DOWN
[14:52:12.239] Report: 06 01 57 00 00 00 00 00 | Keys: []
  - B1 Bit 0 -> UP
  - B2 Bit 0 -> UP
  - B2 Bit 1 -> UP
  - B2 Bit 2 -> UP
  - B2 Bit 4 -> UP
  - B2 Bit 6 -> UP
[14:52:12.240] Report: 06 00 00 00 00 00 00 00 | Keys: []
  - B1 Bit 0 -> DOWN
  - B2 Bit 0 -> DOWN
  - B2 Bit 1 -> DOWN
  - B2 Bit 2 -> DOWN
  - B2 Bit 4 -> DOWN
  - B2 Bit 6 -> DOWN
[14:52:12.255] Report: 06 01 57 00 00 00 00 00 | Keys: []
  - B1 Bit 0 -> UP
  - B2 Bit 0 -> UP
  - B2 Bit 1 -> UP
  - B2 Bit 2 -> UP
  - B2 Bit 4 -> UP
  - B2 Bit 6 -> UP
[14:52:12.256] Report: 06 00 00 00 00 00 00 00 | Keys: []
  - B1 Bit 0 -> DOWN
  - B2 Bit 0 -> DOWN
  - B2 Bit 1 -> DOWN
  - B2 Bit 2 -> DOWN
  - B2 Bit 4 -> DOWN
  - B2 Bit 6 -> DOWN
[14:52:12.285] Report: 06 01 57 00 00 00 00 00 | Keys: []
  - B1 Bit 0 -> UP
  - B2 Bit 0 -> UP
  - B2 Bit 1 -> UP
  - B2 Bit 2 -> UP
  - B2 Bit 4 -> UP
  - B2 Bit 6 -> UP
[14:52:12.288] Report: 06 00 00 00 00 00 00 00 | Keys: []
  - B1 Bit 0 -> DOWN
  - B2 Bit 1 -> DOWN
  - B2 Bit 2 -> DOWN
  - B2 Bit 4 -> DOWN
  - B2 Bit 6 -> DOWN
[14:52:12.600] Report: 06 01 56 00 00 00 00 00 | Keys: []
  - B1 Bit 0 -> UP
  - B2 Bit 1 -> UP
  - B2 Bit 2 -> UP
  - B2 Bit 4 -> UP
  - B2 Bit 6 -> UP
[14:52:12.603] Report: 06 00 00 00 00 00 00 00 | Keys: []
  - B1 Bit 0 -> DOWN
  - B2 Bit 1 -> DOWN
  - B2 Bit 2 -> DOWN
  - B2 Bit 4 -> DOWN
  - B2 Bit 6 -> DOWN
[14:52:12.630] Report: 06 01 56 00 00 00 00 00 | Keys: []
  - B1 Bit 0 -> UP
  - B2 Bit 1 -> UP
  - B2 Bit 2 -> UP
  - B2 Bit 4 -> UP
  - B2 Bit 6 -> UP
[14:52:12.633] Report: 06 00 00 00 00 00 00 00 | Keys: []
  - B1 Bit 0 -> DOWN
  - B2 Bit 1 -> DOWN
  - B2 Bit 2 -> DOWN
  - B2 Bit 4 -> DOWN
  - B2 Bit 6 -> DOWN
[14:52:12.659] Report: 06 01 56 00 00 00 00 00 | Keys: []
  - B1 Bit 0 -> UP
  - B2 Bit 1 -> UP
  - B2 Bit 2 -> UP
  - B2 Bit 4 -> UP
  - B2 Bit 6 -> UP
[14:52:12.662] Report: 06 00 00 00 00 00 00 00 | Keys: []
  - B1 Bit 0 -> DOWN
  - B2 Bit 1 -> DOWN
  - B2 Bit 2 -> DOWN
  - B2 Bit 4 -> DOWN
  - B2 Bit 6 -> DOWN
[14:52:12.675] Report: 06 01 56 00 00 00 00 00 | Keys: []
  - B1 Bit 0 -> UP
  - B2 Bit 1 -> UP
  - B2 Bit 2 -> UP
  - B2 Bit 4 -> UP
  - B2 Bit 6 -> UP
[14:52:12.690] Report: 06 00 00 00 00 00 00 00 | Keys: []
  - B1 Bit 0 -> DOWN
  - B2 Bit 1 -> DOWN
  - B2 Bit 2 -> DOWN
  - B2 Bit 4 -> DOWN
  - B2 Bit 6 -> DOWN
[14:52:12.719] Report: 06 01 56 00 00 00 00 00 | Keys: []
  - B1 Bit 0 -> UP
  - B2 Bit 1 -> UP
  - B2 Bit 2 -> UP
  - B2 Bit 4 -> UP
  - B2 Bit 6 -> UP
[14:52:12.721] Report: 06 00 00 00 00 00 00 00 | Keys: []
  - B1 Bit 0 -> DOWN
  - B2 Bit 1 -> DOWN
  - B2 Bit 2 -> DOWN
  - B2 Bit 4 -> DOWN
  - B2 Bit 6 -> DOWN
[14:52:12.764] Report: 06 01 56 00 00 00 00 00 | Keys: []
  - B1 Bit 0 -> UP
  - B2 Bit 1 -> UP
  - B2 Bit 2 -> UP
  - B2 Bit 4 -> UP
  - B2 Bit 6 -> UP
[14:52:12.767] Report: 06 00 00 00 00 00 00 00 | Keys: []
  - B1 Bit 0 -> DOWN
  - B2 Bit 1 -> DOWN
  - B2 Bit 2 -> DOWN
  - B2 Bit 4 -> DOWN
  - B2 Bit 6 -> DOWN
[14:52:12.825] Report: 06 01 56 00 00 00 00 00 | Keys: []
  - B1 Bit 0 -> UP
  - B2 Bit 1 -> UP
  - B2 Bit 2 -> UP
  - B2 Bit 4 -> UP
  - B2 Bit 6 -> UP
[14:52:12.829] Report: 06 00 00 00 00 00 00 00 | Keys: []
  - B1 Bit 0 -> DOWN
  - B2 Bit 1 -> DOWN
  - B2 Bit 2 -> DOWN
  - B2 Bit 4 -> DOWN
  - B2 Bit 6 -> DOWN
[14:52:12.900] Report: 06 01 56 00 00 00 00 00 | Keys: []
  - B1 Bit 0 -> UP
  - B2 Bit 1 -> UP
  - B2 Bit 2 -> UP
  - B2 Bit 4 -> UP
  - B2 Bit 6 -> UP
[14:52:12.903] Report: 06 00 00 00 00 00 00 00 | Keys: []
  - B1 Bit 0 -> DOWN
  - B2 Bit 1 -> DOWN
  - B2 Bit 2 -> DOWN
  - B2 Bit 4 -> DOWN
  - B2 Bit 6 -> DOWN
[14:52:12.929] Report: 06 01 56 00 00 00 00 00 | Keys: []
  - B1 Bit 0 -> UP
  - B2 Bit 1 -> UP
  - B2 Bit 2 -> UP
  - B2 Bit 4 -> UP
  - B2 Bit 6 -> UP
[14:52:12.931] Report: 06 00 00 00 00 00 00 00 | Keys: []
  - B1 Bit 0 -> DOWN
  - B2 Bit 1 -> DOWN
  - B2 Bit 2 -> DOWN
  - B2 Bit 4 -> DOWN
  - B2 Bit 6 -> DOWN
[14:52:12.975] Report: 06 01 56 00 00 00 00 00 | Keys: []
  - B1 Bit 0 -> UP
  - B2 Bit 1 -> UP
  - B2 Bit 2 -> UP
  - B2 Bit 4 -> UP
  - B2 Bit 6 -> UP
[14:52:12.978] Report: 06 00 00 00 00 00 00 00 | Keys: []
  - B1 Bit 0 -> DOWN
  - B2 Bit 1 -> DOWN
  - B2 Bit 2 -> DOWN
  - B2 Bit 4 -> DOWN
  - B2 Bit 6 -> DOWN
[14:52:13.004] Report: 06 01 56 00 00 00 00 00 | Keys: []
  - B1 Bit 0 -> UP
  - B2 Bit 1 -> UP
  - B2 Bit 2 -> UP
  - B2 Bit 4 -> UP
  - B2 Bit 6 -> UP
[14:52:13.020] Report: 06 00 00 00 00 00 00 00 | Keys: []
  - B1 Bit 0 -> DOWN
  - B2 Bit 1 -> DOWN
  - B2 Bit 2 -> DOWN
  - B2 Bit 4 -> DOWN
  - B2 Bit 6 -> DOWN
[14:52:13.050] Report: 06 01 56 00 00 00 00 00 | Keys: []
  - B1 Bit 0 -> UP
  - B2 Bit 1 -> UP
  - B2 Bit 2 -> UP
  - B2 Bit 4 -> UP
  - B2 Bit 6 -> UP
[14:52:13.054] Report: 06 00 00 00 00 00 00 00 | Keys: []
  - B1 Bit 0 -> DOWN
  - B2 Bit 1 -> DOWN
  - B2 Bit 2 -> DOWN
  - B2 Bit 4 -> DOWN
  - B2 Bit 6 -> DOWN
[14:52:13.095] Report: 06 01 56 00 00 00 00 00 | Keys: []
  - B1 Bit 0 -> UP
  - B2 Bit 1 -> UP
  - B2 Bit 2 -> UP
  - B2 Bit 4 -> UP
  - B2 Bit 6 -> UP
[14:52:13.098] Report: 06 00 00 00 00 00 00 00 | Keys: []
  - B1 Bit 0 -> DOWN
  - B2 Bit 1 -> DOWN
  - B2 Bit 2 -> DOWN
  - B2 Bit 4 -> DOWN
  - B2 Bit 6 -> DOWN
[14:52:13.125] Report: 06 01 56 00 00 00 00 00 | Keys: []
  - B1 Bit 0 -> UP
  - B2 Bit 1 -> UP
  - B2 Bit 2 -> UP
  - B2 Bit 4 -> UP
  - B2 Bit 6 -> UP
[14:52:13.129] Report: 06 00 00 00 00 00 00 00 | Keys: []
  - B1 Bit 0 -> DOWN
  - B2 Bit 1 -> DOWN
  - B2 Bit 2 -> DOWN
  - B2 Bit 4 -> DOWN
  - B2 Bit 6 -> DOWN
[14:52:13.155] Report: 06 01 56 00 00 00 00 00 | Keys: []
  - B1 Bit 0 -> UP
  - B2 Bit 1 -> UP
  - B2 Bit 2 -> UP
  - B2 Bit 4 -> UP
  - B2 Bit 6 -> UP
[14:52:13.157] Report: 06 00 00 00 00 00 00 00 | Keys: []
  - B1 Bit 0 -> DOWN
  - B2 Bit 1 -> DOWN
  - B2 Bit 2 -> DOWN
  - B2 Bit 4 -> DOWN
  - B2 Bit 6 -> DOWN
[14:52:13.215] Report: 06 01 56 00 00 00 00 00 | Keys: []
  - B1 Bit 0 -> UP
  - B2 Bit 1 -> UP
  - B2 Bit 2 -> UP
  - B2 Bit 4 -> UP
  - B2 Bit 6 -> UP
[14:52:13.219] Report: 06 00 00 00 00 00 00 00 | Keys: []
  - B1 Bit 0 -> DOWN
  - B2 Bit 0 -> DOWN
  - B2 Bit 1 -> DOWN
  - B2 Bit 2 -> DOWN
  - B2 Bit 4 -> DOWN
  - B2 Bit 6 -> DOWN
[14:52:13.514] Report: 06 01 57 00 00 00 00 00 | Keys: []
  - B1 Bit 0 -> UP
  - B2 Bit 0 -> UP
  - B2 Bit 1 -> UP
  - B2 Bit 2 -> UP
  - B2 Bit 4 -> UP
  - B2 Bit 6 -> UP
[14:52:13.517] Report: 06 00 00 00 00 00 00 00 | Keys: []
  - B1 Bit 0 -> DOWN
  - B2 Bit 0 -> DOWN
  - B2 Bit 1 -> DOWN
  - B2 Bit 2 -> DOWN
  - B2 Bit 4 -> DOWN
  - B2 Bit 6 -> DOWN
[14:52:13.559] Report: 06 01 57 00 00 00 00 00 | Keys: []
  - B1 Bit 0 -> UP
  - B2 Bit 0 -> UP
  - B2 Bit 1 -> UP
  - B2 Bit 2 -> UP
  - B2 Bit 4 -> UP
  - B2 Bit 6 -> UP
[14:52:13.575] Report: 06 00 00 00 00 00 00 00 | Keys: []
  - B1 Bit 0 -> DOWN
  - B2 Bit 0 -> DOWN
  - B2 Bit 1 -> DOWN
  - B2 Bit 2 -> DOWN
  - B2 Bit 4 -> DOWN
  - B2 Bit 6 -> DOWN
[14:52:13.604] Report: 06 01 57 00 00 00 00 00 | Keys: []
  - B1 Bit 0 -> UP
  - B2 Bit 0 -> UP
  - B2 Bit 1 -> UP
  - B2 Bit 2 -> UP
  - B2 Bit 4 -> UP
  - B2 Bit 6 -> UP
[14:52:13.608] Report: 06 00 00 00 00 00 00 00 | Keys: []
  - B1 Bit 0 -> DOWN
  - B2 Bit 0 -> DOWN
  - B2 Bit 1 -> DOWN
  - B2 Bit 2 -> DOWN
  - B2 Bit 4 -> DOWN
  - B2 Bit 6 -> DOWN
[14:52:13.635] Report: 06 01 57 00 00 00 00 00 | Keys: []
  - B1 Bit 0 -> UP
  - B2 Bit 0 -> UP
  - B2 Bit 1 -> UP
  - B2 Bit 2 -> UP
  - B2 Bit 4 -> UP
  - B2 Bit 6 -> UP
[14:52:13.637] Report: 06 00 00 00 00 00 00 00 | Keys: []
  - B1 Bit 0 -> DOWN
  - B2 Bit 0 -> DOWN
  - B2 Bit 1 -> DOWN
  - B2 Bit 2 -> DOWN
  - B2 Bit 4 -> DOWN
  - B2 Bit 6 -> DOWN
[14:52:13.680] Report: 06 01 57 00 00 00 00 00 | Keys: []
  - B1 Bit 0 -> UP
  - B2 Bit 0 -> UP
  - B2 Bit 1 -> UP
  - B2 Bit 2 -> UP
  - B2 Bit 4 -> UP
  - B2 Bit 6 -> UP
[14:52:13.683] Report: 06 00 00 00 00 00 00 00 | Keys: []
  - B1 Bit 0 -> DOWN
  - B2 Bit 0 -> DOWN
  - B2 Bit 1 -> DOWN
  - B2 Bit 2 -> DOWN
  - B2 Bit 4 -> DOWN
  - B2 Bit 6 -> DOWN
[14:52:13.726] Report: 06 01 57 00 00 00 00 00 | Keys: []
  - B1 Bit 0 -> UP
  - B2 Bit 0 -> UP
  - B2 Bit 1 -> UP
  - B2 Bit 2 -> UP
  - B2 Bit 4 -> UP
  - B2 Bit 6 -> UP
[14:52:13.729] Report: 06 00 00 00 00 00 00 00 | Keys: []
  - B1 Bit 0 -> DOWN
  - B2 Bit 0 -> DOWN
  - B2 Bit 1 -> DOWN
  - B2 Bit 2 -> DOWN
  - B2 Bit 4 -> DOWN
  - B2 Bit 6 -> DOWN
[14:52:13.755] Report: 06 01 57 00 00 00 00 00 | Keys: []
  - B1 Bit 0 -> UP
  - B2 Bit 0 -> UP
  - B2 Bit 1 -> UP
  - B2 Bit 2 -> UP
  - B2 Bit 4 -> UP
  - B2 Bit 6 -> UP
[14:52:13.758] Report: 06 00 00 00 00 00 00 00 | Keys: []
  - B1 Bit 0 -> DOWN
  - B2 Bit 0 -> DOWN
  - B2 Bit 1 -> DOWN
  - B2 Bit 2 -> DOWN
  - B2 Bit 4 -> DOWN
  - B2 Bit 6 -> DOWN
[14:52:13.800] Report: 06 01 57 00 00 00 00 00 | Keys: []
  - B1 Bit 0 -> UP
  - B2 Bit 0 -> UP
  - B2 Bit 1 -> UP
  - B2 Bit 2 -> UP
  - B2 Bit 4 -> UP
  - B2 Bit 6 -> UP
[14:52:13.801] Report: 06 00 00 00 00 00 00 00 | Keys: []
  - B1 Bit 0 -> DOWN
  - B2 Bit 0 -> DOWN
  - B2 Bit 1 -> DOWN
  - B2 Bit 2 -> DOWN
  - B2 Bit 4 -> DOWN
  - B2 Bit 6 -> DOWN
[14:52:13.829] Report: 06 01 57 00 00 00 00 00 | Keys: []
  - B1 Bit 0 -> UP
  - B2 Bit 0 -> UP
  - B2 Bit 1 -> UP
  - B2 Bit 2 -> UP
  - B2 Bit 4 -> UP
  - B2 Bit 6 -> UP
[14:52:13.833] Report: 06 00 00 00 00 00 00 00 | Keys: []
  - B1 Bit 0 -> DOWN
  - B2 Bit 0 -> DOWN
  - B2 Bit 1 -> DOWN
  - B2 Bit 2 -> DOWN
  - B2 Bit 4 -> DOWN
  - B2 Bit 6 -> DOWN
[14:52:13.875] Report: 06 01 57 00 00 00 00 00 | Keys: []
  - B1 Bit 0 -> UP
  - B2 Bit 0 -> UP
  - B2 Bit 1 -> UP
  - B2 Bit 2 -> UP
  - B2 Bit 4 -> UP
  - B2 Bit 6 -> UP
[14:52:13.879] Report: 06 00 00 00 00 00 00 00 | Keys: []
  - B1 Bit 0 -> DOWN
  - B2 Bit 0 -> DOWN
  - B2 Bit 1 -> DOWN
  - B2 Bit 2 -> DOWN
  - B2 Bit 4 -> DOWN
  - B2 Bit 6 -> DOWN
[14:52:13.904] Report: 06 01 57 00 00 00 00 00 | Keys: []
  - B1 Bit 0 -> UP
  - B2 Bit 0 -> UP
  - B2 Bit 1 -> UP
  - B2 Bit 2 -> UP
  - B2 Bit 4 -> UP
  - B2 Bit 6 -> UP
[14:52:13.908] Report: 06 00 00 00 00 00 00 00 | Keys: []
  - B1 Bit 0 -> DOWN
  - B2 Bit 0 -> DOWN
  - B2 Bit 1 -> DOWN
  - B2 Bit 2 -> DOWN
  - B2 Bit 4 -> DOWN
  - B2 Bit 6 -> DOWN
[14:52:13.934] Report: 06 01 57 00 00 00 00 00 | Keys: []
  - B1 Bit 0 -> UP
  - B2 Bit 0 -> UP
  - B2 Bit 1 -> UP
  - B2 Bit 2 -> UP
  - B2 Bit 4 -> UP
  - B2 Bit 6 -> UP
[14:52:13.937] Report: 06 00 00 00 00 00 00 00 | Keys: []
  - B1 Bit 0 -> DOWN
  - B2 Bit 0 -> DOWN
  - B2 Bit 1 -> DOWN
  - B2 Bit 2 -> DOWN
  - B2 Bit 4 -> DOWN
  - B2 Bit 6 -> DOWN
[14:52:13.964] Report: 06 01 57 00 00 00 00 00 | Keys: []
  - B1 Bit 0 -> UP
  - B2 Bit 0 -> UP
  - B2 Bit 1 -> UP
  - B2 Bit 2 -> UP
  - B2 Bit 4 -> UP
  - B2 Bit 6 -> UP
[14:52:13.967] Report: 06 00 00 00 00 00 00 00 | Keys: []
  - B1 Bit 0 -> DOWN
  - B2 Bit 0 -> DOWN
  - B2 Bit 1 -> DOWN
  - B2 Bit 2 -> DOWN
  - B2 Bit 4 -> DOWN
  - B2 Bit 6 -> DOWN
[14:52:13.980] Report: 06 01 57 00 00 00 00 00 | Keys: []
  - B1 Bit 0 -> UP
  - B2 Bit 0 -> UP
  - B2 Bit 1 -> UP
  - B2 Bit 2 -> UP
  - B2 Bit 4 -> UP
  - B2 Bit 6 -> UP
[14:52:13.998] Report: 06 00 00 00 00 00 00 00 | Keys: []
  - B1 Bit 0 -> DOWN
  - B2 Bit 0 -> DOWN
  - B2 Bit 1 -> DOWN
  - B2 Bit 2 -> DOWN
  - B2 Bit 4 -> DOWN
  - B2 Bit 6 -> DOWN
[14:52:14.013] Report: 06 01 57 00 00 00 00 00 | Keys: []
  - B1 Bit 0 -> UP
  - B2 Bit 0 -> UP
  - B2 Bit 1 -> UP
  - B2 Bit 2 -> UP
  - B2 Bit 4 -> UP
  - B2 Bit 6 -> UP
[14:52:14.017] Report: 06 00 00 00 00 00 00 00 | Keys: []
  - B1 Bit 0 -> DOWN
  - B2 Bit 0 -> DOWN
  - B2 Bit 1 -> DOWN
  - B2 Bit 2 -> DOWN
  - B2 Bit 4 -> DOWN
  - B2 Bit 6 -> DOWN
[14:52:14.071] Report: 06 01 57 00 00 00 00 00 | Keys: []
  - B1 Bit 0 -> UP
  - B2 Bit 0 -> UP
  - B2 Bit 1 -> UP
  - B2 Bit 2 -> UP
  - B2 Bit 4 -> UP
  - B2 Bit 6 -> UP
[14:52:14.073] Report: 06 00 00 00 00 00 00 00 | Keys: []
  - B1 Bit 0 -> DOWN
  - B2 Bit 1 -> DOWN
  - B2 Bit 2 -> DOWN
  - B2 Bit 4 -> DOWN
  - B2 Bit 6 -> DOWN
[14:52:14.463] Report: 06 01 56 00 00 00 00 00 | Keys: []
  - B1 Bit 0 -> UP
  - B2 Bit 1 -> UP
  - B2 Bit 2 -> UP
  - B2 Bit 4 -> UP
  - B2 Bit 6 -> UP
[14:52:14.466] Report: 06 00 00 00 00 00 00 00 | Keys: []
  - B1 Bit 0 -> DOWN
  - B2 Bit 1 -> DOWN
  - B2 Bit 2 -> DOWN
  - B2 Bit 4 -> DOWN
  - B2 Bit 6 -> DOWN
[14:52:14.489] Report: 06 01 56 00 00 00 00 00 | Keys: []
  - B1 Bit 0 -> UP
  - B2 Bit 1 -> UP
  - B2 Bit 2 -> UP
  - B2 Bit 4 -> UP
  - B2 Bit 6 -> UP
[14:52:14.494] Report: 06 00 00 00 00 00 00 00 | Keys: []
  - B1 Bit 0 -> DOWN
  - B2 Bit 1 -> DOWN
  - B2 Bit 2 -> DOWN
  - B2 Bit 4 -> DOWN
  - B2 Bit 6 -> DOWN
[14:52:14.505] Report: 06 01 56 00 00 00 00 00 | Keys: []
  - B1 Bit 0 -> UP
  - B2 Bit 1 -> UP
  - B2 Bit 2 -> UP
  - B2 Bit 4 -> UP
  - B2 Bit 6 -> UP
[14:52:14.521] Report: 06 00 00 00 00 00 00 00 | Keys: []
  - B1 Bit 0 -> DOWN
  - B2 Bit 1 -> DOWN
  - B2 Bit 2 -> DOWN
  - B2 Bit 4 -> DOWN
  - B2 Bit 6 -> DOWN
[14:52:14.549] Report: 06 01 56 00 00 00 00 00 | Keys: []
  - B1 Bit 0 -> UP
  - B2 Bit 1 -> UP
  - B2 Bit 2 -> UP
  - B2 Bit 4 -> UP
  - B2 Bit 6 -> UP
[14:52:14.551] Report: 06 00 00 00 00 00 00 00 | Keys: []
  - B1 Bit 0 -> DOWN
  - B2 Bit 1 -> DOWN
  - B2 Bit 2 -> DOWN
  - B2 Bit 4 -> DOWN
  - B2 Bit 6 -> DOWN
[14:52:14.609] Report: 06 01 56 00 00 00 00 00 | Keys: []
  - B1 Bit 0 -> UP
  - B2 Bit 1 -> UP
  - B2 Bit 2 -> UP
  - B2 Bit 4 -> UP
  - B2 Bit 6 -> UP
[14:52:14.627] Report: 06 00 00 00 00 00 00 00 | Keys: []
  - B1 Bit 0 -> DOWN
  - B2 Bit 1 -> DOWN
  - B2 Bit 2 -> DOWN
  - B2 Bit 4 -> DOWN
  - B2 Bit 6 -> DOWN
[14:52:14.717] Report: 06 01 56 00 00 00 00 00 | Keys: []
  - B1 Bit 0 -> UP
  - B2 Bit 1 -> UP
  - B2 Bit 2 -> UP
  - B2 Bit 4 -> UP
  - B2 Bit 6 -> UP
[14:52:14.719] Report: 06 00 00 00 00 00 00 00 | Keys: []
  - B1 Bit 0 -> DOWN
  - B2 Bit 1 -> DOWN
  - B2 Bit 2 -> DOWN
  - B2 Bit 4 -> DOWN
  - B2 Bit 6 -> DOWN
[14:52:14.775] Report: 06 01 56 00 00 00 00 00 | Keys: []
  - B1 Bit 0 -> UP
  - B2 Bit 1 -> UP
  - B2 Bit 2 -> UP
  - B2 Bit 4 -> UP
  - B2 Bit 6 -> UP
[14:52:14.793] Report: 06 00 00 00 00 00 00 00 | Keys: []
  - B1 Bit 0 -> DOWN
  - B2 Bit 1 -> DOWN
  - B2 Bit 2 -> DOWN
  - B2 Bit 4 -> DOWN
  - B2 Bit 6 -> DOWN
[14:52:14.834] Report: 06 01 56 00 00 00 00 00 | Keys: []
  - B1 Bit 0 -> UP
  - B2 Bit 1 -> UP
  - B2 Bit 2 -> UP
  - B2 Bit 4 -> UP
  - B2 Bit 6 -> UP
[14:52:14.837] Report: 06 00 00 00 00 00 00 00 | Keys: []
  - B1 Bit 0 -> DOWN
  - B2 Bit 1 -> DOWN
  - B2 Bit 2 -> DOWN
  - B2 Bit 4 -> DOWN
  - B2 Bit 6 -> DOWN
[14:52:14.910] Report: 06 01 56 00 00 00 00 00 | Keys: []
  - B1 Bit 0 -> UP
  - B2 Bit 1 -> UP
  - B2 Bit 2 -> UP
  - B2 Bit 4 -> UP
  - B2 Bit 6 -> UP
[14:52:14.914] Report: 06 00 00 00 00 00 00 00 | Keys: []
  - B1 Bit 0 -> DOWN
  - B2 Bit 1 -> DOWN
  - B2 Bit 2 -> DOWN
  - B2 Bit 4 -> DOWN
  - B2 Bit 6 -> DOWN
[14:52:14.955] Report: 06 01 56 00 00 00 00 00 | Keys: []
  - B1 Bit 0 -> UP
  - B2 Bit 1 -> UP
  - B2 Bit 2 -> UP
  - B2 Bit 4 -> UP
  - B2 Bit 6 -> UP
[14:52:14.957] Report: 06 00 00 00 00 00 00 00 | Keys: []
  - B1 Bit 0 -> DOWN
  - B2 Bit 1 -> DOWN
  - B2 Bit 2 -> DOWN
  - B2 Bit 4 -> DOWN
  - B2 Bit 6 -> DOWN
[14:52:15.014] Report: 06 01 56 00 00 00 00 00 | Keys: []
  - B1 Bit 0 -> UP
  - B2 Bit 1 -> UP
  - B2 Bit 2 -> UP
  - B2 Bit 4 -> UP
  - B2 Bit 6 -> UP
[14:52:15.017] Report: 06 00 00 00 00 00 00 00 | Keys: []
  - B1 Bit 0 -> DOWN
  - B2 Bit 1 -> DOWN
  - B2 Bit 2 -> DOWN
  - B2 Bit 4 -> DOWN
  - B2 Bit 6 -> DOWN
[14:52:15.061] Report: 06 01 56 00 00 00 00 00 | Keys: []
  - B1 Bit 0 -> UP
  - B2 Bit 1 -> UP
  - B2 Bit 2 -> UP
  - B2 Bit 4 -> UP
  - B2 Bit 6 -> UP
[14:52:15.063] Report: 06 00 00 00 00 00 00 00 | Keys: []
  - B1 Bit 0 -> DOWN
  - B2 Bit 1 -> DOWN
  - B2 Bit 2 -> DOWN
  - B2 Bit 4 -> DOWN
  - B2 Bit 6 -> DOWN
[14:52:15.106] Report: 06 01 56 00 00 00 00 00 | Keys: []
  - B1 Bit 0 -> UP
  - B2 Bit 1 -> UP
  - B2 Bit 2 -> UP
  - B2 Bit 4 -> UP
  - B2 Bit 6 -> UP
[14:52:15.108] Report: 06 00 00 00 00 00 00 00 | Keys: []
  - B1 Bit 0 -> DOWN
  - B2 Bit 1 -> DOWN
  - B2 Bit 2 -> DOWN
  - B2 Bit 4 -> DOWN
  - B2 Bit 6 -> DOWN
[14:52:15.150] Report: 06 01 56 00 00 00 00 00 | Keys: []
  - B1 Bit 0 -> UP
  - B2 Bit 1 -> UP
  - B2 Bit 2 -> UP
  - B2 Bit 4 -> UP
  - B2 Bit 6 -> UP
[14:52:15.151] Report: 06 00 00 00 00 00 00 00 | Keys: []
  - B1 Bit 0 -> DOWN
  - B2 Bit 1 -> DOWN
  - B2 Bit 2 -> DOWN
  - B2 Bit 4 -> DOWN
  - B2 Bit 6 -> DOWN
[14:52:15.180] Report: 06 01 56 00 00 00 00 00 | Keys: []
  - B1 Bit 0 -> UP
  - B2 Bit 1 -> UP
  - B2 Bit 2 -> UP
  - B2 Bit 4 -> UP
  - B2 Bit 6 -> UP
[14:52:15.182] Report: 06 00 00 00 00 00 00 00 | Keys: []
  - B1 Bit 0 -> DOWN
  - B2 Bit 0 -> DOWN
  - B2 Bit 1 -> DOWN
  - B2 Bit 2 -> DOWN
  - B2 Bit 4 -> DOWN
  - B2 Bit 6 -> DOWN
[14:52:15.601] Report: 06 01 57 00 00 00 00 00 | Keys: []
  - B1 Bit 0 -> UP
  - B2 Bit 0 -> UP
  - B2 Bit 1 -> UP
  - B2 Bit 2 -> UP
  - B2 Bit 4 -> UP
  - B2 Bit 6 -> UP
[14:52:15.604] Report: 06 00 00 00 00 00 00 00 | Keys: []
  - B1 Bit 0 -> DOWN
  - B2 Bit 0 -> DOWN
  - B2 Bit 1 -> DOWN
  - B2 Bit 2 -> DOWN
  - B2 Bit 4 -> DOWN
  - B2 Bit 6 -> DOWN
[14:52:15.659] Report: 06 01 57 00 00 00 00 00 | Keys: []
  - B1 Bit 0 -> UP
  - B2 Bit 0 -> UP
  - B2 Bit 1 -> UP
  - B2 Bit 2 -> UP
  - B2 Bit 4 -> UP
  - B2 Bit 6 -> UP
[14:52:15.661] Report: 06 00 00 00 00 00 00 00 | Keys: []
  - B1 Bit 0 -> DOWN
  - B2 Bit 0 -> DOWN
  - B2 Bit 1 -> DOWN
  - B2 Bit 2 -> DOWN
  - B2 Bit 4 -> DOWN
  - B2 Bit 6 -> DOWN
[14:52:15.705] Report: 06 01 57 00 00 00 00 00 | Keys: []
  - B1 Bit 0 -> UP
  - B2 Bit 0 -> UP
  - B2 Bit 1 -> UP
  - B2 Bit 2 -> UP
  - B2 Bit 4 -> UP
  - B2 Bit 6 -> UP
[14:52:15.708] Report: 06 00 00 00 00 00 00 00 | Keys: []
  - B1 Bit 0 -> DOWN
  - B2 Bit 0 -> DOWN
  - B2 Bit 1 -> DOWN
  - B2 Bit 2 -> DOWN
  - B2 Bit 4 -> DOWN
  - B2 Bit 6 -> DOWN
[14:52:15.749] Report: 06 01 57 00 00 00 00 00 | Keys: []
  - B1 Bit 0 -> UP
  - B2 Bit 0 -> UP
  - B2 Bit 1 -> UP
  - B2 Bit 2 -> UP
  - B2 Bit 4 -> UP
  - B2 Bit 6 -> UP
[14:52:15.765] Report: 06 00 00 00 00 00 00 00 | Keys: []
  - B1 Bit 0 -> DOWN
  - B2 Bit 0 -> DOWN
  - B2 Bit 1 -> DOWN
  - B2 Bit 2 -> DOWN
  - B2 Bit 4 -> DOWN
  - B2 Bit 6 -> DOWN
[14:52:15.810] Report: 06 01 57 00 00 00 00 00 | Keys: []
  - B1 Bit 0 -> UP
  - B2 Bit 0 -> UP
  - B2 Bit 1 -> UP
  - B2 Bit 2 -> UP
  - B2 Bit 4 -> UP
  - B2 Bit 6 -> UP
[14:52:15.814] Report: 06 00 00 00 00 00 00 00 | Keys: []
  - B1 Bit 0 -> DOWN
  - B2 Bit 0 -> DOWN
  - B2 Bit 1 -> DOWN
  - B2 Bit 2 -> DOWN
  - B2 Bit 4 -> DOWN
  - B2 Bit 6 -> DOWN
[14:52:15.855] Report: 06 01 57 00 00 00 00 00 | Keys: []
  - B1 Bit 0 -> UP
  - B2 Bit 0 -> UP
  - B2 Bit 1 -> UP
  - B2 Bit 2 -> UP
  - B2 Bit 4 -> UP
  - B2 Bit 6 -> UP
[14:52:15.860] Report: 06 00 00 00 00 00 00 00 | Keys: []
  - B1 Bit 0 -> DOWN
  - B2 Bit 0 -> DOWN
  - B2 Bit 1 -> DOWN
  - B2 Bit 2 -> DOWN
  - B2 Bit 4 -> DOWN
  - B2 Bit 6 -> DOWN
[14:52:15.885] Report: 06 01 57 00 00 00 00 00 | Keys: []
  - B1 Bit 0 -> UP
  - B2 Bit 0 -> UP
  - B2 Bit 1 -> UP
  - B2 Bit 2 -> UP
  - B2 Bit 4 -> UP
  - B2 Bit 6 -> UP
[14:52:15.887] Report: 06 00 00 00 00 00 00 00 | Keys: []
  - B1 Bit 0 -> DOWN
  - B2 Bit 0 -> DOWN
  - B2 Bit 1 -> DOWN
  - B2 Bit 2 -> DOWN
  - B2 Bit 4 -> DOWN
  - B2 Bit 6 -> DOWN
[14:52:15.914] Report: 06 01 57 00 00 00 00 00 | Keys: []
  - B1 Bit 0 -> UP
  - B2 Bit 0 -> UP
  - B2 Bit 1 -> UP
  - B2 Bit 2 -> UP
  - B2 Bit 4 -> UP
  - B2 Bit 6 -> UP
[14:52:15.917] Report: 06 00 00 00 00 00 00 00 | Keys: []
  - B1 Bit 0 -> DOWN
  - B2 Bit 0 -> DOWN
  - B2 Bit 1 -> DOWN
  - B2 Bit 2 -> DOWN
  - B2 Bit 4 -> DOWN
  - B2 Bit 6 -> DOWN
[14:52:15.960] Report: 06 01 57 00 00 00 00 00 | Keys: []
  - B1 Bit 0 -> UP
  - B2 Bit 0 -> UP
  - B2 Bit 1 -> UP
  - B2 Bit 2 -> UP
  - B2 Bit 4 -> UP
  - B2 Bit 6 -> UP
[14:52:15.962] Report: 06 00 00 00 00 00 00 00 | Keys: []
  - B1 Bit 0 -> DOWN
  - B2 Bit 0 -> DOWN
  - B2 Bit 1 -> DOWN
  - B2 Bit 2 -> DOWN
  - B2 Bit 4 -> DOWN
  - B2 Bit 6 -> DOWN
[14:52:16.005] Report: 06 01 57 00 00 00 00 00 | Keys: []
  - B1 Bit 0 -> UP
  - B2 Bit 0 -> UP
  - B2 Bit 1 -> UP
  - B2 Bit 2 -> UP
  - B2 Bit 4 -> UP
  - B2 Bit 6 -> UP
[14:52:16.007] Report: 06 00 00 00 00 00 00 00 | Keys: []
  - B1 Bit 0 -> DOWN
  - B2 Bit 0 -> DOWN
  - B2 Bit 1 -> DOWN
  - B2 Bit 2 -> DOWN
  - B2 Bit 4 -> DOWN
  - B2 Bit 6 -> DOWN
[14:52:16.065] Report: 06 01 57 00 00 00 00 00 | Keys: []
  - B1 Bit 0 -> UP
  - B2 Bit 0 -> UP
  - B2 Bit 1 -> UP
  - B2 Bit 2 -> UP
  - B2 Bit 4 -> UP
  - B2 Bit 6 -> UP
[14:52:16.067] Report: 06 00 00 00 00 00 00 00 | Keys: []
  - B1 Bit 0 -> DOWN
  - B2 Bit 0 -> DOWN
  - B2 Bit 1 -> DOWN
  - B2 Bit 2 -> DOWN
  - B2 Bit 4 -> DOWN
  - B2 Bit 6 -> DOWN
[14:52:16.080] Report: 06 01 57 00 00 00 00 00 | Keys: []
  - B1 Bit 0 -> UP
  - B2 Bit 0 -> UP
  - B2 Bit 1 -> UP
  - B2 Bit 2 -> UP
  - B2 Bit 4 -> UP
  - B2 Bit 6 -> UP
[14:52:16.083] Report: 06 00 00 00 00 00 00 00 | Keys: []
  - B1 Bit 0 -> DOWN
  - B2 Bit 0 -> DOWN
  - B2 Bit 1 -> DOWN
  - B2 Bit 2 -> DOWN
  - B2 Bit 4 -> DOWN
  - B2 Bit 6 -> DOWN
[14:52:16.124] Report: 06 01 57 00 00 00 00 00 | Keys: []
  - B1 Bit 0 -> UP
  - B2 Bit 0 -> UP
  - B2 Bit 1 -> UP
  - B2 Bit 2 -> UP
  - B2 Bit 4 -> UP
  - B2 Bit 6 -> UP
[14:52:16.127] Report: 06 00 00 00 00 00 00 00 | Keys: []
  - B1 Bit 0 -> DOWN
  - B2 Bit 0 -> DOWN
  - B2 Bit 1 -> DOWN
  - B2 Bit 2 -> DOWN
  - B2 Bit 4 -> DOWN
  - B2 Bit 6 -> DOWN
[14:52:16.154] Report: 06 01 57 00 00 00 00 00 | Keys: []
  - B1 Bit 0 -> UP
  - B2 Bit 0 -> UP
  - B2 Bit 1 -> UP
  - B2 Bit 2 -> UP
  - B2 Bit 4 -> UP
  - B2 Bit 6 -> UP
[14:52:16.157] Report: 06 00 00 00 00 00 00 00 | Keys: []
  - B1 Bit 0 -> DOWN
  - B2 Bit 0 -> DOWN
  - B2 Bit 1 -> DOWN
  - B2 Bit 2 -> DOWN
  - B2 Bit 4 -> DOWN
  - B2 Bit 6 -> DOWN
[14:52:16.185] Report: 06 01 57 00 00 00 00 00 | Keys: []
  - B1 Bit 0 -> UP
  - B2 Bit 0 -> UP
  - B2 Bit 1 -> UP
  - B2 Bit 2 -> UP
  - B2 Bit 4 -> UP
  - B2 Bit 6 -> UP
[14:52:16.187] Report: 06 00 00 00 00 00 00 00 | Keys: []
  - B1 Bit 0 -> DOWN
  - B2 Bit 0 -> DOWN
  - B2 Bit 1 -> DOWN
  - B2 Bit 2 -> DOWN
  - B2 Bit 4 -> DOWN
  - B2 Bit 6 -> DOWN
[14:52:16.260] Report: 06 01 57 00 00 00 00 00 | Keys: []
  - B1 Bit 0 -> UP
  - B2 Bit 0 -> UP
  - B2 Bit 1 -> UP
  - B2 Bit 2 -> UP
  - B2 Bit 4 -> UP
  - B2 Bit 6 -> UP
[14:52:16.262] Report: 06 00 00 00 00 00 00 00 | Keys: []
  - B1 Bit 0 -> DOWN
  - B2 Bit 1 -> DOWN
  - B2 Bit 2 -> DOWN
  - B2 Bit 4 -> DOWN
  - B2 Bit 6 -> DOWN
[14:52:16.726] Report: 06 01 56 00 00 00 00 00 | Keys: []
  - B1 Bit 0 -> UP
  - B2 Bit 1 -> UP
  - B2 Bit 2 -> UP
  - B2 Bit 4 -> UP
  - B2 Bit 6 -> UP
[14:52:16.730] Report: 06 00 00 00 00 00 00 00 | Keys: []
  - B1 Bit 0 -> DOWN
  - B2 Bit 1 -> DOWN
  - B2 Bit 2 -> DOWN
  - B2 Bit 4 -> DOWN
  - B2 Bit 6 -> DOWN
[14:52:16.759] Report: 06 01 56 00 00 00 00 00 | Keys: []
  - B1 Bit 0 -> UP
  - B2 Bit 1 -> UP
  - B2 Bit 2 -> UP
  - B2 Bit 4 -> UP
  - B2 Bit 6 -> UP
[14:52:16.763] Report: 06 00 00 00 00 00 00 00 | Keys: []
  - B1 Bit 0 -> DOWN
  - B2 Bit 1 -> DOWN
  - B2 Bit 2 -> DOWN
  - B2 Bit 4 -> DOWN
  - B2 Bit 6 -> DOWN
[14:52:16.815] Report: 06 01 56 00 00 00 00 00 | Keys: []
  - B1 Bit 0 -> UP
  - B2 Bit 1 -> UP
  - B2 Bit 2 -> UP
  - B2 Bit 4 -> UP
  - B2 Bit 6 -> UP
[14:52:16.817] Report: 06 00 00 00 00 00 00 00 | Keys: []
  - B1 Bit 0 -> DOWN
  - B2 Bit 1 -> DOWN
  - B2 Bit 2 -> DOWN
  - B2 Bit 4 -> DOWN
  - B2 Bit 6 -> DOWN
[14:52:16.874] Report: 06 01 56 00 00 00 00 00 | Keys: []
  - B1 Bit 0 -> UP
  - B2 Bit 1 -> UP
  - B2 Bit 2 -> UP
  - B2 Bit 4 -> UP
  - B2 Bit 6 -> UP
[14:52:16.891] Report: 06 00 00 00 00 00 00 00 | Keys: []
  - B1 Bit 0 -> DOWN
  - B2 Bit 1 -> DOWN
  - B2 Bit 2 -> DOWN
  - B2 Bit 4 -> DOWN
  - B2 Bit 6 -> DOWN
[14:52:16.950] Report: 06 01 56 00 00 00 00 00 | Keys: []
  - B1 Bit 0 -> UP
  - B2 Bit 1 -> UP
  - B2 Bit 2 -> UP
  - B2 Bit 4 -> UP
  - B2 Bit 6 -> UP
[14:52:16.952] Report: 06 00 00 00 00 00 00 00 | Keys: []
  - B1 Bit 0 -> DOWN
  - B2 Bit 1 -> DOWN
  - B2 Bit 2 -> DOWN
  - B2 Bit 4 -> DOWN
  - B2 Bit 6 -> DOWN
[14:52:16.994] Report: 06 01 56 00 00 00 00 00 | Keys: []
  - B1 Bit 0 -> UP
  - B2 Bit 1 -> UP
  - B2 Bit 2 -> UP
  - B2 Bit 4 -> UP
  - B2 Bit 6 -> UP
[14:52:17.010] Report: 06 00 00 00 00 00 00 00 | Keys: []
  - B1 Bit 0 -> DOWN
  - B2 Bit 1 -> DOWN
  - B2 Bit 2 -> DOWN
  - B2 Bit 4 -> DOWN
  - B2 Bit 6 -> DOWN
[14:52:17.069] Report: 06 01 56 00 00 00 00 00 | Keys: []
  - B1 Bit 0 -> UP
  - B2 Bit 1 -> UP
  - B2 Bit 2 -> UP
  - B2 Bit 4 -> UP
  - B2 Bit 6 -> UP
[14:52:17.085] Report: 06 00 00 00 00 00 00 00 | Keys: []
  - B1 Bit 0 -> DOWN
  - B2 Bit 1 -> DOWN
  - B2 Bit 2 -> DOWN
  - B2 Bit 4 -> DOWN
  - B2 Bit 6 -> DOWN
[14:52:17.160] Report: 06 01 56 00 00 00 00 00 | Keys: []
  - B1 Bit 0 -> UP
  - B2 Bit 1 -> UP
  - B2 Bit 2 -> UP
  - B2 Bit 4 -> UP
  - B2 Bit 6 -> UP
[14:52:17.163] Report: 06 00 00 00 00 00 00 00 | Keys: []
  - B1 Bit 0 -> DOWN
  - B2 Bit 1 -> DOWN
  - B2 Bit 2 -> DOWN
  - B2 Bit 4 -> DOWN
  - B2 Bit 6 -> DOWN
[14:52:17.221] Report: 06 01 56 00 00 00 00 00 | Keys: []
  - B1 Bit 0 -> UP
  - B2 Bit 1 -> UP
  - B2 Bit 2 -> UP
  - B2 Bit 4 -> UP
  - B2 Bit 6 -> UP
[14:52:17.225] Report: 06 00 00 00 00 00 00 00 | Keys: []
  - B1 Bit 0 -> DOWN
  - B2 Bit 1 -> DOWN
  - B2 Bit 2 -> DOWN
  - B2 Bit 4 -> DOWN
  - B2 Bit 6 -> DOWN
[14:52:17.295] Report: 06 01 56 00 00 00 00 00 | Keys: []
  - B1 Bit 0 -> UP
  - B2 Bit 1 -> UP
  - B2 Bit 2 -> UP
  - B2 Bit 4 -> UP
  - B2 Bit 6 -> UP
[14:52:17.299] Report: 06 00 00 00 00 00 00 00 | Keys: []
  - B1 Bit 0 -> DOWN
  - B2 Bit 1 -> DOWN
  - B2 Bit 2 -> DOWN
  - B2 Bit 4 -> DOWN
  - B2 Bit 6 -> DOWN
[14:52:17.371] Report: 06 01 56 00 00 00 00 00 | Keys: []
  - B1 Bit 0 -> UP
  - B2 Bit 1 -> UP
  - B2 Bit 2 -> UP
  - B2 Bit 4 -> UP
  - B2 Bit 6 -> UP
[14:52:17.375] Report: 06 00 00 00 00 00 00 00 | Keys: []
  - B1 Bit 0 -> DOWN
  - B2 Bit 1 -> DOWN
  - B2 Bit 2 -> DOWN
  - B2 Bit 4 -> DOWN
  - B2 Bit 6 -> DOWN
[14:52:17.416] Report: 06 01 56 00 00 00 00 00 | Keys: []
  - B1 Bit 0 -> UP
  - B2 Bit 1 -> UP
  - B2 Bit 2 -> UP
  - B2 Bit 4 -> UP
  - B2 Bit 6 -> UP
[14:52:17.418] Report: 06 00 00 00 00 00 00 00 | Keys: []
  - B1 Bit 0 -> DOWN
  - B2 Bit 1 -> DOWN
  - B2 Bit 2 -> DOWN
  - B2 Bit 4 -> DOWN
  - B2 Bit 6 -> DOWN
[14:52:17.475] Report: 06 01 56 00 00 00 00 00 | Keys: []
  - B1 Bit 0 -> UP
  - B2 Bit 1 -> UP
  - B2 Bit 2 -> UP
  - B2 Bit 4 -> UP
  - B2 Bit 6 -> UP
[14:52:17.478] Report: 06 00 00 00 00 00 00 00 | Keys: []
  - B1 Bit 0 -> DOWN
  - B2 Bit 1 -> DOWN
  - B2 Bit 2 -> DOWN
  - B2 Bit 4 -> DOWN
  - B2 Bit 6 -> DOWN
[14:52:17.505] Report: 06 01 56 00 00 00 00 00 | Keys: []
  - B1 Bit 0 -> UP
  - B2 Bit 1 -> UP
  - B2 Bit 2 -> UP
  - B2 Bit 4 -> UP
  - B2 Bit 6 -> UP
[14:52:17.508] Report: 06 00 00 00 00 00 00 00 | Keys: []
  - B1 Bit 0 -> DOWN
  - B2 Bit 1 -> DOWN
  - B2 Bit 2 -> DOWN
  - B2 Bit 4 -> DOWN
  - B2 Bit 6 -> DOWN
[14:52:17.564] Report: 06 01 56 00 00 00 00 00 | Keys: []
  - B1 Bit 0 -> UP
  - B2 Bit 1 -> UP
  - B2 Bit 2 -> UP
  - B2 Bit 4 -> UP
  - B2 Bit 6 -> UP
[14:52:17.580] Report: 06 00 00 00 00 00 00 00 | Keys: []
  - B1 Bit 0 -> DOWN
  - B2 Bit 1 -> DOWN
  - B2 Bit 2 -> DOWN
  - B2 Bit 4 -> DOWN
  - B2 Bit 6 -> DOWN
[14:52:17.625] Report: 06 01 56 00 00 00 00 00 | Keys: []
  - B1 Bit 0 -> UP
  - B2 Bit 1 -> UP
  - B2 Bit 2 -> UP
  - B2 Bit 4 -> UP
  - B2 Bit 6 -> UP
[14:52:17.628] Report: 06 00 00 00 00 00 00 00 | Keys: []
  - B1 Bit 0 -> DOWN
  - B2 Bit 0 -> DOWN
  - B2 Bit 1 -> DOWN
  - B2 Bit 2 -> DOWN
  - B2 Bit 4 -> DOWN
  - B2 Bit 6 -> DOWN
[14:52:18.060] Report: 06 01 57 00 00 00 00 00 | Keys: []
  - B1 Bit 0 -> UP
  - B2 Bit 0 -> UP
  - B2 Bit 1 -> UP
  - B2 Bit 2 -> UP
  - B2 Bit 4 -> UP
  - B2 Bit 6 -> UP
[14:52:18.064] Report: 06 00 00 00 00 00 00 00 | Keys: []
  - B1 Bit 0 -> DOWN
  - B2 Bit 0 -> DOWN
  - B2 Bit 1 -> DOWN
  - B2 Bit 2 -> DOWN
  - B2 Bit 4 -> DOWN
  - B2 Bit 6 -> DOWN
[14:52:18.120] Report: 06 01 57 00 00 00 00 00 | Keys: []
  - B1 Bit 0 -> UP
  - B2 Bit 0 -> UP
  - B2 Bit 1 -> UP
  - B2 Bit 2 -> UP
  - B2 Bit 4 -> UP
  - B2 Bit 6 -> UP
[14:52:18.127] Report: 06 00 00 00 00 00 00 00 | Keys: []
  - B1 Bit 0 -> DOWN
  - B2 Bit 0 -> DOWN
  - B2 Bit 1 -> DOWN
  - B2 Bit 2 -> DOWN
  - B2 Bit 4 -> DOWN
  - B2 Bit 6 -> DOWN
[14:52:18.166] Report: 06 01 57 00 00 00 00 00 | Keys: []
  - B1 Bit 0 -> UP
  - B2 Bit 0 -> UP
  - B2 Bit 1 -> UP
  - B2 Bit 2 -> UP
  - B2 Bit 4 -> UP
  - B2 Bit 6 -> UP
[14:52:18.169] Report: 06 00 00 00 00 00 00 00 | Keys: []
  - B1 Bit 0 -> DOWN
  - B2 Bit 0 -> DOWN
  - B2 Bit 1 -> DOWN
  - B2 Bit 2 -> DOWN
  - B2 Bit 4 -> DOWN
  - B2 Bit 6 -> DOWN
[14:52:18.195] Report: 06 01 57 00 00 00 00 00 | Keys: []
  - B1 Bit 0 -> UP
  - B2 Bit 0 -> UP
  - B2 Bit 1 -> UP
  - B2 Bit 2 -> UP
  - B2 Bit 4 -> UP
  - B2 Bit 6 -> UP
[14:52:18.198] Report: 06 00 00 00 00 00 00 00 | Keys: []
  - B1 Bit 0 -> DOWN
  - B2 Bit 0 -> DOWN
  - B2 Bit 1 -> DOWN
  - B2 Bit 2 -> DOWN
  - B2 Bit 4 -> DOWN
  - B2 Bit 6 -> DOWN
[14:52:18.240] Report: 06 01 57 00 00 00 00 00 | Keys: []
  - B1 Bit 0 -> UP
  - B2 Bit 0 -> UP
  - B2 Bit 1 -> UP
  - B2 Bit 2 -> UP
  - B2 Bit 4 -> UP
  - B2 Bit 6 -> UP
[14:52:18.244] Report: 06 00 00 00 00 00 00 00 | Keys: []
  - B1 Bit 0 -> DOWN
  - B2 Bit 0 -> DOWN
  - B2 Bit 1 -> DOWN
  - B2 Bit 2 -> DOWN
  - B2 Bit 4 -> DOWN
  - B2 Bit 6 -> DOWN
[14:52:18.288] Report: 06 01 57 00 00 00 00 00 | Keys: []
  - B1 Bit 0 -> UP
  - B2 Bit 0 -> UP
  - B2 Bit 1 -> UP
  - B2 Bit 2 -> UP
  - B2 Bit 4 -> UP
  - B2 Bit 6 -> UP
[14:52:18.292] Report: 06 00 00 00 00 00 00 00 | Keys: []
  - B1 Bit 0 -> DOWN
  - B2 Bit 0 -> DOWN
  - B2 Bit 1 -> DOWN
  - B2 Bit 2 -> DOWN
  - B2 Bit 4 -> DOWN
  - B2 Bit 6 -> DOWN
[14:52:18.330] Report: 06 01 57 00 00 00 00 00 | Keys: []
  - B1 Bit 0 -> UP
  - B2 Bit 0 -> UP
  - B2 Bit 1 -> UP
  - B2 Bit 2 -> UP
  - B2 Bit 4 -> UP
  - B2 Bit 6 -> UP
[14:52:18.334] Report: 06 00 00 00 00 00 00 00 | Keys: []
  - B1 Bit 0 -> DOWN
  - B2 Bit 0 -> DOWN
  - B2 Bit 1 -> DOWN
  - B2 Bit 2 -> DOWN
  - B2 Bit 4 -> DOWN
  - B2 Bit 6 -> DOWN
[14:52:18.361] Report: 06 01 57 00 00 00 00 00 | Keys: []
  - B1 Bit 0 -> UP
  - B2 Bit 0 -> UP
  - B2 Bit 1 -> UP
  - B2 Bit 2 -> UP
  - B2 Bit 4 -> UP
  - B2 Bit 6 -> UP
[14:52:18.363] Report: 06 00 00 00 00 00 00 00 | Keys: []
  - B1 Bit 0 -> DOWN
  - B2 Bit 0 -> DOWN
  - B2 Bit 1 -> DOWN
  - B2 Bit 2 -> DOWN
  - B2 Bit 4 -> DOWN
  - B2 Bit 6 -> DOWN
[14:52:18.405] Report: 06 01 57 00 00 00 00 00 | Keys: []
  - B1 Bit 0 -> UP
  - B2 Bit 0 -> UP
  - B2 Bit 1 -> UP
  - B2 Bit 2 -> UP
  - B2 Bit 4 -> UP
  - B2 Bit 6 -> UP
[14:52:18.409] Report: 06 00 00 00 00 00 00 00 | Keys: []
  - B1 Bit 0 -> DOWN
  - B2 Bit 0 -> DOWN
  - B2 Bit 1 -> DOWN
  - B2 Bit 2 -> DOWN
  - B2 Bit 4 -> DOWN
  - B2 Bit 6 -> DOWN
[14:52:18.440] Report: 06 01 57 00 00 00 00 00 | Keys: []
  - B1 Bit 0 -> UP
  - B2 Bit 0 -> UP
  - B2 Bit 1 -> UP
  - B2 Bit 2 -> UP
  - B2 Bit 4 -> UP
  - B2 Bit 6 -> UP
[14:52:18.450] Report: 06 00 00 00 00 00 00 00 | Keys: []
  - B1 Bit 0 -> DOWN
  - B2 Bit 0 -> DOWN
  - B2 Bit 1 -> DOWN
  - B2 Bit 2 -> DOWN
  - B2 Bit 4 -> DOWN
  - B2 Bit 6 -> DOWN
[14:52:18.480] Report: 06 01 57 00 00 00 00 00 | Keys: []
  - B1 Bit 0 -> UP
  - B2 Bit 0 -> UP
  - B2 Bit 1 -> UP
  - B2 Bit 2 -> UP
  - B2 Bit 4 -> UP
  - B2 Bit 6 -> UP
[14:52:18.495] Report: 06 00 00 00 00 00 00 00 | Keys: []
  - B1 Bit 0 -> DOWN
  - B2 Bit 0 -> DOWN
  - B2 Bit 1 -> DOWN
  - B2 Bit 2 -> DOWN
  - B2 Bit 4 -> DOWN
  - B2 Bit 6 -> DOWN
[14:52:18.525] Report: 06 01 57 00 00 00 00 00 | Keys: []
  - B1 Bit 0 -> UP
  - B2 Bit 0 -> UP
  - B2 Bit 1 -> UP
  - B2 Bit 2 -> UP
  - B2 Bit 4 -> UP
  - B2 Bit 6 -> UP
[14:52:18.528] Report: 06 00 00 00 00 00 00 00 | Keys: []
  - B1 Bit 0 -> DOWN
  - B2 Bit 0 -> DOWN
  - B2 Bit 1 -> DOWN
  - B2 Bit 2 -> DOWN
  - B2 Bit 4 -> DOWN
  - B2 Bit 6 -> DOWN
[14:52:18.570] Report: 06 01 57 00 00 00 00 00 | Keys: []
  - B1 Bit 0 -> UP
  - B2 Bit 0 -> UP
  - B2 Bit 1 -> UP
  - B2 Bit 2 -> UP
  - B2 Bit 4 -> UP
  - B2 Bit 6 -> UP
[14:52:18.574] Report: 06 00 00 00 00 00 00 00 | Keys: []
  - B1 Bit 0 -> DOWN
  - B2 Bit 0 -> DOWN
  - B2 Bit 1 -> DOWN
  - B2 Bit 2 -> DOWN
  - B2 Bit 4 -> DOWN
  - B2 Bit 6 -> DOWN
[14:52:18.600] Report: 06 01 57 00 00 00 00 00 | Keys: []
  - B1 Bit 0 -> UP
  - B2 Bit 0 -> UP
  - B2 Bit 1 -> UP
  - B2 Bit 2 -> UP
  - B2 Bit 4 -> UP
  - B2 Bit 6 -> UP
[14:52:18.604] Report: 06 00 00 00 00 00 00 00 | Keys: []
  - B1 Bit 0 -> DOWN
  - B2 Bit 0 -> DOWN
  - B2 Bit 1 -> DOWN
  - B2 Bit 2 -> DOWN
  - B2 Bit 4 -> DOWN
  - B2 Bit 6 -> DOWN
[14:52:18.644] Report: 06 01 57 00 00 00 00 00 | Keys: []
  - B1 Bit 0 -> UP
  - B2 Bit 0 -> UP
  - B2 Bit 1 -> UP
  - B2 Bit 2 -> UP
  - B2 Bit 4 -> UP
  - B2 Bit 6 -> UP
[14:52:18.647] Report: 06 00 00 00 00 00 00 00 | Keys: []
  - B1 Bit 0 -> DOWN
  - B2 Bit 0 -> DOWN
  - B2 Bit 1 -> DOWN
  - B2 Bit 2 -> DOWN
  - B2 Bit 4 -> DOWN
  - B2 Bit 6 -> DOWN
[14:52:18.675] Report: 06 01 57 00 00 00 00 00 | Keys: []
  - B1 Bit 0 -> UP
  - B2 Bit 0 -> UP
  - B2 Bit 1 -> UP
  - B2 Bit 2 -> UP
  - B2 Bit 4 -> UP
  - B2 Bit 6 -> UP
[14:52:18.679] Report: 06 00 00 00 00 00 00 00 | Keys: []
  - B1 Bit 0 -> DOWN
  - B2 Bit 0 -> DOWN
  - B2 Bit 1 -> DOWN
  - B2 Bit 2 -> DOWN
  - B2 Bit 4 -> DOWN
  - B2 Bit 6 -> DOWN
[14:52:18.781] Report: 06 01 57 00 00 00 00 00 | Keys: []
  - B1 Bit 0 -> UP
  - B2 Bit 0 -> UP
  - B2 Bit 1 -> UP
  - B2 Bit 2 -> UP
  - B2 Bit 4 -> UP
  - B2 Bit 6 -> UP
[14:52:18.792] Report: 06 00 00 00 00 00 00 00 | Keys: []
  - B1 Bit 0 -> DOWN
  - B2 Bit 1 -> DOWN
  - B2 Bit 2 -> DOWN
  - B2 Bit 4 -> DOWN
  - B2 Bit 6 -> DOWN
[14:52:18.977] Report: 06 01 56 00 00 00 00 00 | Keys: []
  - B1 Bit 0 -> UP
  - B2 Bit 1 -> UP
  - B2 Bit 2 -> UP
  - B2 Bit 4 -> UP
  - B2 Bit 6 -> UP
[14:52:18.980] Report: 06 00 00 00 00 00 00 00 | Keys: []
  - B1 Bit 0 -> DOWN
  - B2 Bit 1 -> DOWN
  - B2 Bit 2 -> DOWN
  - B2 Bit 4 -> DOWN
  - B2 Bit 6 -> DOWN
[14:52:19.038] Report: 06 01 56 00 00 00 00 00 | Keys: []
  - B1 Bit 0 -> UP
  - B2 Bit 1 -> UP
  - B2 Bit 2 -> UP
  - B2 Bit 4 -> UP
  - B2 Bit 6 -> UP
[14:52:19.043] Report: 06 00 00 00 00 00 00 00 | Keys: []
  - B1 Bit 0 -> DOWN
  - B2 Bit 1 -> DOWN
  - B2 Bit 2 -> DOWN
  - B2 Bit 4 -> DOWN
  - B2 Bit 6 -> DOWN
[14:52:19.066] Report: 06 01 56 00 00 00 00 00 | Keys: []
  - B1 Bit 0 -> UP
  - B2 Bit 1 -> UP
  - B2 Bit 2 -> UP
  - B2 Bit 4 -> UP
  - B2 Bit 6 -> UP
[14:52:19.081] Report: 06 00 00 00 00 00 00 00 | Keys: []
  - B1 Bit 0 -> DOWN
  - B2 Bit 1 -> DOWN
  - B2 Bit 2 -> DOWN
  - B2 Bit 4 -> DOWN
  - B2 Bit 6 -> DOWN
[14:52:19.110] Report: 06 01 56 00 00 00 00 00 | Keys: []
  - B1 Bit 0 -> UP
  - B2 Bit 1 -> UP
  - B2 Bit 2 -> UP
  - B2 Bit 4 -> UP
  - B2 Bit 6 -> UP
[14:52:19.125] Report: 06 00 00 00 00 00 00 00 | Keys: []
  - B1 Bit 0 -> DOWN
  - B2 Bit 1 -> DOWN
  - B2 Bit 2 -> DOWN
  - B2 Bit 4 -> DOWN
  - B2 Bit 6 -> DOWN
[14:52:19.155] Report: 06 01 56 00 00 00 00 00 | Keys: []
  - B1 Bit 0 -> UP
  - B2 Bit 1 -> UP
  - B2 Bit 2 -> UP
  - B2 Bit 4 -> UP
  - B2 Bit 6 -> UP
[14:52:19.158] Report: 06 00 00 00 00 00 00 00 | Keys: []
  - B1 Bit 0 -> DOWN
  - B2 Bit 1 -> DOWN
  - B2 Bit 2 -> DOWN
  - B2 Bit 4 -> DOWN
  - B2 Bit 6 -> DOWN
[14:52:19.230] Report: 06 01 56 00 00 00 00 00 | Keys: []
  - B1 Bit 0 -> UP
  - B2 Bit 1 -> UP
  - B2 Bit 2 -> UP
  - B2 Bit 4 -> UP
  - B2 Bit 6 -> UP
[14:52:19.234] Report: 06 00 00 00 00 00 00 00 | Keys: []
  - B1 Bit 0 -> DOWN
  - B2 Bit 1 -> DOWN
  - B2 Bit 2 -> DOWN
  - B2 Bit 4 -> DOWN
  - B2 Bit 6 -> DOWN
[14:52:19.306] Report: 06 01 56 00 00 00 00 00 | Keys: []
  - B1 Bit 0 -> UP
  - B2 Bit 1 -> UP
  - B2 Bit 2 -> UP
  - B2 Bit 4 -> UP
  - B2 Bit 6 -> UP
[14:52:19.309] Report: 06 00 00 00 00 00 00 00 | Keys: []
  - B1 Bit 0 -> DOWN
  - B2 Bit 1 -> DOWN
  - B2 Bit 2 -> DOWN
  - B2 Bit 4 -> DOWN
  - B2 Bit 6 -> DOWN
[14:52:19.365] Report: 06 01 56 00 00 00 00 00 | Keys: []
  - B1 Bit 0 -> UP
  - B2 Bit 1 -> UP
  - B2 Bit 2 -> UP
  - B2 Bit 4 -> UP
  - B2 Bit 6 -> UP
[14:52:19.370] Report: 06 00 00 00 00 00 00 00 | Keys: []
  - B1 Bit 0 -> DOWN
  - B2 Bit 1 -> DOWN
  - B2 Bit 2 -> DOWN
  - B2 Bit 4 -> DOWN
  - B2 Bit 6 -> DOWN
[14:52:19.802] Report: 06 01 56 00 00 00 00 00 | Keys: []
  - B1 Bit 0 -> UP
  - B2 Bit 1 -> UP
  - B2 Bit 2 -> UP
  - B2 Bit 4 -> UP
  - B2 Bit 6 -> UP
[14:52:19.807] Report: 06 00 00 00 00 00 00 00 | Keys: []
  - B1 Bit 0 -> DOWN
  - B2 Bit 1 -> DOWN
  - B2 Bit 2 -> DOWN
  - B2 Bit 4 -> DOWN
  - B2 Bit 6 -> DOWN
[14:52:20.056] Report: 06 01 56 00 00 00 00 00 | Keys: []
  - B1 Bit 0 -> UP
  - B2 Bit 1 -> UP
  - B2 Bit 2 -> UP
  - B2 Bit 4 -> UP
  - B2 Bit 6 -> UP
[14:52:20.060] Report: 06 00 00 00 00 00 00 00 | Keys: []
  - B1 Bit 0 -> DOWN
  - B2 Bit 1 -> DOWN
  - B2 Bit 2 -> DOWN
  - B2 Bit 4 -> DOWN
  - B2 Bit 6 -> DOWN
[14:52:20.130] Report: 06 01 56 00 00 00 00 00 | Keys: []
  - B1 Bit 0 -> UP
  - B2 Bit 1 -> UP
  - B2 Bit 2 -> UP
  - B2 Bit 4 -> UP
  - B2 Bit 6 -> UP
[14:52:20.134] Report: 06 00 00 00 00 00 00 00 | Keys: []
  - B1 Bit 0 -> DOWN
  - B2 Bit 1 -> DOWN
  - B2 Bit 2 -> DOWN
  - B2 Bit 4 -> DOWN
  - B2 Bit 6 -> DOWN
[14:52:20.221] Report: 06 01 56 00 00 00 00 00 | Keys: []
  - B1 Bit 0 -> UP
  - B2 Bit 1 -> UP
  - B2 Bit 2 -> UP
  - B2 Bit 4 -> UP
  - B2 Bit 6 -> UP
[14:52:20.223] Report: 06 00 00 00 00 00 00 00 | Keys: []
  - B1 Bit 0 -> DOWN
  - B2 Bit 1 -> DOWN
  - B2 Bit 2 -> DOWN
  - B2 Bit 4 -> DOWN
  - B2 Bit 6 -> DOWN
[14:52:20.309] Report: 06 01 56 00 00 00 00 00 | Keys: []
  - B1 Bit 0 -> UP
  - B2 Bit 1 -> UP
  - B2 Bit 2 -> UP
  - B2 Bit 4 -> UP
  - B2 Bit 6 -> UP
[14:52:20.313] Report: 06 00 00 00 00 00 00 00 | Keys: []
  - B1 Bit 0 -> DOWN
  - B2 Bit 1 -> DOWN
  - B2 Bit 2 -> DOWN
  - B2 Bit 4 -> DOWN
  - B2 Bit 6 -> DOWN
[14:52:20.355] Report: 06 01 56 00 00 00 00 00 | Keys: []
  - B1 Bit 0 -> UP
  - B2 Bit 1 -> UP
  - B2 Bit 2 -> UP
  - B2 Bit 4 -> UP
  - B2 Bit 6 -> UP
[14:52:20.357] Report: 06 00 00 00 00 00 00 00 | Keys: []
  - B1 Bit 0 -> DOWN
  - B2 Bit 1 -> DOWN
  - B2 Bit 2 -> DOWN
  - B2 Bit 4 -> DOWN
  - B2 Bit 6 -> DOWN
[14:52:20.384] Report: 06 01 56 00 00 00 00 00 | Keys: []
  - B1 Bit 0 -> UP
  - B2 Bit 1 -> UP
  - B2 Bit 2 -> UP
  - B2 Bit 4 -> UP
  - B2 Bit 6 -> UP
[14:52:20.400] Report: 06 00 00 00 00 00 00 00 | Keys: []
  - B1 Bit 0 -> DOWN
  - B2 Bit 1 -> DOWN
  - B2 Bit 2 -> DOWN
  - B2 Bit 4 -> DOWN
  - B2 Bit 6 -> DOWN
[14:52:20.445] Report: 06 01 56 00 00 00 00 00 | Keys: []
  - B1 Bit 0 -> UP
  - B2 Bit 1 -> UP
  - B2 Bit 2 -> UP
  - B2 Bit 4 -> UP
  - B2 Bit 6 -> UP
[14:52:20.447] Report: 06 00 00 00 00 00 00 00 | Keys: []
  - B1 Bit 0 -> DOWN
  - B2 Bit 0 -> DOWN
  - B2 Bit 1 -> DOWN
  - B2 Bit 2 -> DOWN
  - B2 Bit 4 -> DOWN
  - B2 Bit 6 -> DOWN
[14:52:20.716] Report: 06 01 57 00 00 00 00 00 | Keys: []
  - B1 Bit 0 -> UP
  - B2 Bit 0 -> UP
  - B2 Bit 1 -> UP
  - B2 Bit 2 -> UP
  - B2 Bit 4 -> UP
  - B2 Bit 6 -> UP
[14:52:20.719] Report: 06 00 00 00 00 00 00 00 | Keys: []
  - B1 Bit 0 -> DOWN
  - B2 Bit 0 -> DOWN
  - B2 Bit 1 -> DOWN
  - B2 Bit 2 -> DOWN
  - B2 Bit 4 -> DOWN
  - B2 Bit 6 -> DOWN
[14:52:20.760] Report: 06 01 57 00 00 00 00 00 | Keys: []
  - B1 Bit 0 -> UP
  - B2 Bit 0 -> UP
  - B2 Bit 1 -> UP
  - B2 Bit 2 -> UP
  - B2 Bit 4 -> UP
  - B2 Bit 6 -> UP
[14:52:20.762] Report: 06 00 00 00 00 00 00 00 | Keys: []
  - B1 Bit 0 -> DOWN
  - B2 Bit 0 -> DOWN
  - B2 Bit 1 -> DOWN
  - B2 Bit 2 -> DOWN
  - B2 Bit 4 -> DOWN
  - B2 Bit 6 -> DOWN
[14:52:20.789] Report: 06 01 57 00 00 00 00 00 | Keys: []
  - B1 Bit 0 -> UP
  - B2 Bit 0 -> UP
  - B2 Bit 1 -> UP
  - B2 Bit 2 -> UP
  - B2 Bit 4 -> UP
  - B2 Bit 6 -> UP
[14:52:20.806] Report: 06 00 00 00 00 00 00 00 | Keys: []
  - B1 Bit 0 -> DOWN
  - B2 Bit 0 -> DOWN
  - B2 Bit 1 -> DOWN
  - B2 Bit 2 -> DOWN
  - B2 Bit 4 -> DOWN
  - B2 Bit 6 -> DOWN
[14:52:20.850] Report: 06 01 57 00 00 00 00 00 | Keys: []
  - B1 Bit 0 -> UP
  - B2 Bit 0 -> UP
  - B2 Bit 1 -> UP
  - B2 Bit 2 -> UP
  - B2 Bit 4 -> UP
  - B2 Bit 6 -> UP
[14:52:20.852] Report: 06 00 00 00 00 00 00 00 | Keys: []
  - B1 Bit 0 -> DOWN
  - B2 Bit 0 -> DOWN
  - B2 Bit 1 -> DOWN
  - B2 Bit 2 -> DOWN
  - B2 Bit 4 -> DOWN
  - B2 Bit 6 -> DOWN
[14:52:20.910] Report: 06 01 57 00 00 00 00 00 | Keys: []
  - B1 Bit 0 -> UP
  - B2 Bit 0 -> UP
  - B2 Bit 1 -> UP
  - B2 Bit 2 -> UP
  - B2 Bit 4 -> UP
  - B2 Bit 6 -> UP
[14:52:20.912] Report: 06 00 00 00 00 00 00 00 | Keys: []
  - B1 Bit 0 -> DOWN
  - B2 Bit 0 -> DOWN
  - B2 Bit 1 -> DOWN
  - B2 Bit 2 -> DOWN
  - B2 Bit 4 -> DOWN
  - B2 Bit 6 -> DOWN
[14:52:20.954] Report: 06 01 57 00 00 00 00 00 | Keys: []
  - B1 Bit 0 -> UP
  - B2 Bit 0 -> UP
  - B2 Bit 1 -> UP
  - B2 Bit 2 -> UP
  - B2 Bit 4 -> UP
  - B2 Bit 6 -> UP
[14:52:20.970] Report: 06 00 00 00 00 00 00 00 | Keys: []
  - B1 Bit 0 -> DOWN
  - B2 Bit 0 -> DOWN
  - B2 Bit 1 -> DOWN
  - B2 Bit 2 -> DOWN
  - B2 Bit 4 -> DOWN
  - B2 Bit 6 -> DOWN
[14:52:21.000] Report: 06 01 57 00 00 00 00 00 | Keys: []
  - B1 Bit 0 -> UP
  - B2 Bit 0 -> UP
  - B2 Bit 1 -> UP
  - B2 Bit 2 -> UP
  - B2 Bit 4 -> UP
  - B2 Bit 6 -> UP
[14:52:21.002] Report: 06 00 00 00 00 00 00 00 | Keys: []
  - B1 Bit 0 -> DOWN
  - B2 Bit 0 -> DOWN
  - B2 Bit 1 -> DOWN
  - B2 Bit 2 -> DOWN
  - B2 Bit 4 -> DOWN
  - B2 Bit 6 -> DOWN
[14:52:21.044] Report: 06 01 57 00 00 00 00 00 | Keys: []
  - B1 Bit 0 -> UP
  - B2 Bit 0 -> UP
  - B2 Bit 1 -> UP
  - B2 Bit 2 -> UP
  - B2 Bit 4 -> UP
  - B2 Bit 6 -> UP
[14:52:21.046] Report: 06 00 00 00 00 00 00 00 | Keys: []
  - B1 Bit 0 -> DOWN
  - B2 Bit 0 -> DOWN
  - B2 Bit 1 -> DOWN
  - B2 Bit 2 -> DOWN
  - B2 Bit 4 -> DOWN
  - B2 Bit 6 -> DOWN
[14:52:21.075] Report: 06 01 57 00 00 00 00 00 | Keys: []
  - B1 Bit 0 -> UP
  - B2 Bit 0 -> UP
  - B2 Bit 1 -> UP
  - B2 Bit 2 -> UP
  - B2 Bit 4 -> UP
  - B2 Bit 6 -> UP
[14:52:21.078] Report: 06 00 00 00 00 00 00 00 | Keys: []
  - B1 Bit 0 -> DOWN
  - B2 Bit 0 -> DOWN
  - B2 Bit 1 -> DOWN
  - B2 Bit 2 -> DOWN
  - B2 Bit 4 -> DOWN
  - B2 Bit 6 -> DOWN
[14:52:21.120] Report: 06 01 57 00 00 00 00 00 | Keys: []
  - B1 Bit 0 -> UP
  - B2 Bit 0 -> UP
  - B2 Bit 1 -> UP
  - B2 Bit 2 -> UP
  - B2 Bit 4 -> UP
  - B2 Bit 6 -> UP
[14:52:21.122] Report: 06 00 00 00 00 00 00 00 | Keys: []
  - B1 Bit 0 -> DOWN
  - B2 Bit 0 -> DOWN
  - B2 Bit 1 -> DOWN
  - B2 Bit 2 -> DOWN
  - B2 Bit 4 -> DOWN
  - B2 Bit 6 -> DOWN
[14:52:21.149] Report: 06 01 57 00 00 00 00 00 | Keys: []
  - B1 Bit 0 -> UP
  - B2 Bit 0 -> UP
  - B2 Bit 1 -> UP
  - B2 Bit 2 -> UP
  - B2 Bit 4 -> UP
  - B2 Bit 6 -> UP
[14:52:21.151] Report: 06 00 00 00 00 00 00 00 | Keys: []
  - B1 Bit 0 -> DOWN
  - B2 Bit 0 -> DOWN
  - B2 Bit 1 -> DOWN
  - B2 Bit 2 -> DOWN
  - B2 Bit 4 -> DOWN
  - B2 Bit 6 -> DOWN
[14:52:21.209] Report: 06 01 57 00 00 00 00 00 | Keys: []
  - B1 Bit 0 -> UP
  - B2 Bit 0 -> UP
  - B2 Bit 1 -> UP
  - B2 Bit 2 -> UP
  - B2 Bit 4 -> UP
  - B2 Bit 6 -> UP
[14:52:21.211] Report: 06 00 00 00 00 00 00 00 | Keys: []
  - B1 Bit 0 -> DOWN
  - B2 Bit 1 -> DOWN
  - B2 Bit 2 -> DOWN
  - B2 Bit 4 -> DOWN
  - B2 Bit 6 -> DOWN
[14:52:21.541] Report: 06 01 56 00 00 00 00 00 | Keys: []
  - B1 Bit 0 -> UP
  - B2 Bit 1 -> UP
  - B2 Bit 2 -> UP
  - B2 Bit 4 -> UP
  - B2 Bit 6 -> UP
[14:52:21.544] Report: 06 00 00 00 00 00 00 00 | Keys: []
  - B1 Bit 0 -> DOWN
  - B2 Bit 1 -> DOWN
  - B2 Bit 2 -> DOWN
  - B2 Bit 4 -> DOWN
  - B2 Bit 6 -> DOWN
[14:52:21.586] Report: 06 01 56 00 00 00 00 00 | Keys: []
  - B1 Bit 0 -> UP
  - B2 Bit 1 -> UP
  - B2 Bit 2 -> UP
  - B2 Bit 4 -> UP
  - B2 Bit 6 -> UP
[14:52:21.588] Report: 06 00 00 00 00 00 00 00 | Keys: []
  - B1 Bit 0 -> DOWN
  - B2 Bit 1 -> DOWN
  - B2 Bit 2 -> DOWN
  - B2 Bit 4 -> DOWN
  - B2 Bit 6 -> DOWN
[14:52:21.629] Report: 06 01 56 00 00 00 00 00 | Keys: []
  - B1 Bit 0 -> UP
  - B2 Bit 1 -> UP
  - B2 Bit 2 -> UP
  - B2 Bit 4 -> UP
  - B2 Bit 6 -> UP
[14:52:21.633] Report: 06 00 00 00 00 00 00 00 | Keys: []
  - B1 Bit 0 -> DOWN
  - B2 Bit 1 -> DOWN
  - B2 Bit 2 -> DOWN
  - B2 Bit 4 -> DOWN
  - B2 Bit 6 -> DOWN
[14:52:21.675] Report: 06 01 56 00 00 00 00 00 | Keys: []
  - B1 Bit 0 -> UP
  - B2 Bit 1 -> UP
  - B2 Bit 2 -> UP
  - B2 Bit 4 -> UP
  - B2 Bit 6 -> UP
[14:52:21.677] Report: 06 00 00 00 00 00 00 00 | Keys: []
  - B1 Bit 0 -> DOWN
  - B2 Bit 1 -> DOWN
  - B2 Bit 2 -> DOWN
  - B2 Bit 4 -> DOWN
  - B2 Bit 6 -> DOWN
[14:52:21.736] Report: 06 01 56 00 00 00 00 00 | Keys: []
  - B1 Bit 0 -> UP
  - B2 Bit 1 -> UP
  - B2 Bit 2 -> UP
  - B2 Bit 4 -> UP
  - B2 Bit 6 -> UP
[14:52:21.742] Report: 06 00 00 00 00 00 00 00 | Keys: []
  - B1 Bit 0 -> DOWN
  - B2 Bit 1 -> DOWN
  - B2 Bit 2 -> DOWN
  - B2 Bit 4 -> DOWN
  - B2 Bit 6 -> DOWN
[14:52:21.766] Report: 06 01 56 00 00 00 00 00 | Keys: []
  - B1 Bit 0 -> UP
  - B2 Bit 1 -> UP
  - B2 Bit 2 -> UP
  - B2 Bit 4 -> UP
  - B2 Bit 6 -> UP
[14:52:21.769] Report: 06 00 00 00 00 00 00 00 | Keys: []
  - B1 Bit 0 -> DOWN
  - B2 Bit 1 -> DOWN
  - B2 Bit 2 -> DOWN
  - B2 Bit 4 -> DOWN
  - B2 Bit 6 -> DOWN
[14:52:21.825] Report: 06 01 56 00 00 00 00 00 | Keys: []
  - B1 Bit 0 -> UP
  - B2 Bit 1 -> UP
  - B2 Bit 2 -> UP
  - B2 Bit 4 -> UP
  - B2 Bit 6 -> UP
[14:52:21.829] Report: 06 00 00 00 00 00 00 00 | Keys: []
  - B1 Bit 0 -> DOWN
  - B2 Bit 1 -> DOWN
  - B2 Bit 2 -> DOWN
  - B2 Bit 4 -> DOWN
  - B2 Bit 6 -> DOWN
[14:52:21.885] Report: 06 01 56 00 00 00 00 00 | Keys: []
  - B1 Bit 0 -> UP
  - B2 Bit 1 -> UP
  - B2 Bit 2 -> UP
  - B2 Bit 4 -> UP
  - B2 Bit 6 -> UP
[14:52:21.887] Report: 06 00 00 00 00 00 00 00 | Keys: []
  - B1 Bit 0 -> DOWN
  - B2 Bit 1 -> DOWN
  - B2 Bit 2 -> DOWN
  - B2 Bit 4 -> DOWN
  - B2 Bit 6 -> DOWN
[14:52:21.915] Report: 06 01 56 00 00 00 00 00 | Keys: []
  - B1 Bit 0 -> UP
  - B2 Bit 1 -> UP
  - B2 Bit 2 -> UP
  - B2 Bit 4 -> UP
  - B2 Bit 6 -> UP
[14:52:21.917] Report: 06 00 00 00 00 00 00 00 | Keys: []
  - B1 Bit 0 -> DOWN
  - B2 Bit 1 -> DOWN
  - B2 Bit 2 -> DOWN
  - B2 Bit 4 -> DOWN
  - B2 Bit 6 -> DOWN
[14:52:21.931] Report: 06 01 56 00 00 00 00 00 | Keys: []
  - B1 Bit 0 -> UP
  - B2 Bit 1 -> UP
  - B2 Bit 2 -> UP
  - B2 Bit 4 -> UP
  - B2 Bit 6 -> UP
[14:52:21.933] Report: 06 00 00 00 00 00 00 00 | Keys: []
  - B1 Bit 0 -> DOWN
  - B2 Bit 1 -> DOWN
  - B2 Bit 2 -> DOWN
  - B2 Bit 4 -> DOWN
  - B2 Bit 6 -> DOWN
[14:52:21.960] Report: 06 01 56 00 00 00 00 00 | Keys: []
  - B1 Bit 0 -> UP
  - B2 Bit 1 -> UP
  - B2 Bit 2 -> UP
  - B2 Bit 4 -> UP
  - B2 Bit 6 -> UP
[14:52:21.962] Report: 06 00 00 00 00 00 00 00 | Keys: []
  - B1 Bit 0 -> DOWN
  - B2 Bit 1 -> DOWN
  - B2 Bit 2 -> DOWN
  - B2 Bit 4 -> DOWN
  - B2 Bit 6 -> DOWN
[14:52:22.005] Report: 06 01 56 00 00 00 00 00 | Keys: []
  - B1 Bit 0 -> UP
  - B2 Bit 1 -> UP
  - B2 Bit 2 -> UP
  - B2 Bit 4 -> UP
  - B2 Bit 6 -> UP
[14:52:22.008] Report: 06 00 00 00 00 00 00 00 | Keys: []
  - B1 Bit 0 -> DOWN
  - B2 Bit 1 -> DOWN
  - B2 Bit 2 -> DOWN
  - B2 Bit 4 -> DOWN
  - B2 Bit 6 -> DOWN
[14:52:22.036] Report: 06 01 56 00 00 00 00 00 | Keys: []
  - B1 Bit 0 -> UP
  - B2 Bit 1 -> UP
  - B2 Bit 2 -> UP
  - B2 Bit 4 -> UP
  - B2 Bit 6 -> UP
[14:52:22.038] Report: 06 00 00 00 00 00 00 00 | Keys: []
  - B1 Bit 0 -> DOWN
  - B2 Bit 1 -> DOWN
  - B2 Bit 2 -> DOWN
  - B2 Bit 4 -> DOWN
  - B2 Bit 6 -> DOWN
[14:52:22.080] Report: 06 01 56 00 00 00 00 00 | Keys: []
  - B1 Bit 0 -> UP
  - B2 Bit 1 -> UP
  - B2 Bit 2 -> UP
  - B2 Bit 4 -> UP
  - B2 Bit 6 -> UP
[14:52:22.082] Report: 06 00 00 00 00 00 00 00 | Keys: []
  - B1 Bit 0 -> DOWN
  - B2 Bit 1 -> DOWN
  - B2 Bit 2 -> DOWN
  - B2 Bit 4 -> DOWN
  - B2 Bit 6 -> DOWN
[14:52:22.110] Report: 06 01 56 00 00 00 00 00 | Keys: []
  - B1 Bit 0 -> UP
  - B2 Bit 1 -> UP
  - B2 Bit 2 -> UP
  - B2 Bit 4 -> UP
  - B2 Bit 6 -> UP
[14:52:22.112] Report: 06 00 00 00 00 00 00 00 | Keys: []
  - B1 Bit 0 -> DOWN
  - B2 Bit 1 -> DOWN
  - B2 Bit 2 -> DOWN
  - B2 Bit 4 -> DOWN
  - B2 Bit 6 -> DOWN
[14:52:22.155] Report: 06 01 56 00 00 00 00 00 | Keys: []
  - B1 Bit 0 -> UP
  - B2 Bit 1 -> UP
  - B2 Bit 2 -> UP
  - B2 Bit 4 -> UP
  - B2 Bit 6 -> UP
[14:52:22.157] Report: 06 00 00 00 00 00 00 00 | Keys: []
  - B1 Bit 0 -> DOWN
  - B2 Bit 1 -> DOWN
  - B2 Bit 2 -> DOWN
  - B2 Bit 4 -> DOWN
  - B2 Bit 6 -> DOWN
[14:52:22.200] Report: 06 01 56 00 00 00 00 00 | Keys: []
  - B1 Bit 0 -> UP
  - B2 Bit 1 -> UP
  - B2 Bit 2 -> UP
  - B2 Bit 4 -> UP
  - B2 Bit 6 -> UP
[14:52:22.202] Report: 06 00 00 00 00 00 00 00 | Keys: []
  - B1 Bit 0 -> DOWN
  - B2 Bit 1 -> DOWN
  - B2 Bit 2 -> DOWN
  - B2 Bit 4 -> DOWN
  - B2 Bit 6 -> DOWN
[14:52:22.245] Report: 06 01 56 00 00 00 00 00 | Keys: []
  - B1 Bit 0 -> UP
  - B2 Bit 1 -> UP
  - B2 Bit 2 -> UP
  - B2 Bit 4 -> UP
  - B2 Bit 6 -> UP
[14:52:22.247] Report: 06 00 00 00 00 00 00 00 | Keys: []
  - B1 Bit 0 -> DOWN
  - B2 Bit 1 -> DOWN
  - B2 Bit 2 -> DOWN
  - B2 Bit 4 -> DOWN
  - B2 Bit 6 -> DOWN
[14:52:22.305] Report: 06 01 56 00 00 00 00 00 | Keys: []
  - B1 Bit 0 -> UP
  - B2 Bit 1 -> UP
  - B2 Bit 2 -> UP
  - B2 Bit 4 -> UP
  - B2 Bit 6 -> UP
[14:52:22.309] Report: 06 00 00 00 00 00 00 00 | Keys: []
  - B1 Bit 0 -> DOWN
  - B2 Bit 1 -> DOWN
  - B2 Bit 2 -> DOWN
  - B2 Bit 4 -> DOWN
  - B2 Bit 6 -> DOWN
[14:52:22.365] Report: 06 01 56 00 00 00 00 00 | Keys: []
  - B1 Bit 0 -> UP
  - B2 Bit 1 -> UP
  - B2 Bit 2 -> UP
  - B2 Bit 4 -> UP
  - B2 Bit 6 -> UP
[14:52:22.367] Report: 06 00 00 00 00 00 00 00 | Keys: []
  - B1 Bit 0 -> DOWN
  - B2 Bit 1 -> DOWN
  - B2 Bit 2 -> DOWN
  - B2 Bit 4 -> DOWN
  - B2 Bit 6 -> DOWN
[14:52:22.410] Report: 06 01 56 00 00 00 00 00 | Keys: []
  - B1 Bit 0 -> UP
  - B2 Bit 1 -> UP
  - B2 Bit 2 -> UP
  - B2 Bit 4 -> UP
  - B2 Bit 6 -> UP
[14:52:22.425] Report: 06 00 00 00 00 00 00 00 | Keys: []
  - B1 Bit 0 -> DOWN
  - B2 Bit 1 -> DOWN
  - B2 Bit 2 -> DOWN
  - B2 Bit 4 -> DOWN
  - B2 Bit 6 -> DOWN
[14:52:22.456] Report: 06 01 56 00 00 00 00 00 | Keys: []
  - B1 Bit 0 -> UP
  - B2 Bit 1 -> UP
  - B2 Bit 2 -> UP
  - B2 Bit 4 -> UP
  - B2 Bit 6 -> UP
[14:52:22.460] Report: 06 00 00 00 00 00 00 00 | Keys: []
  - B1 Bit 0 -> DOWN
  - B2 Bit 1 -> DOWN
  - B2 Bit 2 -> DOWN
  - B2 Bit 4 -> DOWN
  - B2 Bit 6 -> DOWN
[14:52:22.486] Report: 06 01 56 00 00 00 00 00 | Keys: []
  - B1 Bit 0 -> UP
  - B2 Bit 1 -> UP
  - B2 Bit 2 -> UP
  - B2 Bit 4 -> UP
  - B2 Bit 6 -> UP
[14:52:22.489] Report: 06 00 00 00 00 00 00 00 | Keys: []
  - B1 Bit 0 -> DOWN
  - B2 Bit 1 -> DOWN
  - B2 Bit 2 -> DOWN
  - B2 Bit 4 -> DOWN
  - B2 Bit 6 -> DOWN
[14:52:22.545] Report: 06 01 56 00 00 00 00 00 | Keys: []
  - B1 Bit 0 -> UP
  - B2 Bit 1 -> UP
  - B2 Bit 2 -> UP
  - B2 Bit 4 -> UP
  - B2 Bit 6 -> UP
[14:52:22.548] Report: 06 00 00 00 00 00 00 00 | Keys: []
  - B1 Bit 0 -> DOWN
  - B2 Bit 1 -> DOWN
  - B2 Bit 2 -> DOWN
  - B2 Bit 4 -> DOWN
  - B2 Bit 6 -> DOWN
[14:52:22.592] Report: 06 01 56 00 00 00 00 00 | Keys: []
  - B1 Bit 0 -> UP
  - B2 Bit 1 -> UP
  - B2 Bit 2 -> UP
  - B2 Bit 4 -> UP
  - B2 Bit 6 -> UP
[14:52:22.595] Report: 06 00 00 00 00 00 00 00 | Keys: []
  - B1 Bit 0 -> DOWN
  - B2 Bit 1 -> DOWN
  - B2 Bit 2 -> DOWN
  - B2 Bit 4 -> DOWN
  - B2 Bit 6 -> DOWN
[14:52:22.665] Report: 06 01 56 00 00 00 00 00 | Keys: []
  - B1 Bit 0 -> UP
  - B2 Bit 1 -> UP
  - B2 Bit 2 -> UP
  - B2 Bit 4 -> UP
  - B2 Bit 6 -> UP
[14:52:22.669] Report: 06 00 00 00 00 00 00 00 | Keys: []
  - B1 Bit 0 -> DOWN
  - B2 Bit 1 -> DOWN
  - B2 Bit 2 -> DOWN
  - B2 Bit 4 -> DOWN
  - B2 Bit 6 -> DOWN
[14:52:22.711] Report: 06 01 56 00 00 00 00 00 | Keys: []
  - B1 Bit 0 -> UP
  - B2 Bit 1 -> UP
  - B2 Bit 2 -> UP
  - B2 Bit 4 -> UP
  - B2 Bit 6 -> UP
[14:52:22.714] Report: 06 00 00 00 00 00 00 00 | Keys: []
  - B1 Bit 0 -> DOWN
  - B2 Bit 0 -> DOWN
  - B2 Bit 1 -> DOWN
  - B2 Bit 2 -> DOWN
  - B2 Bit 4 -> DOWN
  - B2 Bit 6 -> DOWN
[14:52:22.997] Report: 06 01 57 00 00 00 00 00 | Keys: []
  - B1 Bit 0 -> UP
  - B2 Bit 0 -> UP
  - B2 Bit 1 -> UP
  - B2 Bit 2 -> UP
  - B2 Bit 4 -> UP
  - B2 Bit 6 -> UP
[14:52:23.002] Report: 06 00 00 00 00 00 00 00 | Keys: []
  - B1 Bit 0 -> DOWN
  - B2 Bit 0 -> DOWN
  - B2 Bit 1 -> DOWN
  - B2 Bit 2 -> DOWN
  - B2 Bit 4 -> DOWN
  - B2 Bit 6 -> DOWN
[14:52:23.027] Report: 06 01 57 00 00 00 00 00 | Keys: []
  - B1 Bit 0 -> UP
  - B2 Bit 0 -> UP
  - B2 Bit 1 -> UP
  - B2 Bit 2 -> UP
  - B2 Bit 4 -> UP
  - B2 Bit 6 -> UP
[14:52:23.045] Report: 06 00 00 00 00 00 00 00 | Keys: []
  - B1 Bit 0 -> DOWN
  - B2 Bit 0 -> DOWN
  - B2 Bit 1 -> DOWN
  - B2 Bit 2 -> DOWN
  - B2 Bit 4 -> DOWN
  - B2 Bit 6 -> DOWN
[14:52:23.070] Report: 06 01 57 00 00 00 00 00 | Keys: []
  - B1 Bit 0 -> UP
  - B2 Bit 0 -> UP
  - B2 Bit 1 -> UP
  - B2 Bit 2 -> UP
  - B2 Bit 4 -> UP
  - B2 Bit 6 -> UP
[14:52:23.074] Report: 06 00 00 00 00 00 00 00 | Keys: []
  - B1 Bit 0 -> DOWN
  - B2 Bit 0 -> DOWN
  - B2 Bit 1 -> DOWN
  - B2 Bit 2 -> DOWN
  - B2 Bit 4 -> DOWN
  - B2 Bit 6 -> DOWN
[14:52:23.101] Report: 06 01 57 00 00 00 00 00 | Keys: []
  - B1 Bit 0 -> UP
  - B2 Bit 0 -> UP
  - B2 Bit 1 -> UP
  - B2 Bit 2 -> UP
  - B2 Bit 4 -> UP
  - B2 Bit 6 -> UP
[14:52:23.105] Report: 06 00 00 00 00 00 00 00 | Keys: []
  - B1 Bit 0 -> DOWN
  - B2 Bit 0 -> DOWN
  - B2 Bit 1 -> DOWN
  - B2 Bit 2 -> DOWN
  - B2 Bit 4 -> DOWN
  - B2 Bit 6 -> DOWN
[14:52:23.145] Report: 06 01 57 00 00 00 00 00 | Keys: []
  - B1 Bit 0 -> UP
  - B2 Bit 0 -> UP
  - B2 Bit 1 -> UP
  - B2 Bit 2 -> UP
  - B2 Bit 4 -> UP
  - B2 Bit 6 -> UP
[14:52:23.148] Report: 06 00 00 00 00 00 00 00 | Keys: []
  - B1 Bit 0 -> DOWN
  - B2 Bit 0 -> DOWN
  - B2 Bit 1 -> DOWN
  - B2 Bit 2 -> DOWN
  - B2 Bit 4 -> DOWN
  - B2 Bit 6 -> DOWN
[14:52:23.207] Report: 06 01 57 00 00 00 00 00 | Keys: []
  - B1 Bit 0 -> UP
  - B2 Bit 0 -> UP
  - B2 Bit 1 -> UP
  - B2 Bit 2 -> UP
  - B2 Bit 4 -> UP
  - B2 Bit 6 -> UP
[14:52:23.210] Report: 06 00 00 00 00 00 00 00 | Keys: []
  - B1 Bit 0 -> DOWN
  - B2 Bit 0 -> DOWN
  - B2 Bit 1 -> DOWN
  - B2 Bit 2 -> DOWN
  - B2 Bit 4 -> DOWN
  - B2 Bit 6 -> DOWN
[14:52:23.236] Report: 06 01 57 00 00 00 00 00 | Keys: []
  - B1 Bit 0 -> UP
  - B2 Bit 0 -> UP
  - B2 Bit 1 -> UP
  - B2 Bit 2 -> UP
  - B2 Bit 4 -> UP
  - B2 Bit 6 -> UP
[14:52:23.251] Report: 06 00 00 00 00 00 00 00 | Keys: []
  - B1 Bit 0 -> DOWN
  - B2 Bit 0 -> DOWN
  - B2 Bit 1 -> DOWN
  - B2 Bit 2 -> DOWN
  - B2 Bit 4 -> DOWN
  - B2 Bit 6 -> DOWN
[14:52:23.266] Report: 06 01 57 00 00 00 00 00 | Keys: []
  - B1 Bit 0 -> UP
  - B2 Bit 0 -> UP
  - B2 Bit 1 -> UP
  - B2 Bit 2 -> UP
  - B2 Bit 4 -> UP
  - B2 Bit 6 -> UP
[14:52:23.268] Report: 06 00 00 00 00 00 00 00 | Keys: []
  - B1 Bit 0 -> DOWN
  - B2 Bit 0 -> DOWN
  - B2 Bit 1 -> DOWN
  - B2 Bit 2 -> DOWN
  - B2 Bit 4 -> DOWN
  - B2 Bit 6 -> DOWN
[14:52:23.312] Report: 06 01 57 00 00 00 00 00 | Keys: []
  - B1 Bit 0 -> UP
  - B2 Bit 0 -> UP
  - B2 Bit 1 -> UP
  - B2 Bit 2 -> UP
  - B2 Bit 4 -> UP
  - B2 Bit 6 -> UP
[14:52:23.314] Report: 06 00 00 00 00 00 00 00 | Keys: []
  - B1 Bit 0 -> DOWN
  - B2 Bit 0 -> DOWN
  - B2 Bit 1 -> DOWN
  - B2 Bit 2 -> DOWN
  - B2 Bit 4 -> DOWN
  - B2 Bit 6 -> DOWN
[14:52:23.340] Report: 06 01 57 00 00 00 00 00 | Keys: []
  - B1 Bit 0 -> UP
  - B2 Bit 0 -> UP
  - B2 Bit 1 -> UP
  - B2 Bit 2 -> UP
  - B2 Bit 4 -> UP
  - B2 Bit 6 -> UP
[14:52:23.356] Report: 06 00 00 00 00 00 00 00 | Keys: []
  - B1 Bit 0 -> DOWN
  - B2 Bit 0 -> DOWN
  - B2 Bit 1 -> DOWN
  - B2 Bit 2 -> DOWN
  - B2 Bit 4 -> DOWN
  - B2 Bit 6 -> DOWN
[14:52:23.386] Report: 06 01 57 00 00 00 00 00 | Keys: []
  - B1 Bit 0 -> UP
  - B2 Bit 0 -> UP
  - B2 Bit 1 -> UP
  - B2 Bit 2 -> UP
  - B2 Bit 4 -> UP
  - B2 Bit 6 -> UP
[14:52:23.389] Report: 06 00 00 00 00 00 00 00 | Keys: []
  - B1 Bit 0 -> DOWN
  - B2 Bit 0 -> DOWN
  - B2 Bit 1 -> DOWN
  - B2 Bit 2 -> DOWN
  - B2 Bit 4 -> DOWN
  - B2 Bit 6 -> DOWN
[14:52:23.415] Report: 06 01 57 00 00 00 00 00 | Keys: []
  - B1 Bit 0 -> UP
  - B2 Bit 0 -> UP
  - B2 Bit 1 -> UP
  - B2 Bit 2 -> UP
  - B2 Bit 4 -> UP
  - B2 Bit 6 -> UP
[14:52:23.418] Report: 06 00 00 00 00 00 00 00 | Keys: []
  - B1 Bit 0 -> DOWN
  - B2 Bit 0 -> DOWN
  - B2 Bit 1 -> DOWN
  - B2 Bit 2 -> DOWN
  - B2 Bit 4 -> DOWN
  - B2 Bit 6 -> DOWN
[14:52:23.446] Report: 06 01 57 00 00 00 00 00 | Keys: []
  - B1 Bit 0 -> UP
  - B2 Bit 0 -> UP
  - B2 Bit 1 -> UP
  - B2 Bit 2 -> UP
  - B2 Bit 4 -> UP
  - B2 Bit 6 -> UP
[14:52:23.449] Report: 06 00 00 00 00 00 00 00 | Keys: []
  - B1 Bit 0 -> DOWN
  - B2 Bit 0 -> DOWN
  - B2 Bit 1 -> DOWN
  - B2 Bit 2 -> DOWN
  - B2 Bit 4 -> DOWN
  - B2 Bit 6 -> DOWN
[14:52:23.475] Report: 06 01 57 00 00 00 00 00 | Keys: []
  - B1 Bit 0 -> UP
  - B2 Bit 0 -> UP
  - B2 Bit 1 -> UP
  - B2 Bit 2 -> UP
  - B2 Bit 4 -> UP
  - B2 Bit 6 -> UP
[14:52:23.480] Report: 06 00 00 00 00 00 00 00 | Keys: []
  - B1 Bit 0 -> DOWN
  - B2 Bit 0 -> DOWN
  - B2 Bit 1 -> DOWN
  - B2 Bit 2 -> DOWN
  - B2 Bit 4 -> DOWN
  - B2 Bit 6 -> DOWN
[14:52:23.506] Report: 06 01 57 00 00 00 00 00 | Keys: []
  - B1 Bit 0 -> UP
  - B2 Bit 0 -> UP
  - B2 Bit 1 -> UP
  - B2 Bit 2 -> UP
  - B2 Bit 4 -> UP
  - B2 Bit 6 -> UP
[14:52:23.521] Report: 06 00 00 00 00 00 00 00 | Keys: []
  - B1 Bit 0 -> DOWN
  - B2 Bit 0 -> DOWN
  - B2 Bit 1 -> DOWN
  - B2 Bit 2 -> DOWN
  - B2 Bit 4 -> DOWN
  - B2 Bit 6 -> DOWN
[14:52:23.551] Report: 06 01 57 00 00 00 00 00 | Keys: []
  - B1 Bit 0 -> UP
  - B2 Bit 0 -> UP
  - B2 Bit 1 -> UP
  - B2 Bit 2 -> UP
  - B2 Bit 4 -> UP
  - B2 Bit 6 -> UP
[14:52:23.555] Report: 06 00 00 00 00 00 00 00 | Keys: []
  - B1 Bit 0 -> DOWN
  - B2 Bit 0 -> DOWN
  - B2 Bit 1 -> DOWN
  - B2 Bit 2 -> DOWN
  - B2 Bit 4 -> DOWN
  - B2 Bit 6 -> DOWN
[14:52:23.580] Report: 06 01 57 00 00 00 00 00 | Keys: []
  - B1 Bit 0 -> UP
  - B2 Bit 0 -> UP
  - B2 Bit 1 -> UP
  - B2 Bit 2 -> UP
  - B2 Bit 4 -> UP
  - B2 Bit 6 -> UP
[14:52:23.583] Report: 06 00 00 00 00 00 00 00 | Keys: []
  - B1 Bit 0 -> DOWN
  - B2 Bit 0 -> DOWN
  - B2 Bit 1 -> DOWN
  - B2 Bit 2 -> DOWN
  - B2 Bit 4 -> DOWN
  - B2 Bit 6 -> DOWN
[14:52:23.611] Report: 06 01 57 00 00 00 00 00 | Keys: []
  - B1 Bit 0 -> UP
  - B2 Bit 0 -> UP
  - B2 Bit 1 -> UP
  - B2 Bit 2 -> UP
  - B2 Bit 4 -> UP
  - B2 Bit 6 -> UP
[14:52:23.626] Report: 06 00 00 00 00 00 00 00 | Keys: []
  - B1 Bit 0 -> DOWN
  - B2 Bit 0 -> DOWN
  - B2 Bit 1 -> DOWN
  - B2 Bit 2 -> DOWN
  - B2 Bit 4 -> DOWN
  - B2 Bit 6 -> DOWN
[14:52:23.655] Report: 06 01 57 00 00 00 00 00 | Keys: []
  - B1 Bit 0 -> UP
  - B2 Bit 0 -> UP
  - B2 Bit 1 -> UP
  - B2 Bit 2 -> UP
  - B2 Bit 4 -> UP
  - B2 Bit 6 -> UP
[14:52:23.658] Report: 06 00 00 00 00 00 00 00 | Keys: []
  - B1 Bit 0 -> DOWN
  - B2 Bit 0 -> DOWN
  - B2 Bit 1 -> DOWN
  - B2 Bit 2 -> DOWN
  - B2 Bit 4 -> DOWN
  - B2 Bit 6 -> DOWN
[14:52:23.685] Report: 06 01 57 00 00 00 00 00 | Keys: []
  - B1 Bit 0 -> UP
  - B2 Bit 0 -> UP
  - B2 Bit 1 -> UP
  - B2 Bit 2 -> UP
  - B2 Bit 4 -> UP
  - B2 Bit 6 -> UP
[14:52:23.687] Report: 06 00 00 00 00 00 00 00 | Keys: []
  - B1 Bit 0 -> DOWN
  - B2 Bit 0 -> DOWN
  - B2 Bit 1 -> DOWN
  - B2 Bit 2 -> DOWN
  - B2 Bit 4 -> DOWN
  - B2 Bit 6 -> DOWN
[14:53:03.181] Report: 06 01 57 00 00 00 00 00 | Keys: []
  - B1 Bit 0 -> UP
  - B2 Bit 0 -> UP
  - B2 Bit 1 -> UP
  - B2 Bit 2 -> UP
  - B2 Bit 4 -> UP
  - B2 Bit 6 -> UP
[14:53:03.185] Report: 06 00 00 00 00 00 00 00 | Keys: []
  - B1 Bit 0 -> DOWN
  - B2 Bit 0 -> DOWN
  - B2 Bit 1 -> DOWN
  - B2 Bit 2 -> DOWN
  - B2 Bit 4 -> DOWN
  - B2 Bit 6 -> DOWN
[14:53:03.421] Report: 06 01 57 00 00 00 00 00 | Keys: []
  - B1 Bit 0 -> UP
  - B2 Bit 0 -> UP
  - B2 Bit 1 -> UP
  - B2 Bit 2 -> UP
  - B2 Bit 4 -> UP
  - B2 Bit 6 -> UP
[14:53:03.425] Report: 06 00 00 00 00 00 00 00 | Keys: []
  - B1 Bit 0 -> DOWN
  - B2 Bit 1 -> DOWN
  - B2 Bit 2 -> DOWN
  - B2 Bit 4 -> DOWN
  - B2 Bit 6 -> DOWN
[14:53:03.766] Report: 06 01 56 00 00 00 00 00 | Keys: []
  - B1 Bit 0 -> UP
  - B2 Bit 1 -> UP
  - B2 Bit 2 -> UP
  - B2 Bit 4 -> UP
  - B2 Bit 6 -> UP
[14:53:03.770] Report: 06 00 00 00 00 00 00 00 | Keys: []
  - B1 Bit 0 -> DOWN
  - B2 Bit 1 -> DOWN
  - B2 Bit 2 -> DOWN
  - B2 Bit 4 -> DOWN
  - B2 Bit 6 -> DOWN
[14:53:03.856] Report: 06 01 56 00 00 00 00 00 | Keys: []
  - B1 Bit 0 -> UP
  - B2 Bit 1 -> UP
  - B2 Bit 2 -> UP
  - B2 Bit 4 -> UP
  - B2 Bit 6 -> UP
[14:53:03.860] Report: 06 00 00 00 00 00 00 00 | Keys: []
  - B1 Bit 0 -> DOWN
  - B2 Bit 1 -> DOWN
  - B2 Bit 2 -> DOWN
  - B2 Bit 4 -> DOWN
  - B2 Bit 6 -> DOWN
[14:53:04.007] Report: 06 01 56 00 00 00 00 00 | Keys: []
  - B1 Bit 0 -> UP
  - B2 Bit 1 -> UP
  - B2 Bit 2 -> UP
  - B2 Bit 4 -> UP
  - B2 Bit 6 -> UP
[14:53:04.010] Report: 06 00 00 00 00 00 00 00 | Keys: []
  - B1 Bit 0 -> DOWN
  - B2 Bit 0 -> DOWN
  - B2 Bit 1 -> DOWN
  - B2 Bit 2 -> DOWN
  - B2 Bit 4 -> DOWN
  - B2 Bit 6 -> DOWN
[14:53:04.502] Report: 06 01 57 00 00 00 00 00 | Keys: []
  - B1 Bit 0 -> UP
  - B2 Bit 0 -> UP
  - B2 Bit 1 -> UP
  - B2 Bit 2 -> UP
  - B2 Bit 4 -> UP
  - B2 Bit 6 -> UP
[14:53:04.506] Report: 06 00 00 00 00 00 00 00 | Keys: []
  - B1 Bit 0 -> DOWN
  - B2 Bit 0 -> DOWN
  - B2 Bit 1 -> DOWN
  - B2 Bit 2 -> DOWN
  - B2 Bit 4 -> DOWN
  - B2 Bit 6 -> DOWN
[14:53:04.622] Report: 06 01 57 00 00 00 00 00 | Keys: []
  - B1 Bit 0 -> UP
  - B2 Bit 0 -> UP
  - B2 Bit 1 -> UP
  - B2 Bit 2 -> UP
  - B2 Bit 4 -> UP
  - B2 Bit 6 -> UP
[14:53:04.626] Report: 06 00 00 00 00 00 00 00 | Keys: []
  - B1 Bit 0 -> DOWN
  - B2 Bit 1 -> DOWN
  - B2 Bit 2 -> DOWN
  - B2 Bit 4 -> DOWN
  - B2 Bit 6 -> DOWN
[14:53:05.386] Report: 06 01 56 00 00 00 00 00 | Keys: []
  - B1 Bit 0 -> UP
  - B2 Bit 1 -> UP
  - B2 Bit 2 -> UP
  - B2 Bit 4 -> UP
  - B2 Bit 6 -> UP
[14:53:05.388] Report: 06 00 00 00 00 00 00 00 | Keys: []
  - B1 Bit 0 -> DOWN
  - B2 Bit 0 -> DOWN
  - B2 Bit 1 -> DOWN
  - B2 Bit 2 -> DOWN
  - B2 Bit 4 -> DOWN
  - B2 Bit 6 -> DOWN
[14:53:06.006] Report: 06 01 57 00 00 00 00 00 | Keys: []
  - B1 Bit 0 -> UP
  - B2 Bit 0 -> UP
  - B2 Bit 1 -> UP
  - B2 Bit 2 -> UP
  - B2 Bit 4 -> UP
  - B2 Bit 6 -> UP
[14:53:06.009] Report: 06 00 00 00 00 00 00 00 | Keys: []
  - B1 Bit 0 -> DOWN
  - B2 Bit 1 -> DOWN
  - B2 Bit 2 -> DOWN
  - B2 Bit 4 -> DOWN
  - B2 Bit 6 -> DOWN
[14:53:06.572] Report: 06 01 56 00 00 00 00 00 | Keys: []
  - B1 Bit 0 -> UP
  - B2 Bit 1 -> UP
  - B2 Bit 2 -> UP
  - B2 Bit 4 -> UP
  - B2 Bit 6 -> UP
[14:53:06.576] Report: 06 00 00 00 00 00 00 00 | Keys: []
[14:54:37.335] ID: 6 Type: 0 | Report: 06 03 1D 00 00 00 00 00 | Keys: []
[14:54:37.440] ID: 6 Type: 0 | Report: 06 00 00 00 00 00 00 00 | Keys: []
[14:54:39.015] ID: 6 Type: 0 | Report: 06 01 57 00 00 00 00 00 | Keys: []
[14:54:39.019] ID: 6 Type: 0 | Report: 06 00 00 00 00 00 00 00 | Keys: []
[14:54:39.336] ID: 6 Type: 0 | Report: 06 01 57 00 00 00 00 00 | Keys: []
[14:54:39.339] ID: 6 Type: 0 | Report: 06 00 00 00 00 00 00 00 | Keys: []
[14:54:40.424] ID: 6 Type: 0 | Report: 06 01 56 00 00 00 00 00 | Keys: []
[14:54:40.439] ID: 6 Type: 0 | Report: 06 00 00 00 00 00 00 00 | Keys: []
[14:54:40.727] ID: 6 Type: 0 | Report: 06 01 56 00 00 00 00 00 | Keys: []
[14:54:40.734] ID: 6 Type: 0 | Report: 06 00 00 00 00 00 00 00 | Keys: []
[14:54:41.430] ID: 6 Type: 0 | Report: 06 01 56 00 00 00 00 00 | Keys: []
[14:54:41.432] ID: 6 Type: 0 | Report: 06 00 00 00 00 00 00 00 | Keys: []
[14:54:42.209] ID: 6 Type: 0 | Report: 06 00 00 00 00 00 00 00 (Identical)
[14:54:42.403] ID: 6 Type: 0 | Report: 06 00 00 00 00 00 00 00 (Identical)
[14:54:42.914] ID: 6 Type: 0 | Report: 06 00 00 00 00 00 00 00 (Identical)
[14:54:43.064] ID: 6 Type: 0 | Report: 06 00 00 00 00 00 00 00 (Identical)
[14:54:43.559] ID: 6 Type: 0 | Report: 06 00 00 00 00 00 00 00 (Identical)
[14:54:43.664] ID: 6 Type: 0 | Report: 06 00 00 00 00 00 00 00 (Identical)
[14:54:44.391] ID: 6 Type: 0 | Report: 06 00 00 00 00 00 00 00 (Identical)
[14:54:44.474] ID: 6 Type: 0 | Report: 06 00 00 00 00 00 00 00 (Identical)
[14:54:44.775] ID: 6 Type: 0 | Report: 06 00 00 00 00 00 00 00 (Identical)
[14:54:44.928] ID: 6 Type: 0 | Report: 06 00 00 00 00 00 00 00 (Identical)
[14:54:45.795] ID: 6 Type: 0 | Report: 06 01 12 00 00 00 00 00 | Keys: [K1]
[14:54:45.884] ID: 6 Type: 0 | Report: 06 00 00 00 00 00 00 00 | Keys: []
[14:54:46.185] ID: 6 Type: 0 | Report: 06 01 11 00 00 00 00 00 | Keys: [K2]
[14:54:46.340] ID: 6 Type: 0 | Report: 06 00 00 00 00 00 00 00 | Keys: []
[14:54:46.589] ID: 6 Type: 0 | Report: 06 00 3E 00 00 00 00 00 | Keys: [K3]
[14:54:46.693] ID: 6 Type: 0 | Report: 06 00 00 00 00 00 00 00 | Keys: []
[14:54:47.084] ID: 6 Type: 0 | Report: 06 02 00 00 00 00 00 00 | Keys: [K4]
[14:54:47.234] ID: 6 Type: 0 | Report: 06 00 00 00 00 00 00 00 | Keys: []
[14:54:47.430] ID: 6 Type: 0 | Report: 06 01 00 00 00 00 00 00 | Keys: [K5]
[14:54:47.579] ID: 6 Type: 0 | Report: 06 00 00 00 00 00 00 00 | Keys: []
[14:54:47.729] ID: 6 Type: 0 | Report: 06 04 00 00 00 00 00 00 | Keys: [K6]
[14:54:47.834] ID: 6 Type: 0 | Report: 06 00 00 00 00 00 00 00 | Keys: []
[14:54:48.194] ID: 6 Type: 0 | Report: 06 01 1D 00 00 00 00 00 | Keys: [K8]
[14:54:48.344] ID: 6 Type: 0 | Report: 06 00 00 00 00 00 00 00 | Keys: []
[14:54:48.584] ID: 6 Type: 0 | Report: 06 00 2C 00 00 00 00 00 | Keys: [K9]
[14:54:48.794] ID: 6 Type: 0 | Report: 06 00 00 00 00 00 00 00 | Keys: []
[14:54:48.945] ID: 6 Type: 0 | Report: 06 00 2C 00 00 00 00 00 | Keys: [K9]
[14:54:49.334] ID: 6 Type: 0 | Report: 06 00 00 00 00 00 00 00 | Keys: []
[14:54:50.534] ID: 6 Type: 0 | Report: 06 03 1D 00 00 00 00 00 | Keys: [K10]
[14:54:50.730] ID: 6 Type: 0 | Report: 06 00 00 00 00 00 00 00 | Keys: []
[14:54:51.136] ID: 6 Type: 0 | Report: 06 01 16 00 00 00 00 00 | Keys: [K7]
[14:54:51.329] ID: 6 Type: 0 | Report: 06 00 00 00 00 00 00 00 | Keys: []
[14:54:51.825] ID: 6 Type: 0 | Report: 06 04 00 00 00 00 00 00 | Keys: [K6]
[14:54:51.976] ID: 6 Type: 0 | Report: 06 05 00 00 00 00 00 00 | Keys: [K5, K6]
[14:54:52.020] ID: 6 Type: 0 | Report: 06 01 00 00 00 00 00 00 | Keys: [K5]
[14:54:52.213] ID: 6 Type: 0 | Report: 06 03 00 00 00 00 00 00 | Keys: [K4, K5]
[14:54:52.319] ID: 6 Type: 0 | Report: 06 02 00 00 00 00 00 00 | Keys: [K4]
[14:54:52.469] ID: 6 Type: 0 | Report: 06 00 00 00 00 00 00 00 | Keys: []
[14:54:52.663] ID: 6 Type: 0 | Report: 06 01 12 00 00 00 00 00 | Keys: [K1]
[14:54:52.814] ID: 6 Type: 0 | Report: 06 01 12 11 00 00 00 00 | Keys: [K1]
[14:54:52.874] ID: 6 Type: 0 | Report: 06 01 11 00 00 00 00 00 | Keys: [K2]
[14:54:52.963] ID: 6 Type: 0 | Report: 06 01 11 3E 00 00 00 00 | Keys: [K2]
[14:54:53.069] ID: 6 Type: 0 | Report: 06 00 3E 00 00 00 00 00 | Keys: [K3]
[14:54:53.219] ID: 6 Type: 0 | Report: 06 00 00 00 00 00 00 00 | Keys: []
[14:54:55.004] ID: 6 Type: 0 | Report: 06 02 00 00 00 00 00 00 | Keys: [K4]
[14:54:55.560] ID: 6 Type: 0 | Report: 06 01 57 00 00 00 00 00 | Keys: []
[14:54:55.564] ID: 6 Type: 0 | Report: 06 00 00 00 00 00 00 00 | Keys: []
[14:54:55.740] ID: 6 Type: 0 | Report: 06 01 57 00 00 00 00 00 | Keys: []
[14:54:55.744] ID: 6 Type: 0 | Report: 06 00 00 00 00 00 00 00 | Keys: []
[14:54:55.950] ID: 6 Type: 0 | Report: 06 01 57 00 00 00 00 00 | Keys: []
[14:54:55.954] ID: 6 Type: 0 | Report: 06 00 00 00 00 00 00 00 | Keys: []
[14:54:56.506] ID: 6 Type: 0 | Report: 06 01 57 00 00 00 00 00 | Keys: []
[14:54:56.510] ID: 6 Type: 0 | Report: 06 00 00 00 00 00 00 00 | Keys: []
[14:54:56.865] ID: 6 Type: 0 | Report: 06 01 56 00 00 00 00 00 | Keys: []
[14:54:56.869] ID: 6 Type: 0 | Report: 06 00 00 00 00 00 00 00 | Keys: []
[14:54:57.001] ID: 6 Type: 0 | Report: 06 01 56 00 00 00 00 00 | Keys: []
[14:54:57.004] ID: 6 Type: 0 | Report: 06 00 00 00 00 00 00 00 | Keys: []
[14:54:57.091] ID: 6 Type: 0 | Report: 06 01 56 00 00 00 00 00 | Keys: []
[14:54:57.094] ID: 6 Type: 0 | Report: 06 00 00 00 00 00 00 00 | Keys: []
[14:54:57.209] ID: 6 Type: 0 | Report: 06 01 56 00 00 00 00 00 | Keys: []
[14:54:57.213] ID: 6 Type: 0 | Report: 06 00 00 00 00 00 00 00 | Keys: []
[14:54:57.748] ID: 6 Type: 0 | Report: 06 00 00 00 00 00 00 00 (Identical)
[14:54:58.199] ID: 6 Type: 0 | Report: 06 02 00 00 00 00 00 00 | Keys: [K4]
[14:54:58.544] ID: 6 Type: 0 | Report: 06 00 00 00 00 00 00 00 | Keys: []
[14:54:58.994] ID: 6 Type: 0 | Report: 06 02 00 00 00 00 00 00 | Keys: [K4]
[14:54:59.445] ID: 6 Type: 0 | Report: 06 00 00 00 00 00 00 00 | Keys: []
[14:54:59.745] ID: 6 Type: 0 | Report: 06 02 00 00 00 00 00 00 | Keys: [K4]
[14:55:00.270] ID: 6 Type: 0 | Report: 06 01 57 00 00 00 00 00 | Keys: []
[14:55:00.275] ID: 6 Type: 0 | Report: 06 00 00 00 00 00 00 00 | Keys: []
[14:55:01.274] ID: 6 Type: 0 | Report: 06 01 56 00 00 00 00 00 | Keys: []
[14:55:01.277] ID: 6 Type: 0 | Report: 06 00 00 00 00 00 00 00 | Keys: []
[14:55:01.995] ID: 6 Type: 0 | Report: 06 00 00 00 00 00 00 00 (Identical)
[14:55:02.549] ID: 6 Type: 0 | Report: 06 02 00 00 00 00 00 00 | Keys: [K4]
[14:55:03.150] ID: 6 Type: 0 | Report: 06 00 00 00 00 00 00 00 | Keys: []
[14:55:03.646] ID: 6 Type: 0 | Report: 06 02 00 00 00 00 00 00 | Keys: [K4]
[14:55:04.202] ID: 6 Type: 0 | Report: 06 01 57 00 00 00 00 00 | Keys: []
[14:55:04.214] ID: 6 Type: 0 | Report: 06 00 00 00 00 00 00 00 | Keys: []
[14:55:04.951] ID: 6 Type: 0 | Report: 06 00 00 00 00 00 00 00 (Identical)
[14:55:06.256] ID: 6 Type: 0 | Report: 06 01 56 00 00 00 00 00 | Keys: []
[14:55:06.259] ID: 6 Type: 0 | Report: 06 00 00 00 00 00 00 00 | Keys: []
[14:55:06.778] ID: 6 Type: 0 | Report: 06 01 56 00 00 00 00 00 | Keys: []
[14:55:06.781] ID: 6 Type: 0 | Report: 06 00 00 00 00 00 00 00 | Keys: []
[14:55:07.424] ID: 6 Type: 0 | Report: 06 02 00 00 00 00 00 00 | Keys: [K4]
[14:55:08.114] ID: 6 Type: 0 | Report: 06 01 57 00 00 00 00 00 | Keys: []
[14:55:08.130] ID: 6 Type: 0 | Report: 06 00 00 00 00 00 00 00 | Keys: []
[14:55:08.715] ID: 6 Type: 0 | Report: 06 01 56 00 00 00 00 00 | Keys: []
[14:55:08.720] ID: 6 Type: 0 | Report: 06 00 00 00 00 00 00 00 | Keys: []
[14:55:09.465] ID: 6 Type: 0 | Report: 06 00 00 00 00 00 00 00 (Identical)
[14:55:09.944] ID: 6 Type: 0 | Report: 06 01 56 00 00 00 00 00 | Keys: []
[14:55:09.949] ID: 6 Type: 0 | Report: 06 00 00 00 00 00 00 00 | Keys: []
[14:55:10.277] ID: 6 Type: 0 | Report: 06 01 57 00 00 00 00 00 | Keys: []
[14:55:10.280] ID: 6 Type: 0 | Report: 06 00 00 00 00 00 00 00 | Keys: []
[14:55:10.949] ID: 6 Type: 0 | Report: 06 00 00 00 00 00 00 00 (Identical)
[14:55:11.144] ID: 6 Type: 0 | Report: 06 00 00 00 00 00 00 00 (Identical)
[14:55:11.519] ID: 6 Type: 0 | Report: 06 00 00 00 00 00 00 00 (Identical)
[14:55:11.670] ID: 6 Type: 0 | Report: 06 00 00 00 00 00 00 00 (Identical)
[14:55:12.015] ID: 6 Type: 0 | Report: 06 00 00 00 00 00 00 00 (Identical)
[14:55:12.119] ID: 6 Type: 0 | Report: 06 00 00 00 00 00 00 00 (Identical)
[14:55:12.868] ID: 6 Type: 0 | Report: 06 00 00 00 00 00 00 00 (Identical)
[14:55:13.063] ID: 6 Type: 0 | Report: 06 00 00 00 00 00 00 00 (Identical)
[14:55:14.039] ID: 6 Type: 0 | Report: 06 00 00 00 00 00 00 00 (Identical)
[14:55:14.640] ID: 6 Type: 0 | Report: 06 00 00 00 00 00 00 00 (Identical)
[14:55:17.010] ID: 6 Type: 0 | Report: 06 00 00 00 00 00 00 00 (Identical)
[14:55:17.504] ID: 6 Type: 0 | Report: 06 00 00 00 00 00 00 00 (Identical)
[14:55:18.239] ID: 6 Type: 0 | Report: 06 00 00 00 00 00 00 00 (Identical)
[14:55:18.585] ID: 6 Type: 0 | Report: 06 00 00 00 00 00 00 00 (Identical)
[14:55:27.857] ID: 6 Type: 0 | Report: 06 00 00 00 00 00 00 00 | Keys: []
[14:55:28.004] ID: 6 Type: 0 | Report: 06 00 00 00 00 00 00 00 (Identical)
[14:55:30.165] ID: 6 Type: 0 | Report: 06 00 00 00 00 00 00 00 (Identical)
[14:55:30.464] ID: 6 Type: 0 | Report: 06 00 00 00 00 00 00 00 (Identical)
[14:55:30.915] ID: 6 Type: 0 | Report: 06 00 00 00 00 00 00 00 (Identical)
[14:55:31.169] ID: 6 Type: 0 | Report: 06 00 00 00 00 00 00 00 (Identical)
[14:55:31.469] ID: 6 Type: 0 | Report: 06 00 00 00 00 00 00 00 (Identical)
[14:55:31.770] ID: 6 Type: 0 | Report: 06 00 00 00 00 00 00 00 (Identical)
[14:55:32.114] ID: 6 Type: 0 | Report: 06 00 00 00 00 00 00 00 (Identical)
[14:55:32.370] ID: 6 Type: 0 | Report: 06 00 00 00 00 00 00 00 (Identical)
[14:56:53.248] ID: 6 Type: 0 | Report: 06 00 00 00 00 00 00 00 | Keys: []
[14:56:53.398] ID: 6 Type: 0 | Report: 06 00 00 00 00 00 00 00 (Identical)
[14:56:55.018] ID: 6 Type: 0 | Report: 06 00 00 00 00 00 00 00 (Identical)
[14:56:55.167] ID: 6 Type: 0 | Report: 06 00 00 00 00 00 00 00 (Identical)
[14:56:55.513] ID: 6 Type: 0 | Report: 06 00 00 00 00 00 00 00 (Identical)
[14:56:55.662] ID: 6 Type: 0 | Report: 06 00 00 00 00 00 00 00 (Identical)
[14:56:55.858] ID: 6 Type: 0 | Report: 06 00 00 00 00 00 00 00 (Identical)
[14:56:56.007] ID: 6 Type: 0 | Report: 06 00 00 00 00 00 00 00 (Identical)
[14:56:56.309] ID: 6 Type: 0 | Report: 06 00 00 00 00 00 00 00 (Identical)
[14:56:56.459] ID: 6 Type: 0 | Report: 06 00 00 00 00 00 00 00 (Identical)
[14:56:56.761] ID: 6 Type: 0 | Report: 06 00 00 00 00 00 00 00 (Identical)
[14:56:56.909] ID: 6 Type: 0 | Report: 06 00 00 00 00 00 00 00 (Identical)
[14:56:57.152] ID: 6 Type: 0 | Report: 06 00 00 00 00 00 00 00 (Identical)
[14:56:57.298] ID: 6 Type: 0 | Report: 06 00 00 00 00 00 00 00 (Identical)
[14:56:57.598] ID: 6 Type: 0 | Report: 06 00 00 00 00 00 00 00 (Identical)
[14:56:57.689] ID: 6 Type: 0 | Report: 06 00 00 00 00 00 00 00 (Identical)
[14:56:57.898] ID: 6 Type: 0 | Report: 06 00 00 00 00 00 00 00 (Identical)
[14:56:58.048] ID: 6 Type: 0 | Report: 06 00 00 00 00 00 00 00 (Identical)
[14:57:48.673] ID: 6 Type: 0 | Report: 06 02 00 00 00 00 00 00 | Keys: [K4]
[14:57:48.777] ID: 6 Type: 0 | Report: 06 00 00 00 00 00 00 00 | Keys: []
[14:57:49.127] ID: 6 Type: 0 | Report: 06 01 00 00 00 00 00 00 | Keys: [K5]
[14:57:49.273] ID: 6 Type: 0 | Report: 06 00 00 00 00 00 00 00 | Keys: []
[14:57:49.484] ID: 6 Type: 0 | Report: 06 04 00 00 00 00 00 00 | Keys: [K6]
[14:57:49.572] ID: 6 Type: 0 | Report: 06 00 00 00 00 00 00 00 | Keys: []
[14:57:50.007] ID: 6 Type: 0 | Report: 06 01 16 00 00 00 00 00 | Keys: [K7]
[14:57:50.157] ID: 6 Type: 0 | Report: 06 00 00 00 00 00 00 00 | Keys: []
[14:57:50.562] ID: 6 Type: 0 | Report: 06 03 1D 00 00 00 00 00 | Keys: [K10]
[14:57:50.652] ID: 6 Type: 0 | Report: 06 00 00 00 00 00 00 00 | Keys: []
[14:57:51.013] ID: 6 Type: 0 | Report: 06 04 00 00 00 00 00 00 | Keys: [K6]
[14:57:51.162] ID: 6 Type: 0 | Report: 06 05 2C 00 00 00 00 00 | Keys: [K5, K6, K9]
[14:57:51.206] ID: 6 Type: 0 | Report: 06 00 2C 00 00 00 00 00 | Keys: [K9]
[14:57:51.357] ID: 6 Type: 0 | Report: 06 01 1D 2C 00 00 00 00 | Keys: [K8]
[14:57:51.401] ID: 6 Type: 0 | Report: 06 01 1D 00 00 00 00 00 | Keys: [K8]
[14:57:51.462] ID: 6 Type: 0 | Report: 06 00 00 00 00 00 00 00 | Keys: []
[14:57:51.567] ID: 6 Type: 0 | Report: 06 02 00 00 00 00 00 00 | Keys: [K4]
[14:57:51.822] ID: 6 Type: 0 | Report: 06 00 00 00 00 00 00 00 | Keys: []
[14:57:51.867] ID: 6 Type: 0 | Report: 06 01 00 00 00 00 00 00 | Keys: [K5]
[14:57:51.913] ID: 6 Type: 0 | Report: 06 05 00 00 00 00 00 00 | Keys: [K5, K6]
[14:57:52.062] ID: 6 Type: 0 | Report: 06 04 00 00 00 00 00 00 | Keys: [K6]
[14:57:52.121] ID: 6 Type: 0 | Report: 06 00 00 00 00 00 00 00 | Keys: []
[14:57:52.213] ID: 6 Type: 0 | Report: 06 01 16 00 00 00 00 00 | Keys: [K7]
[14:57:52.423] ID: 6 Type: 0 | Report: 06 04 00 00 00 00 00 00 | Keys: [K6]
[14:57:52.467] ID: 6 Type: 0 | Report: 06 05 16 00 00 00 00 00 | Keys: [K6, K7]
[14:57:52.512] ID: 6 Type: 0 | Report: 06 00 00 00 00 00 00 00 | Keys: []
[14:57:52.737] ID: 6 Type: 0 | Report: 06 01 11 00 00 00 00 00 | Keys: [K2]
[14:57:52.845] ID: 6 Type: 0 | Report: 06 01 12 11 00 00 00 00 | Keys: [K1]
[14:57:52.887] ID: 6 Type: 0 | Report: 06 01 12 00 00 00 00 00 | Keys: [K1]
[14:57:52.931] ID: 6 Type: 0 | Report: 06 01 12 3E 00 00 00 00 | Keys: [K1]
[14:57:52.992] ID: 6 Type: 0 | Report: 06 00 3E 00 00 00 00 00 | Keys: [K3]
[14:57:53.037] ID: 6 Type: 0 | Report: 06 01 11 3E 00 00 00 00 | Keys: [K2]
[14:57:53.083] ID: 6 Type: 0 | Report: 06 00 3E 00 00 00 00 00 | Keys: [K3]
[14:57:53.142] ID: 6 Type: 0 | Report: 06 00 00 00 00 00 00 00 | Keys: []
[14:57:53.382] ID: 6 Type: 0 | Report: 06 01 16 00 00 00 00 00 | Keys: [K7]
[14:57:53.592] ID: 6 Type: 0 | Report: 06 00 00 00 00 00 00 00 | Keys: []
[14:57:54.567] ID: 6 Type: 0 | Report: 06 00 00 00 00 00 00 00 (Identical)
[14:57:54.718] ID: 6 Type: 0 | Report: 06 00 00 00 00 00 00 00 (Identical)
[14:57:55.152] ID: 6 Type: 0 | Report: 06 01 56 00 00 00 00 00 | Keys: []
[14:57:55.153] ID: 6 Type: 0 | Report: 06 00 00 00 00 00 00 00 | Keys: []
[14:57:55.543] ID: 6 Type: 0 | Report: 06 01 57 00 00 00 00 00 | Keys: []
[14:57:55.544] ID: 6 Type: 0 | Report: 06 00 00 00 00 00 00 00 | Keys: []
[14:57:56.037] ID: 6 Type: 0 | Report: 06 01 56 00 00 00 00 00 | Keys: []
[14:57:56.038] ID: 6 Type: 0 | Report: 06 00 00 00 00 00 00 00 | Keys: []
[14:57:56.460] ID: 6 Type: 0 | Report: 06 01 57 00 00 00 00 00 | Keys: []
[14:57:56.464] ID: 6 Type: 0 | Report: 06 00 00 00 00 00 00 00 | Keys: []
[14:57:57.077] ID: 6 Type: 0 | Report: 06 00 00 00 00 00 00 00 (Identical)
[14:57:57.221] ID: 6 Type: 0 | Report: 06 00 00 00 00 00 00 00 (Identical)
[14:57:57.372] ID: 6 Type: 0 | Report: 06 00 00 00 00 00 00 00 (Identical)
[14:57:57.522] ID: 6 Type: 0 | Report: 06 00 00 00 00 00 00 00 (Identical)
[14:57:57.927] ID: 6 Type: 0 | Report: 06 00 00 00 00 00 00 00 (Identical)
[14:57:58.079] ID: 6 Type: 0 | Report: 06 00 00 00 00 00 00 00 (Identical)
[14:57:58.334] ID: 6 Type: 0 | Report: 06 00 00 00 00 00 00 00 (Identical)
[14:57:58.677] ID: 6 Type: 0 | Report: 06 00 00 00 00 00 00 00 (Identical)
[14:57:58.724] ID: 6 Type: 0 | Report: 06 01 12 00 00 00 00 00 | Keys: [K1]
[14:57:58.784] ID: 6 Type: 0 | Report: 06 00 00 00 00 00 00 00 | Keys: []
[14:57:58.874] ID: 6 Type: 0 | Report: 06 01 12 00 00 00 00 00 | Keys: [K1]
[14:57:59.683] ID: 6 Type: 0 | Report: 06 01 12 00 00 00 00 00 (Identical)
[14:57:59.877] ID: 6 Type: 0 | Report: 06 01 12 00 00 00 00 00 (Identical)
[14:58:00.284] ID: 6 Type: 0 | Report: 06 00 00 00 00 00 00 00 | Keys: []
[14:58:01.483] ID: 6 Type: 0 | Report: 06 00 00 00 00 00 00 00 (Identical)
[14:58:01.740] ID: 6 Type: 0 | Report: 06 00 00 00 00 00 00 00 (Identical)
[14:59:07.118] ID: 1 Report: 01 71 00 | Keys: []
[14:59:07.198] ID: 0 Report: EC 7C 6C 00 00 52 91 FD 51 9C 02 00 00 00 00 00 00 00 00 00 F1 1D 00 00 A3 18 00 00 49 1B 00 00 83 17 00 00 57 10 00 00 8E 28 2F 44 00 00 00 00 00 00 00 00 00 00 00 00 00 00 00 00 00 00 00 13 00 00 00 40 00 7B 10 AF 45 04 03 03 00 04 03 03 00 00 00 00 00 00 00 00 00 00 00 00 00 00 00 00 00 00 00 00 00 00 00 00 00 00 00 00 00 00 00 00 00 00 00 00 00 00 00 00 00 00 | Keys: [K6, K9]
[14:59:07.399] ID: 0 Report: EC 7D 6C 00 00 DE A0 00 52 9C 02 00 00 00 00 00 00 00 00 00 FA 1D 00 00 A8 18 00 00 55 1B 00 00 8A 17 00 00 5E 10 00 00 9D 69 2F 44 00 00 00 00 00 00 00 00 00 00 00 00 00 00 00 00 00 00 00 13 00 00 00 40 00 57 10 AF 45 04 03 03 00 04 03 03 00 00 00 00 00 00 00 00 00 00 00 00 00 00 00 00 00 00 00 00 00 00 00 00 00 00 00 00 00 00 00 00 00 00 00 00 00 00 00 00 00 00 | Keys: [K5, K6, K9]
[14:59:07.600] ID: 0 Report: EC 7E 6C 00 00 79 B0 03 52 9C 02 00 00 00 00 00 00 00 00 00 02 1E 00 00 B1 18 00 00 5C 1B 00 00 91 17 00 00 61 10 00 00 37 96 2F 44 00 00 00 00 00 00 00 00 00 00 00 00 00 00 00 00 00 00 00 13 00 00 00 40 00 25 11 AF 45 04 03 03 00 04 03 03 00 00 00 00 00 00 00 00 00 00 00 00 00 00 00 00 00 00 00 00 00 00 00 00 00 00 00 00 00 00 00 00 00 00 00 00 00 00 00 00 00 00 | Keys: [K4, K6, K9]
[14:59:07.800] ID: 0 Report: EC 7F 6C 00 00 10 C0 06 52 9C 02 00 00 00 00 00 00 00 00 00 02 1E 00 00 B2 18 00 00 5D 1B 00 00 93 17 00 00 62 10 00 00 07 A4 2F 44 00 00 00 00 00 00 00 00 00 00 00 00 00 00 00 00 00 00 00 13 00 00 00 40 00 CC 06 AF 45 04 03 03 00 04 03 03 00 00 00 00 00 00 00 00 00 00 00 00 00 00 00 00 00 00 00 00 00 00 00 00 00 00 00 00 00 00 00 00 00 00 00 00 00 00 00 00 00 00 | Keys: [K4, K5, K6, K9]
[14:59:07.844] ID: 0 Report: 03 02 00 00 02 | Keys: [K4]
[14:59:07.849] ID: 0 Report: 02 01 02 00 16 | Keys: [K5]
[14:59:08.001] ID: 0 Report: EC 80 6C 00 00 9D CF 09 52 9C 02 00 00 00 00 00 00 00 00 00 07 1E 00 00 B4 18 00 00 64 1B 00 00 94 17 00 00 64 10 00 00 F9 BA 2F 44 00 00 00 00 00 00 00 00 00 00 00 00 00 00 00 00 00 00 00 13 00 00 00 40 00 9A 13 AF 45 04 03 03 00 04 03 03 00 00 00 00 00 00 00 00 00 00 00 00 00 00 00 00 00 00 00 00 00 00 00 00 00 00 00 00 00 00 00 00 00 00 00 00 00 00 00 00 00 00 | Keys: [K9]
[14:59:08.118] ID: 1 Report: 01 71 00 | Keys: [K5]
[14:59:08.201] ID: 0 Report: EC 81 6C 00 00 34 DF 0C 52 9C 02 00 00 00 00 00 00 00 00 00 0B 1E 00 00 B7 18 00 00 62 1B 00 00 96 17 00 00 64 10 00 00 3F BD 2F 44 00 00 00 00 00 00 00 00 00 00 00 00 00 00 00 00 00 00 00 13 00 00 00 40 00 09 19 AF 45 04 03 03 00 04 03 03 00 00 00 00 00 00 00 00 00 00 00 00 00 00 00 00 00 00 00 00 00 00 00 00 00 00 00 00 00 00 00 00 00 00 00 00 00 00 00 00 00 00 | Keys: [K5, K9]
[14:59:08.401] ID: 0 Report: EC 82 6C 00 00 C9 EE 0F 52 9C 02 00 00 00 00 00 00 00 00 00 0B 1E 00 00 B9 18 00 00 64 1B 00 00 98 17 00 00 66 10 00 00 0F CB 2F 44 00 00 00 00 00 00 00 00 00 00 00 00 00 00 00 00 00 00 00 13 00 00 00 40 00 AF 0E AF 45 04 03 03 00 04 03 03 00 00 00 00 00 00 00 00 00 00 00 00 00 00 00 00 00 00 00 00 00 00 00 00 00 00 00 00 00 00 00 00 00 00 00 00 00 00 00 00 00 00 | Keys: [K4, K9]
[14:59:08.603] ID: 0 Report: EC 83 6C 00 00 73 FE 12 52 9C 02 00 00 00 00 00 00 00 00 00 0F 1E 00 00 B9 18 00 00 65 1B 00 00 98 17 00 00 66 10 00 00 A6 CD 2F 44 00 00 00 00 00 00 00 00 00 00 00 00 00 00 00 00 00 00 00 13 00 00 00 40 00 63 1E AF 45 04 03 03 00 04 03 03 00 00 00 00 00 00 00 00 00 00 00 00 00 00 00 00 00 00 00 00 00 00 00 00 00 00 00 00 00 00 00 00 00 00 00 00 00 00 00 00 00 00 | Keys: [K4, K5, K9]
[14:59:08.802] ID: 0 Report: EC 84 6C 00 00 E9 0D 16 52 9C 02 00 00 00 00 00 00 00 00 00 0F 1E 00 00 BA 18 00 00 67 1B 00 00 98 17 00 00 64 10 00 00 81 D1 2F 44 00 00 00 00 00 00 00 00 00 00 00 00 00 00 00 00 00 00 00 13 00 00 00 40 00 01 1D AF 45 04 03 03 00 04 03 03 00 00 00 00 00 00 00 00 00 00 00 00 00 00 00 00 00 00 00 00 00 00 00 00 00 00 00 00 00 00 00 00 00 00 00 00 00 00 00 00 00 00 | Keys: [K6, K9]
[14:59:09.004] ID: 0 Report: EC 85 6C 00 00 47 1D 19 52 9C 02 00 00 00 00 00 00 00 00 00 13 1E 00 00 BA 18 00 00 65 1B 00 00 99 17 00 00 68 10 00 00 73 D6 2F 44 00 00 00 00 00 00 00 00 00 00 00 00 00 00 00 00 00 00 00 13 00 00 00 40 00 41 26 AF 45 04 03 03 00 04 03 03 00 00 00 00 00 00 00 00 00 00 00 00 00 00 00 00 00 00 00 00 00 00 00 00 00 00 00 00 00 00 00 00 00 00 00 00 00 00 00 00 00 00 | Keys: [K5, K6, K9]
[14:59:09.118] ID: 1 Report: 01 71 00 | Keys: [K5]
[14:59:09.204] ID: 0 Report: EC 86 6C 00 00 91 2C 1C 52 9C 02 00 00 00 00 00 00 00 00 00 15 1E 00 00 C0 18 00 00 69 1B 00 00 9D 17 00 00 69 10 00 00 91 EF 2F 44 00 00 00 00 00 00 00 00 00 00 00 00 00 00 00 00 00 00 00 13 00 00 00 40 00 90 19 AF 45 04 03 03 00 04 03 03 00 00 00 00 00 00 00 00 00 00 00 00 00 00 00 00 00 00 00 00 00 00 00 00 00 00 00 00 00 00 00 00 00 00 00 00 00 00 00 00 00 00 | Keys: [K4, K6, K9]
[14:59:09.404] ID: 0 Report: EC 87 6C 00 00 09 3C 1F 52 9C 02 00 00 00 00 00 00 00 00 00 16 1E 00 00 C3 18 00 00 6C 1B 00 00 9D 17 00 00 69 10 00 00 D5 F8 2F 44 00 00 00 00 00 00 00 00 00 00 00 00 00 00 00 00 00 00 00 13 00 00 00 40 00 FC 19 AF 45 04 03 03 00 04 03 03 00 00 00 00 00 00 00 00 00 00 00 00 00 00 00 00 00 00 00 00 00 00 00 00 00 00 00 00 00 00 00 00 00 00 00 00 00 00 00 00 00 00 | Keys: [K4, K5, K6, K9]
[14:59:09.605] ID: 0 Report: EC 88 6C 00 00 71 4B 22 52 9C 02 00 00 00 00 00 00 00 00 00 19 1E 00 00 C3 18 00 00 6E 1B 00 00 9E 17 00 00 69 10 00 00 AA FF 2F 44 00 00 00 00 00 00 00 00 00 00 00 00 00 00 00 00 00 00 00 13 00 00 00 40 00 FB 20 AF 45 04 03 03 00 04 03 03 00 00 00 00 00 00 00 00 00 00 00 00 00 00 00 00 00 00 00 00 00 00 00 00 00 00 00 00 00 00 00 00 00 00 00 00 00 00 00 00 00 00 | Keys: [K9]
[14:59:09.806] ID: 0 Report: EC 89 6C 00 00 E1 5A 25 52 9C 02 00 00 00 00 00 00 00 00 00 15 1E 00 00 C1 18 00 00 6A 1B 00 00 9D 17 00 00 6B 10 00 00 10 F5 2F 44 00 00 00 00 00 00 00 00 00 00 00 00 00 00 00 00 00 00 00 13 00 00 00 40 00 1D 16 AF 45 04 03 03 00 04 03 03 00 00 00 00 00 00 00 00 00 00 00 00 00 00 00 00 00 00 00 00 00 00 00 00 00 00 00 00 00 00 00 00 00 00 00 00 00 00 00 00 00 00 | Keys: [K5, K9]
[14:59:10.006] ID: 0 Report: EC 8A 6C 00 00 23 6A 28 52 9C 02 00 00 00 00 00 00 00 00 00 13 1E 00 00 BC 18 00 00 67 1B 00 00 9C 17 00 00 67 10 00 00 05 E3 2F 44 00 00 00 00 00 00 00 00 00 00 00 00 00 00 00 00 00 00 00 13 00 00 00 40 00 AA 1B AF 45 04 03 03 00 04 03 03 00 00 00 00 00 00 00 00 00 00 00 00 00 00 00 00 00 00 00 00 00 00 00 00 00 00 00 00 00 00 00 00 00 00 00 00 00 00 00 00 00 00 | Keys: [K4, K9]
[14:59:10.118] ID: 1 Report: 01 71 00 | Keys: [K5]
[14:59:10.207] ID: 0 Report: EC 8B 6C 00 00 9A 79 2B 52 9C 02 00 00 00 00 00 00 00 00 00 11 1E 00 00 BB 18 00 00 69 1B 00 00 9C 17 00 00 68 10 00 00 CA E7 2F 44 00 00 00 00 00 00 00 00 00 00 00 00 00 00 00 00 00 00 00 13 00 00 00 40 00 99 17 AF 45 04 03 03 00 04 03 03 00 00 00 00 00 00 00 00 00 00 00 00 00 00 00 00 00 00 00 00 00 00 00 00 00 00 00 00 00 00 00 00 00 00 00 00 00 00 00 00 00 00 | Keys: [K4, K5, K9]
[14:59:10.401] ID: 0 Report: 03 02 00 00 02 | Keys: [K4]
[14:59:10.406] ID: 0 Report: 02 01 02 00 17 | Keys: [K5]
[14:59:10.408] ID: 0 Report: EC 8C 6C 00 00 FA 88 2E 52 9C 02 00 00 00 00 00 00 00 00 00 10 1E 00 00 BA 18 00 00 66 1B 00 00 9B 17 00 00 67 10 00 00 60 DB 2F 44 00 00 00 00 00 00 00 00 00 00 00 00 00 00 00 00 00 00 00 13 00 00 00 40 00 4E 19 AF 45 04 03 03 00 04 03 03 00 00 00 00 00 00 00 00 00 00 00 00 00 00 00 00 00 00 00 00 00 00 00 00 00 00 00 00 00 00 00 00 00 00 00 00 00 00 00 00 00 00 | Keys: [K6, K9]
[14:59:10.608] ID: 0 Report: EC 8D 6C 00 00 58 98 31 52 9C 02 00 00 00 00 00 00 00 00 00 14 1E 00 00 C0 18 00 00 6B 1B 00 00 9C 17 00 00 69 10 00 00 2F F1 2F 44 00 00 00 00 00 00 00 00 00 00 00 00 00 00 00 00 00 00 00 13 00 00 00 40 00 9F 17 AF 45 04 03 03 00 04 03 03 00 00 00 00 00 00 00 00 00 00 00 00 00 00 00 00 00 00 00 00 00 00 00 00 00 00 00 00 00 00 00 00 00 00 00 00 00 00 00 00 00 00 | Keys: [K5, K6, K9]
[14:59:10.808] ID: 0 Report: EC 8E 6C 00 00 B2 A7 34 52 9C 02 00 00 00 00 00 00 00 00 00 18 1E 00 00 C3 18 00 00 6B 1B 00 00 A0 17 00 00 69 10 00 00 37 FE 2F 44 00 00 00 00 00 00 00 00 00 00 00 00 00 00 00 00 00 00 00 13 00 00 00 40 00 6A 18 AF 45 04 03 03 00 04 03 03 00 00 00 00 00 00 00 00 00 00 00 00 00 00 00 00 00 00 00 00 00 00 00 00 00 00 00 00 00 00 00 00 00 00 00 00 00 00 00 00 00 00 | Keys: [K4, K6, K9]
[14:59:11.009] ID: 0 Report: EC 8F 6C 00 00 27 B7 37 52 9C 02 00 00 00 00 00 00 00 00 00 18 1E 00 00 C1 18 00 00 6C 1B 00 00 A1 17 00 00 6B 10 00 00 0E 07 30 44 00 00 00 00 00 00 00 00 00 00 00 00 00 00 00 00 00 00 00 13 00 00 00 40 00 2B 16 AF 45 04 03 03 00 04 03 03 00 00 00 00 00 00 00 00 00 00 00 00 00 00 00 00 00 00 00 00 00 00 00 00 00 00 00 00 00 00 00 00 00 00 00 00 00 00 00 00 00 00 | Keys: [K4, K5, K6, K9]
[14:59:11.040] ID: 0 Report: 50 00 00 00 00 | Keys: []
[14:59:11.043] ID: 0 Report: 50 00 00 00 00 (Identical)
[14:59:11.045] ID: 0 Report: 03 02 00 00 01 | Keys: [K4]
[14:59:11.046] ID: 0 Report: 02 01 02 00 18 | Keys: [K5]
[14:59:11.118] ID: 1 Report: 01 71 00 | Keys: [K5]
[14:59:11.209] ID: 0 Report: EC 90 6C 00 00 89 C6 3A 52 9C 02 00 00 00 00 00 00 00 00 00 19 1E 00 00 C1 18 00 00 6C 1B 00 00 A1 17 00 00 69 10 00 00 B9 04 30 44 00 00 00 00 00 00 00 00 00 00 00 00 00 00 00 00 00 00 00 13 00 00 00 40 00 7B 1C AF 45 04 03 03 00 04 03 03 00 00 00 00 00 00 00 00 00 00 00 00 00 00 00 00 00 00 00 00 00 00 00 00 00 00 00 00 00 00 00 00 00 00 00 00 00 00 00 00 00 00 | Keys: [K9]
[14:59:11.411] ID: 0 Report: EC 91 6C 00 00 FE D5 3D 52 9C 02 00 00 00 00 00 00 00 00 00 19 1E 00 00 C3 18 00 00 6E 1B 00 00 A0 17 00 00 6B 10 00 00 10 06 30 44 00 00 00 00 00 00 00 00 00 00 00 00 00 00 00 00 00 00 00 13 00 00 00 40 00 79 1C AF 45 04 03 03 00 04 03 03 00 00 00 00 00 00 00 00 00 00 00 00 00 00 00 00 00 00 00 00 00 00 00 00 00 00 00 00 00 00 00 00 00 00 00 00 00 00 00 00 00 00 | Keys: [K5, K9]
[14:59:11.611] ID: 0 Report: EC 92 6C 00 00 83 E5 40 52 9C 02 00 00 00 00 00 00 00 00 00 1A 1E 00 00 C6 18 00 00 6F 1B 00 00 A1 17 00 00 6C 10 00 00 72 10 30 44 00 00 00 00 00 00 00 00 00 00 00 00 00 00 00 00 00 00 00 13 00 00 00 40 00 31 16 AF 45 04 03 03 00 04 03 03 00 00 00 00 00 00 00 00 00 00 00 00 00 00 00 00 00 00 00 00 00 00 00 00 00 00 00 00 00 00 00 00 00 00 00 00 00 00 00 00 00 00 | Keys: [K4, K9]
[14:59:11.813] ID: 0 Report: EC 93 6C 00 00 2C F5 43 52 9C 02 00 00 00 00 00 00 00 00 00 1D 1E 00 00 C5 18 00 00 73 1B 00 00 A2 17 00 00 6D 10 00 00 D0 1E 30 44 00 00 00 00 00 00 00 00 00 00 00 00 00 00 00 00 00 00 00 13 00 00 00 40 00 4E 1E AF 45 04 03 03 00 04 03 03 00 00 00 00 00 00 00 00 00 00 00 00 00 00 00 00 00 00 00 00 00 00 00 00 00 00 00 00 00 00 00 00 00 00 00 00 00 00 00 00 00 00 | Keys: [K4, K5, K9]
[14:59:12.012] ID: 0 Report: EC 94 6C 00 00 D5 04 47 52 9C 02 00 00 00 00 00 00 00 00 00 20 1E 00 00 C6 18 00 00 6F 1B 00 00 A5 17 00 00 6E 10 00 00 FC 20 30 44 00 00 00 00 00 00 00 00 00 00 00 00 00 00 00 00 00 00 00 13 00 00 00 40 00 FB 23 AF 45 04 03 03 00 04 03 03 00 00 00 00 00 00 00 00 00 00 00 00 00 00 00 00 00 00 00 00 00 00 00 00 00 00 00 00 00 00 00 00 00 00 00 00 00 00 00 00 00 00 | Keys: [K6, K9]
[14:59:12.118] ID: 1 Report: 01 71 00 | Keys: [K5]
[14:59:12.213] ID: 0 Report: EC 95 6C 00 00 6E 14 4A 52 9C 02 00 00 00 00 00 00 00 00 00 22 1E 00 00 C8 18 00 00 74 1B 00 00 A6 17 00 00 70 10 00 00 17 33 30 44 00 00 00 00 00 00 00 00 00 00 00 00 00 00 00 00 00 00 00 13 00 00 00 40 00 23 22 AF 45 04 03 03 00 04 03 03 00 00 00 00 00 00 00 00 00 00 00 00 00 00 00 00 00 00 00 00 00 00 00 00 00 00 00 00 00 00 00 00 00 00 00 00 00 00 00 00 00 00 | Keys: [K5, K6, K9]
[14:59:12.413] ID: 0 Report: EC 96 6C 00 00 0D 24 4D 52 9C 02 00 00 00 00 00 00 00 00 00 25 1E 00 00 CD 18 00 00 78 1B 00 00 AA 17 00 00 71 10 00 00 B8 4B 30 44 00 00 00 00 00 00 00 00 00 00 00 00 00 00 00 00 00 00 00 13 00 00 00 40 00 08 1D AF 45 04 03 03 00 04 03 03 00 00 00 00 00 00 00 00 00 00 00 00 00 00 00 00 00 00 00 00 00 00 00 00 00 00 00 00 00 00 00 00 00 00 00 00 00 00 00 00 00 00 | Keys: [K4, K6, K9]
[14:59:12.614] ID: 0 Report: EC 97 6C 00 00 9E 33 50 52 9C 02 00 00 00 00 00 00 00 00 00 28 1E 00 00 CD 18 00 00 7D 1B 00 00 AB 17 00 00 73 10 00 00 95 5F 30 44 00 00 00 00 00 00 00 00 00 00 00 00 00 00 00 00 00 00 00 13 00 00 00 40 00 B1 21 AF 45 04 03 03 00 04 03 03 00 00 00 00 00 00 00 00 00 00 00 00 00 00 00 00 00 00 00 00 00 00 00 00 00 00 00 00 00 00 00 00 00 00 00 00 00 00 00 00 00 00 | Keys: [K4, K5, K6, K9]
[14:59:12.814] ID: 0 Report: EC 98 6C 00 00 1B 43 53 52 9C 02 00 00 00 00 00 00 00 00 00 28 1E 00 00 CF 18 00 00 7C 1B 00 00 AA 17 00 00 72 10 00 00 25 57 30 44 00 00 00 00 00 00 00 00 00 00 00 00 00 00 00 00 00 00 00 13 00 00 00 40 00 A0 21 AF 45 04 03 03 00 04 03 03 00 00 00 00 00 00 00 00 00 00 00 00 00 00 00 00 00 00 00 00 00 00 00 00 00 00 00 00 00 00 00 00 00 00 00 00 00 00 00 00 00 00 | Keys: [K9]
[14:59:13.022] ID: 0 Report: EC 99 6C 00 00 8C 52 56 52 9C 02 00 00 00 00 00 00 00 00 00 28 1E 00 00 CE 18 00 00 79 1B 00 00 AA 17 00 00 73 10 00 00 4A 53 30 44 00 00 00 00 00 00 00 00 00 00 00 00 00 00 00 00 00 00 00 13 00 00 00 40 00 02 23 AF 45 04 03 03 00 04 03 03 00 00 00 00 00 00 00 00 00 00 00 00 00 00 00 00 00 00 00 00 00 00 00 00 00 00 00 00 00 00 00 00 00 00 00 00 00 00 00 00 00 00 | Keys: [K5, K9]
[14:59:13.118] ID: 1 Report: 01 71 00 | Keys: [K5]
[14:59:13.215] ID: 0 Report: EC 9A 6C 00 00 07 62 59 52 9C 02 00 00 00 00 00 00 00 00 00 27 1E 00 00 CE 18 00 00 7A 1B 00 00 AB 17 00 00 71 10 00 00 E3 55 30 44 00 00 00 00 00 00 00 00 00 00 00 00 00 00 00 00 00 00 00 13 00 00 00 40 00 65 1C AF 45 04 03 03 00 04 03 03 00 00 00 00 00 00 00 00 00 00 00 00 00 00 00 00 00 00 00 00 00 00 00 00 00 00 00 00 00 00 00 00 00 00 00 00 00 00 00 00 00 00 | Keys: [K4, K9]
[14:59:13.416] ID: 0 Report: EC 9B 6C 00 00 6A 71 5C 52 9C 02 00 00 00 00 00 00 00 00 00 27 1E 00 00 CD 18 00 00 79 1B 00 00 A9 17 00 00 72 10 00 00 91 4C 30 44 00 00 00 00 00 00 00 00 00 00 00 00 00 00 00 00 00 00 00 13 00 00 00 40 00 95 24 AF 45 04 03 03 00 04 03 03 00 00 00 00 00 00 00 00 00 00 00 00 00 00 00 00 00 00 00 00 00 00 00 00 00 00 00 00 00 00 00 00 00 00 00 00 00 00 00 00 00 00 | Keys: [K4, K5, K9]
[14:59:13.586] ID: 6 Report: 06 00 00 00 00 00 00 00 | Keys: []
[14:59:13.598] ID: 0 Report: 03 02 00 00 01 | Keys: [K4]
[14:59:13.599] ID: 0 Report: 02 01 02 00 19 | Keys: [K5]
[14:59:13.616] ID: 0 Report: EC 9C 6C 00 00 B2 80 5F 52 9C 02 00 00 00 00 00 00 00 00 00 25 1E 00 00 CA 18 00 00 78 1B 00 00 A9 17 00 00 71 10 00 00 BF 46 30 44 00 00 00 00 00 00 00 00 00 00 00 00 00 00 00 00 00 00 00 13 00 00 00 40 00 19 25 AF 45 04 03 03 00 04 03 03 00 00 00 00 00 00 00 00 00 00 00 00 00 00 00 00 00 00 00 00 00 00 00 00 00 00 00 00 00 00 00 00 00 00 00 00 00 00 00 00 00 00 | Keys: [K6, K9]
[14:59:13.736] ID: 6 Report: 06 00 00 00 00 00 00 00 | Keys: []
[14:59:13.816] ID: 0 Report: EC 9D 6C 00 00 09 90 62 52 9C 02 00 00 00 00 00 00 00 00 00 24 1E 00 00 CB 18 00 00 78 1B 00 00 A6 17 00 00 71 10 00 00 ED 3E 30 44 00 00 00 00 00 00 00 00 00 00 00 00 00 00 00 00 00 00 00 13 00 00 00 40 00 6A 24 AF 45 04 03 03 00 04 03 03 00 00 00 00 00 00 00 00 00 00 00 00 00 00 00 00 00 00 00 00 00 00 00 00 00 00 00 00 00 00 00 00 00 00 00 00 00 00 00 00 00 00 | Keys: [K5, K6, K9]
[14:59:14.018] ID: 0 Report: EC 9E 6C 00 00 77 9F 65 52 9C 02 00 00 00 00 00 00 00 00 00 25 1E 00 00 CD 18 00 00 78 1B 00 00 A7 17 00 00 72 10 00 00 A6 45 30 44 00 00 00 00 00 00 00 00 00 00 00 00 00 00 00 00 00 00 00 13 00 00 00 40 00 D7 22 AF 45 04 03 03 00 04 03 03 00 00 00 00 00 00 00 00 00 00 00 00 00 00 00 00 00 00 00 00 00 00 00 00 00 00 00 00 00 00 00 00 00 00 00 00 00 00 00 00 00 00 | Keys: [K4, K6, K9]
[14:59:14.118] ID: 1 Report: 01 71 00 | Keys: [K5]
[14:59:14.218] ID: 0 Report: EC 9F 6C 00 00 09 AF 68 52 9C 02 00 00 00 00 00 00 00 00 00 28 1E 00 00 CF 18 00 00 7A 1B 00 00 AA 17 00 00 71 10 00 00 0E 52 30 44 00 00 00 00 00 00 00 00 00 00 00 00 00 00 00 00 00 00 00 13 00 00 00 40 00 C2 22 AF 45 04 03 03 00 04 03 03 00 00 00 00 00 00 00 00 00 00 00 00 00 00 00 00 00 00 00 00 00 00 00 00 00 00 00 00 00 00 00 00 00 00 00 00 00 00 00 00 00 00 | Keys: [K4, K5, K6, K9]
[14:59:14.419] ID: 0 Report: EC A0 6C 00 00 6D BE 6B 52 9C 02 00 00 00 00 00 00 00 00 00 28 1E 00 00 CF 18 00 00 7D 1B 00 00 AA 17 00 00 71 10 00 00 BF 57 30 44 00 00 00 00 00 00 00 00 00 00 00 00 00 00 00 00 00 00 00 13 00 00 00 40 00 A0 22 AF 45 04 03 03 00 04 03 03 00 00 00 00 00 00 00 00 00 00 00 00 00 00 00 00 00 00 00 00 00 00 00 00 00 00 00 00 00 00 00 00 00 00 00 00 00 00 00 00 00 00 | Keys: [K9]
[14:59:14.619] ID: 0 Report: EC A1 6C 00 00 B8 CD 6E 52 9C 02 00 00 00 00 00 00 00 00 00 23 1E 00 00 CA 18 00 00 75 1B 00 00 A5 17 00 00 70 10 00 00 82 32 30 44 00 00 00 00 00 00 00 00 00 00 00 00 00 00 00 00 00 00 00 13 00 00 00 40 00 1F 26 AF 45 04 03 03 00 04 03 03 00 00 00 00 00 00 00 00 00 00 00 00 00 00 00 00 00 00 00 00 00 00 00 00 00 00 00 00 00 00 00 00 00 00 00 00 00 00 00 00 00 00 | Keys: [K5, K9]
[14:59:14.820] ID: 0 Report: EC A2 6C 00 00 09 DD 71 52 9C 02 00 00 00 00 00 00 00 00 00 22 1E 00 00 C8 18 00 00 75 1B 00 00 A4 17 00 00 6E 10 00 00 61 2B 30 44 00 00 00 00 00 00 00 00 00 00 00 00 00 00 00 00 00 00 00 13 00 00 00 40 00 04 2A AF 45 04 03 03 00 04 03 03 00 00 00 00 00 00 00 00 00 00 00 00 00 00 00 00 00 00 00 00 00 00 00 00 00 00 00 00 00 00 00 00 00 00 00 00 00 00 00 00 00 00 | Keys: [K4, K9]
[14:59:14.937] ID: 6 Report: 06 00 00 00 00 00 00 00 | Keys: []
[14:59:15.021] ID: 0 Report: EC A3 6C 00 00 53 EC 74 52 9C 02 00 00 00 00 00 00 00 00 00 24 1E 00 00 C9 18 00 00 78 1B 00 00 A6 17 00 00 70 10 00 00 DE 3B 30 44 00 00 00 00 00 00 00 00 00 00 00 00 00 00 00 00 00 00 00 13 00 00 00 40 00 1B 2A AF 45 04 03 03 00 04 03 03 00 00 00 00 00 00 00 00 00 00 00 00 00 00 00 00 00 00 00 00 00 00 00 00 00 00 00 00 00 00 00 00 00 00 00 00 00 00 00 00 00 00 | Keys: [K4, K5, K9]
[14:59:15.118] ID: 1 Report: 01 71 00 | Keys: [K5]
[14:59:15.131] ID: 6 Report: 06 00 00 00 00 00 00 00 | Keys: []
[14:59:15.222] ID: 0 Report: EC A4 6C 00 00 CA FB 77 52 9C 02 00 00 00 00 00 00 00 00 00 25 1E 00 00 CB 18 00 00 79 1B 00 00 AA 17 00 00 71 10 00 00 28 4E 30 44 00 00 00 00 00 00 00 00 00 00 00 00 00 00 00 00 00 00 00 13 00 00 00 40 00 48 1F AF 45 04 03 03 00 04 03 03 00 00 00 00 00 00 00 00 00 00 00 00 00 00 00 00 00 00 00 00 00 00 00 00 00 00 00 00 00 00 00 00 00 00 00 00 00 00 00 00 00 00 | Keys: [K6, K9]
[14:59:15.421] ID: 0 Report: EC A5 6C 00 00 4D 0B 7B 52 9C 02 00 00 00 00 00 00 00 00 00 29 1E 00 00 CE 18 00 00 7A 1B 00 00 AA 17 00 00 73 10 00 00 0D 56 30 44 00 00 00 00 00 00 00 00 00 00 00 00 00 00 00 00 00 00 00 13 00 00 00 40 00 2D 28 AF 45 04 03 03 00 04 03 03 00 00 00 00 00 00 00 00 00 00 00 00 00 00 00 00 00 00 00 00 00 00 00 00 00 00 00 00 00 00 00 00 00 00 00 00 00 00 00 00 00 00 | Keys: [K5, K6, K9]
[14:59:15.476] ID: 6 Report: 06 00 00 00 00 00 00 00 | Keys: []
[14:59:15.622] ID: 0 Report: EC A6 6C 00 00 A4 1A 7E 52 9C 02 00 00 00 00 00 00 00 00 00 27 1E 00 00 CE 18 00 00 7A 1B 00 00 AA 17 00 00 72 10 00 00 FA 53 30 44 00 00 00 00 00 00 00 00 00 00 00 00 00 00 00 00 00 00 00 13 00 00 00 40 00 C3 1E AF 45 04 03 03 00 04 03 03 00 00 00 00 00 00 00 00 00 00 00 00 00 00 00 00 00 00 00 00 00 00 00 00 00 00 00 00 00 00 00 00 00 00 00 00 00 00 00 00 00 00 | Keys: [K4, K6, K9]
[14:59:15.626] ID: 6 Report: 06 00 00 00 00 00 00 00 | Keys: []
[14:59:15.823] ID: 0 Report: EC A7 6C 00 00 19 2A 81 52 9C 02 00 00 00 00 00 00 00 00 00 2E 1E 00 00 D4 18 00 00 7F 1B 00 00 AE 17 00 00 75 10 00 00 D8 71 30 44 00 00 00 00 00 00 00 00 00 00 00 00 00 00 00 00 00 00 00 13 00 00 00 40 00 F0 25 AF 45 04 03 03 00 04 03 03 00 00 00 00 00 00 00 00 00 00 00 00 00 00 00 00 00 00 00 00 00 00 00 00 00 00 00 00 00 00 00 00 00 00 00 00 00 00 00 00 00 00 | Keys: [K4, K5, K6, K9]
[14:59:16.023] ID: 0 Report: EC A8 6C 00 00 C2 39 84 52 9C 02 00 00 00 00 00 00 00 00 00 31 1E 00 00 D8 18 00 00 86 1B 00 00 B3 17 00 00 78 10 00 00 7D 98 30 44 00 00 00 00 00 00 00 00 00 00 00 00 00 00 00 00 00 00 00 13 00 00 00 40 00 39 18 AF 45 04 03 03 00 04 03 03 00 00 00 00 00 00 00 00 00 00 00 00 00 00 00 00 00 00 00 00 00 00 00 00 00 00 00 00 00 00 00 00 00 00 00 00 00 00 00 00 00 00 | Keys: [K9]
[14:59:16.118] ID: 1 Report: 01 71 00 | Keys: [K5]
[14:59:16.156] ID: 0 Report: 03 02 00 00 01 | Keys: [K4]
[14:59:16.158] ID: 0 Report: 02 01 02 00 1A | Keys: [K5]
[14:59:16.223] ID: 0 Report: EC A9 6C 00 00 51 49 87 52 9C 02 00 00 00 00 00 00 00 00 00 31 1E 00 00 D5 18 00 00 84 1B 00 00 B3 17 00 00 76 10 00 00 56 90 30 44 00 00 00 00 00 00 00 00 00 00 00 00 00 00 00 00 00 00 00 13 00 00 00 40 00 09 1F AF 45 04 03 03 00 04 03 03 00 00 00 00 00 00 00 00 00 00 00 00 00 00 00 00 00 00 00 00 00 00 00 00 00 00 00 00 00 00 00 00 00 00 00 00 00 00 00 00 00 00 | Keys: [K5, K9]
[14:59:16.424] ID: 0 Report: EC AA 6C 00 00 C6 58 8A 52 9C 02 00 00 00 00 00 00 00 00 00 2D 1E 00 00 D2 18 00 00 7F 1B 00 00 AE 17 00 00 75 10 00 00 1D 71 30 44 00 00 00 00 00 00 00 00 00 00 00 00 00 00 00 00 00 00 00 13 00 00 00 40 00 54 25 AF 45 04 03 03 00 04 03 03 00 00 00 00 00 00 00 00 00 00 00 00 00 00 00 00 00 00 00 00 00 00 00 00 00 00 00 00 00 00 00 00 00 00 00 00 00 00 00 00 00 00 | Keys: [K4, K9]
[14:59:16.624] ID: 0 Report: EC AB 6C 00 00 6D 68 8D 52 9C 02 00 00 00 00 00 00 00 00 00 2A 1E 00 00 D0 18 00 00 7F 1B 00 00 AE 17 00 00 73 10 00 00 A2 6E 30 44 00 00 00 00 00 00 00 00 00 00 00 00 00 00 00 00 00 00 00 13 00 00 00 40 00 3B 1E AF 45 04 03 03 00 04 03 03 00 00 00 00 00 00 00 00 00 00 00 00 00 00 00 00 00 00 00 00 00 00 00 00 00 00 00 00 00 00 00 00 00 00 00 00 00 00 00 00 00 00 | Keys: [K4, K5, K9]
[14:59:16.825] ID: 0 Report: EC AC 6C 00 00 0B 78 90 52 9C 02 00 00 00 00 00 00 00 00 00 2C 1E 00 00 CF 18 00 00 7F 1B 00 00 AE 17 00 00 72 10 00 00 E5 6B 30 44 00 00 00 00 00 00 00 00 00 00 00 00 00 00 00 00 00 00 00 13 00 00 00 40 00 D8 26 AF 45 04 03 03 00 04 03 03 00 00 00 00 00 00 00 00 00 00 00 00 00 00 00 00 00 00 00 00 00 00 00 00 00 00 00 00 00 00 00 00 00 00 00 00 00 00 00 00 00 00 | Keys: [K6, K9]
[14:59:17.025] ID: 0 Report: EC AD 6C 00 00 B2 87 93 52 9C 02 00 00 00 00 00 00 00 00 00 2C 1E 00 00 D0 18 00 00 81 1B 00 00 AE 17 00 00 73 10 00 00 65 71 30 44 00 00 00 00 00 00 00 00 00 00 00 00 00 00 00 00 00 00 00 13 00 00 00 40 00 67 23 AF 45 04 03 03 00 04 03 03 00 00 00 00 00 00 00 00 00 00 00 00 00 00 00 00 00 00 00 00 00 00 00 00 00 00 00 00 00 00 00 00 00 00 00 00 00 00 00 00 00 00 | Keys: [K5, K6, K9]
[14:59:17.118] ID: 1 Report: 01 71 00 | Keys: [K5]
[14:59:17.226] ID: 0 Report: EC AE 6C 00 00 3F 97 96 52 9C 02 00 00 00 00 00 00 00 00 00 2A 1E 00 00 CF 18 00 00 7F 1B 00 00 AC 17 00 00 71 10 00 00 94 65 30 44 00 00 00 00 00 00 00 00 00 00 00 00 00 00 00 00 00 00 00 13 00 00 00 40 00 1B 26 AF 45 04 03 03 00 04 03 03 00 00 00 00 00 00 00 00 00 00 00 00 00 00 00 00 00 00 00 00 00 00 00 00 00 00 00 00 00 00 00 00 00 00 00 00 00 00 00 00 00 00 | Keys: [K4, K6, K9]
[14:59:17.306] ID: 6 Report: 06 00 00 00 00 00 00 00 | Keys: []
[14:59:17.429] ID: 0 Report: EC AF 6C 00 00 C2 A6 99 52 9C 02 00 00 00 00 00 00 00 00 00 2A 1E 00 00 D0 18 00 00 7D 1B 00 00 AB 17 00 00 72 10 00 00 62 5E 30 44 00 00 00 00 00 00 00 00 00 00 00 00 00 00 00 00 00 00 00 13 00 00 00 40 00 4B 26 AF 45 04 03 03 00 04 03 03 00 00 00 00 00 00 00 00 00 00 00 00 00 00 00 00 00 00 00 00 00 00 00 00 00 00 00 00 00 00 00 00 00 00 00 00 00 00 00 00 00 00 | Keys: [K4, K5, K6, K9]
[14:59:17.628] ID: 0 Report: EC B0 6C 00 00 52 B6 9C 52 9C 02 00 00 00 00 00 00 00 00 00 2A 1E 00 00 D2 18 00 00 7E 1B 00 00 AE 17 00 00 76 10 00 00 AF 70 30 44 00 00 00 00 00 00 00 00 00 00 00 00 00 00 00 00 00 00 00 13 00 00 00 40 00 DB 19 AF 45 04 03 03 00 04 03 03 00 00 00 00 00 00 00 00 00 00 00 00 00 00 00 00 00 00 00 00 00 00 00 00 00 00 00 00 00 00 00 00 00 00 00 00 00 00 00 00 00 00 | Keys: [K9]
[14:59:17.830] ID: 0 Report: EC B1 6C 00 00 0C C6 9F 52 9C 02 00 00 00 00 00 00 00 00 00 2E 1E 00 00 D5 18 00 00 81 1B 00 00 AF 17 00 00 75 10 00 00 40 79 30 44 00 00 00 00 00 00 00 00 00 00 00 00 00 00 00 00 00 00 00 13 00 00 00 40 00 20 20 AF 45 04 03 03 00 04 03 03 00 00 00 00 00 00 00 00 00 00 00 00 00 00 00 00 00 00 00 00 00 00 00 00 00 00 00 00 00 00 00 00 00 00 00 00 00 00 00 00 00 00 | Keys: [K5, K9]
[14:59:18.029] ID: 0 Report: EC B2 6C 00 00 AA D5 A2 52 9C 02 00 00 00 00 00 00 00 00 00 2A 1E 00 00 D0 18 00 00 7C 1B 00 00 AA 17 00 00 72 10 00 00 61 57 30 44 00 00 00 00 00 00 00 00 00 00 00 00 00 00 00 00 00 00 00 13 00 00 00 40 00 CA 29 AF 45 04 03 03 00 04 03 03 00 00 00 00 00 00 00 00 00 00 00 00 00 00 00 00 00 00 00 00 00 00 00 00 00 00 00 00 00 00 00 00 00 00 00 00 00 00 00 00 00 00 | Keys: [K4, K9]
[14:59:18.118] ID: 1 Report: 01 71 00 | Keys: [K5]
[14:59:18.230] ID: 0 Report: EC B3 6C 00 00 49 E5 A5 52 9C 02 00 00 00 00 00 00 00 00 00 28 1E 00 00 CE 18 00 00 7D 1B 00 00 AB 17 00 00 71 10 00 00 7F 5B 30 44 00 00 00 00 00 00 00 00 00 00 00 00 00 00 00 00 00 00 00 13 00 00 00 40 00 81 21 AF 45 04 03 03 00 04 03 03 00 00 00 00 00 00 00 00 00 00 00 00 00 00 00 00 00 00 00 00 00 00 00 00 00 00 00 00 00 00 00 00 00 00 00 00 00 00 00 00 00 00 | Keys: [K4, K5, K9]
[14:59:18.430] ID: 0 Report: EC B4 6C 00 00 E0 F4 A8 52 9C 02 00 00 00 00 00 00 00 00 00 2A 1E 00 00 D0 18 00 00 7F 1B 00 00 AC 17 00 00 73 10 00 00 7A 6A 30 44 00 00 00 00 00 00 00 00 00 00 00 00 00 00 00 00 00 00 00 13 00 00 00 40 00 A9 21 AF 45 04 03 03 00 04 03 03 00 00 00 00 00 00 00 00 00 00 00 00 00 00 00 00 00 00 00 00 00 00 00 00 00 00 00 00 00 00 00 00 00 00 00 00 00 00 00 00 00 00 | Keys: [K6, K9]
[14:59:18.597] ID: 6 Report: 06 00 00 00 00 00 00 00 | Keys: []
[14:59:18.631] ID: 0 Report: EC B5 6C 00 00 5C 04 AC 52 9C 02 00 00 00 00 00 00 00 00 00 2D 1E 00 00 D0 18 00 00 7E 1B 00 00 AE 17 00 00 73 10 00 00 9E 6B 30 44 00 00 00 00 00 00 00 00 00 00 00 00 00 00 00 00 00 00 00 13 00 00 00 40 00 C5 28 AF 45 04 03 03 00 04 03 03 00 00 00 00 00 00 00 00 00 00 00 00 00 00 00 00 00 00 00 00 00 00 00 00 00 00 00 00 00 00 00 00 00 00 00 00 00 00 00 00 00 00 | Keys: [K5, K6, K9]
[14:59:18.714] ID: 0 Report: 03 02 00 00 01 | Keys: [K4]
[14:59:18.717] ID: 0 Report: 02 01 02 00 1B | Keys: [K5]
[14:59:18.833] ID: 0 Report: EC B6 6C 00 00 DF 13 AF 52 9C 02 00 00 00 00 00 00 00 00 00 2D 1E 00 00 D3 18 00 00 81 1B 00 00 AE 17 00 00 73 10 00 00 1F 72 30 44 00 00 00 00 00 00 00 00 00 00 00 00 00 00 00 00 00 00 00 13 00 00 00 40 00 02 24 AF 45 04 03 03 00 04 03 03 00 00 00 00 00 00 00 00 00 00 00 00 00 00 00 00 00 00 00 00 00 00 00 00 00 00 00 00 00 00 00 00 00 00 00 00 00 00 00 00 00 00 | Keys: [K4, K6, K9]
[14:59:19.032] ID: 0 Report: EC B7 6C 00 00 8B 23 B2 52 9C 02 00 00 00 00 00 00 00 00 00 33 1E 00 00 D7 18 00 00 83 1B 00 00 B1 17 00 00 76 10 00 00 92 89 30 44 00 00 00 00 00 00 00 00 00 00 00 00 00 00 00 00 00 00 00 13 00 00 00 40 00 B0 2A AF 45 04 03 03 00 04 03 03 00 00 00 00 00 00 00 00 00 00 00 00 00 00 00 00 00 00 00 00 00 00 00 00 00 00 00 00 00 00 00 00 00 00 00 00 00 00 00 00 00 00 | Keys: [K4, K5, K6, K9]
[14:59:19.106] ID: 6 Report: 06 00 00 00 00 00 00 00 | Keys: []
[14:59:19.118] ID: 1 Report: 01 71 00 | Keys: [K5]
[14:59:19.233] ID: 0 Report: EC B8 6C 00 00 38 33 B5 52 9C 02 00 00 00 00 00 00 00 00 00 33 1E 00 00 D9 18 00 00 84 1B 00 00 B3 17 00 00 78 10 00 00 E0 95 30 44 00 00 00 00 00 00 00 00 00 00 00 00 00 00 00 00 00 00 00 13 00 00 00 40 00 71 20 AF 45 04 03 03 00 04 03 03 00 00 00 00 00 00 00 00 00 00 00 00 00 00 00 00 00 00 00 00 00 00 00 00 00 00 00 00 00 00 00 00 00 00 00 00 00 00 00 00 00 00 | Keys: [K9]
[14:59:19.317] ID: 6 Report: 06 00 00 00 00 00 00 00 | Keys: []
[14:59:19.433] ID: 0 Report: EC B9 6C 00 00 07 43 B8 52 9C 02 00 00 00 00 00 00 00 00 00 34 1E 00 00 D7 18 00 00 86 1B 00 00 B1 17 00 00 77 10 00 00 6C 91 30 44 00 00 00 00 00 00 00 00 00 00 00 00 00 00 00 00 00 00 00 13 00 00 00 40 00 BA 2E AF 45 04 03 03 00 04 03 03 00 00 00 00 00 00 00 00 00 00 00 00 00 00 00 00 00 00 00 00 00 00 00 00 00 00 00 00 00 00 00 00 00 00 00 00 00 00 00 00 00 00 | Keys: [K5, K9]
[14:59:19.556] ID: 6 Report: 06 00 00 00 00 00 00 00 | Keys: []
[14:59:19.634] ID: 0 Report: EC BA 6C 00 00 D6 52 BB 52 9C 02 00 00 00 00 00 00 00 00 00 2F 1E 00 00 D4 18 00 00 82 1B 00 00 B0 17 00 00 77 10 00 00 41 84 30 44 00 00 00 00 00 00 00 00 00 00 00 00 00 00 00 00 00 00 00 13 00 00 00 40 00 0B 22 AF 45 04 03 03 00 04 03 03 00 00 00 00 00 00 00 00 00 00 00 00 00 00 00 00 00 00 00 00 00 00 00 00 00 00 00 00 00 00 00 00 00 00 00 00 00 00 00 00 00 00 | Keys: [K4, K9]
[14:59:19.661] ID: 6 Report: 06 00 00 00 00 00 00 00 | Keys: []
[14:59:19.835] ID: 0 Report: EC BB 6C 00 00 9E 62 BE 52 9C 02 00 00 00 00 00 00 00 00 00 2C 1E 00 00 D3 18 00 00 7D 1B 00 00 AC 17 00 00 73 10 00 00 84 65 30 44 00 00 00 00 00 00 00 00 00 00 00 00 00 00 00 00 00 00 00 13 00 00 00 40 00 67 22 AF 45 04 03 03 00 04 03 03 00 00 00 00 00 00 00 00 00 00 00 00 00 00 00 00 00 00 00 00 00 00 00 00 00 00 00 00 00 00 00 00 00 00 00 00 00 00 00 00 00 00 | Keys: [K4, K5, K9]
[14:59:20.035] ID: 0 Report: EC BC 6C 00 00 54 72 C1 52 9C 02 00 00 00 00 00 00 00 00 00 2A 1E 00 00 D0 18 00 00 7E 1B 00 00 AB 17 00 00 73 10 00 00 79 63 30 44 00 00 00 00 00 00 00 00 00 00 00 00 00 00 00 00 00 00 00 13 00 00 00 40 00 29 25 AF 45 04 03 03 00 04 03 03 00 00 00 00 00 00 00 00 00 00 00 00 00 00 00 00 00 00 00 00 00 00 00 00 00 00 00 00 00 00 00 00 00 00 00 00 00 00 00 00 00 00 | Keys: [K6, K9]
[14:59:20.043] ID: 6 Report: 06 01 57 00 00 00 00 00 | Keys: []
[14:59:20.044] ID: 6 Report: 06 00 00 00 00 00 00 00 | Keys: []
[14:59:20.118] ID: 1 Report: 01 71 00 | Keys: [K5]
[14:59:20.142] ID: 6 Report: 06 01 57 00 00 00 00 00 | Keys: []
[14:59:20.146] ID: 6 Report: 06 00 00 00 00 00 00 00 | Keys: []
[14:59:20.236] ID: 0 Report: EC BD 6C 00 00 15 82 C4 52 9C 02 00 00 00 00 00 00 00 00 00 2A 1E 00 00 D2 18 00 00 7E 1B 00 00 AC 17 00 00 73 10 00 00 0A 68 30 44 00 00 00 00 00 00 00 00 00 00 00 00 00 00 00 00 00 00 00 13 00 00 00 40 00 6A 1F AF 45 04 03 03 00 04 03 03 00 00 00 00 00 00 00 00 00 00 00 00 00 00 00 00 00 00 00 00 00 00 00 00 00 00 00 00 00 00 00 00 00 00 00 00 00 00 00 00 00 00 | Keys: [K5, K6, K9]
[14:59:20.437] ID: 0 Report: EC BE 6C 00 00 C6 91 C7 52 9C 02 00 00 00 00 00 00 00 00 00 2C 1E 00 00 D2 18 00 00 7D 1B 00 00 AF 17 00 00 73 10 00 00 6B 6D 30 44 00 00 00 00 00 00 00 00 00 00 00 00 00 00 00 00 00 00 00 13 00 00 00 40 00 DA 1D AF 45 04 03 03 00 04 03 03 00 00 00 00 00 00 00 00 00 00 00 00 00 00 00 00 00 00 00 00 00 00 00 00 00 00 00 00 00 00 00 00 00 00 00 00 00 00 00 00 00 00 | Keys: [K4, K6, K9]
[14:59:20.608] ID: 6 Report: 06 01 57 00 00 00 00 00 | Keys: []
[14:59:20.611] ID: 6 Report: 06 00 00 00 00 00 00 00 | Keys: []
[14:59:20.637] ID: 0 Report: EC BF 6C 00 00 A0 A1 CA 52 9C 02 00 00 00 00 00 00 00 00 00 2C 1E 00 00 D0 18 00 00 7A 1B 00 00 AB 17 00 00 73 10 00 00 DA 5A 30 44 00 00 00 00 00 00 00 00 00 00 00 00 00 00 00 00 00 00 00 13 00 00 00 40 00 99 2A AF 45 04 03 03 00 04 03 03 00 00 00 00 00 00 00 00 00 00 00 00 00 00 00 00 00 00 00 00 00 00 00 00 00 00 00 00 00 00 00 00 00 00 00 00 00 00 00 00 00 00 | Keys: [K4, K5, K6, K9]
[14:59:20.713] ID: 6 Report: 06 01 57 00 00 00 00 00 | Keys: []
[14:59:20.716] ID: 6 Report: 06 00 00 00 00 00 00 00 | Keys: []
[14:59:20.742] ID: 6 Report: 06 01 57 00 00 00 00 00 | Keys: []
[14:59:20.746] ID: 6 Report: 06 00 00 00 00 00 00 00 | Keys: []
[14:59:20.772] ID: 6 Report: 06 01 57 00 00 00 00 00 | Keys: []
[14:59:20.775] ID: 6 Report: 06 00 00 00 00 00 00 00 | Keys: []
[14:59:20.838] ID: 0 Report: EC C0 6C 00 00 5C B1 CD 52 9C 02 00 00 00 00 00 00 00 00 00 2A 1E 00 00 CF 18 00 00 7D 1B 00 00 AB 17 00 00 72 10 00 00 FA 5D 30 44 00 00 00 00 00 00 00 00 00 00 00 00 00 00 00 00 00 00 00 13 00 00 00 40 00 9A 28 AF 45 04 03 03 00 04 03 03 00 00 00 00 00 00 00 00 00 00 00 00 00 00 00 00 00 00 00 00 00 00 00 00 00 00 00 00 00 00 00 00 00 00 00 00 00 00 00 00 00 00 | Keys: [K9]
[14:59:20.847] ID: 6 Report: 06 01 57 00 00 00 00 00 | Keys: []
[14:59:20.848] ID: 6 Report: 06 00 00 00 00 00 00 00 | Keys: []
[14:59:20.891] ID: 6 Report: 06 01 57 00 00 00 00 00 | Keys: []
[14:59:20.907] ID: 6 Report: 06 00 00 00 00 00 00 00 | Keys: []
[14:59:21.039] ID: 0 Report: EC C1 6C 00 00 FC C0 D0 52 9C 02 00 00 00 00 00 00 00 00 00 25 1E 00 00 CB 18 00 00 78 1B 00 00 A7 17 00 00 70 10 00 00 C0 40 30 44 00 00 00 00 00 00 00 00 00 00 00 00 00 00 00 00 00 00 00 13 00 00 00 40 00 49 27 AF 45 04 03 03 00 04 03 03 00 00 00 00 00 00 00 00 00 00 00 00 00 00 00 00 00 00 00 00 00 00 00 00 00 00 00 00 00 00 00 00 00 00 00 00 00 00 00 00 00 00 | Keys: [K5, K9]
[14:59:21.117] ID: 6 Report: 06 01 56 00 00 00 00 00 | Keys: []
[14:59:21.122] ID: 6 Report: 06 00 00 00 00 00 00 00 | Keys: []
[14:59:21.123] ID: 1 Report: 01 71 00 | Keys: [K5]
[14:59:21.163] ID: 6 Report: 06 01 56 00 00 00 00 00 | Keys: []
[14:59:21.177] ID: 6 Report: 06 00 00 00 00 00 00 00 | Keys: []
[14:59:21.222] ID: 6 Report: 06 01 56 00 00 00 00 00 | Keys: []
[14:59:21.225] ID: 6 Report: 06 00 00 00 00 00 00 00 | Keys: []
[14:59:21.239] ID: 0 Report: EC C2 6C 00 00 BB D0 D3 52 9C 02 00 00 00 00 00 00 00 00 00 28 1E 00 00 CB 18 00 00 79 1B 00 00 A6 17 00 00 6E 10 00 00 07 3D 30 44 00 00 00 00 00 00 00 00 00 00 00 00 00 00 00 00 00 00 00 13 00 00 00 40 00 35 36 AF 45 04 03 03 00 04 03 03 00 00 00 00 00 00 00 00 00 00 00 00 00 00 00 00 00 00 00 00 00 00 00 00 00 00 00 00 00 00 00 00 00 00 00 00 00 00 00 00 00 00 | Keys: [K4, K9]
[14:59:21.251] ID: 6 Report: 06 01 56 00 00 00 00 00 | Keys: []
[14:59:21.253] ID: 6 Report: 06 00 00 00 00 00 00 00 | Keys: []
[14:59:21.272] ID: 0 Report: 03 02 00 00 01 | Keys: [K4]
[14:59:21.275] ID: 0 Report: 02 01 02 00 1C | Keys: [K5]
[14:59:21.281] ID: 6 Report: 06 01 56 00 00 00 00 00 | Keys: []
[14:59:21.283] ID: 6 Report: 06 00 00 00 00 00 00 00 | Keys: []
[14:59:21.312] ID: 6 Report: 06 01 56 00 00 00 00 00 | Keys: []
[14:59:21.315] ID: 6 Report: 06 00 00 00 00 00 00 00 | Keys: []
[14:59:21.372] ID: 6 Report: 06 01 56 00 00 00 00 00 | Keys: []
[14:59:21.375] ID: 6 Report: 06 00 00 00 00 00 00 00 | Keys: []
[14:59:21.440] ID: 0 Report: EC C3 6C 00 00 80 E0 D6 52 9C 02 00 00 00 00 00 00 00 00 00 24 1E 00 00 CA 18 00 00 75 1B 00 00 A4 17 00 00 70 10 00 00 45 2E 30 44 00 00 00 00 00 00 00 00 00 00 00 00 00 00 00 00 00 00 00 13 00 00 00 40 00 CC 2E AF 45 04 03 03 00 04 03 03 00 00 00 00 00 00 00 00 00 00 00 00 00 00 00 00 00 00 00 00 00 00 00 00 00 00 00 00 00 00 00 00 00 00 00 00 00 00 00 00 00 00 | Keys: [K4, K5, K9]
[14:59:21.476] ID: 6 Report: 06 01 56 00 00 00 00 00 | Keys: []
[14:59:21.480] ID: 6 Report: 06 00 00 00 00 00 00 00 | Keys: []
[14:59:21.522] ID: 6 Report: 06 01 56 00 00 00 00 00 | Keys: []
[14:59:21.526] ID: 6 Report: 06 00 00 00 00 00 00 00 | Keys: []
[14:59:21.556] ID: 6 Report: 06 01 56 00 00 00 00 00 | Keys: []
[14:59:21.557] ID: 6 Report: 06 00 00 00 00 00 00 00 | Keys: []
[14:59:21.581] ID: 6 Report: 06 01 56 00 00 00 00 00 | Keys: []
[14:59:21.582] ID: 6 Report: 06 00 00 00 00 00 00 00 | Keys: []
[14:59:21.627] ID: 6 Report: 06 01 56 00 00 00 00 00 | Keys: []
[14:59:21.632] ID: 6 Report: 06 00 00 00 00 00 00 00 | Keys: []
[14:59:21.640] ID: 0 Report: EC C4 6C 00 00 33 F0 D9 52 9C 02 00 00 00 00 00 00 00 00 00 23 1E 00 00 CB 18 00 00 77 1B 00 00 A6 17 00 00 6E 10 00 00 AD 37 30 44 00 00 00 00 00 00 00 00 00 00 00 00 00 00 00 00 00 00 00 13 00 00 00 40 00 5F 21 AF 45 04 03 03 00 04 03 03 00 00 00 00 00 00 00 00 00 00 00 00 00 00 00 00 00 00 00 00 00 00 00 00 00 00 00 00 00 00 00 00 00 00 00 00 00 00 00 00 00 00 | Keys: [K6, K9]
[14:59:21.656] ID: 6 Report: 06 01 56 00 00 00 00 00 | Keys: []
[14:59:21.659] ID: 6 Report: 06 00 00 00 00 00 00 00 | Keys: []
[14:59:21.841] ID: 0 Report: EC C5 6C 00 00 B0 FF DC 52 9C 02 00 00 00 00 00 00 00 00 00 23 1E 00 00 CB 18 00 00 78 1B 00 00 A6 17 00 00 6E 10 00 00 85 3A 30 44 00 00 00 00 00 00 00 00 00 00 00 00 00 00 00 00 00 00 00 13 00 00 00 40 00 4F 21 AF 45 04 03 03 00 04 03 03 00 00 00 00 00 00 00 00 00 00 00 00 00 00 00 00 00 00 00 00 00 00 00 00 00 00 00 00 00 00 00 00 00 00 00 00 00 00 00 00 00 00 | Keys: [K5, K6, K9]
[14:59:21.897] ID: 6 Report: 06 01 57 00 00 00 00 00 | Keys: []
[14:59:21.899] ID: 6 Report: 06 00 00 00 00 00 00 00 | Keys: []
[14:59:21.942] ID: 6 Report: 06 01 57 00 00 00 00 00 | Keys: []
[14:59:21.946] ID: 6 Report: 06 00 00 00 00 00 00 00 | Keys: []
[14:59:21.972] ID: 6 Report: 06 01 57 00 00 00 00 00 | Keys: []
[14:59:21.975] ID: 6 Report: 06 00 00 00 00 00 00 00 | Keys: []
[14:59:22.002] ID: 6 Report: 06 01 57 00 00 00 00 00 | Keys: []
[14:59:22.006] ID: 6 Report: 06 00 00 00 00 00 00 00 | Keys: []
[14:59:22.031] ID: 6 Report: 06 01 57 00 00 00 00 00 | Keys: []
[14:59:22.035] ID: 6 Report: 06 00 00 00 00 00 00 00 | Keys: []
[14:59:22.041] ID: 0 Report: EC C6 6C 00 00 27 0F E0 52 9C 02 00 00 00 00 00 00 00 00 00 28 1E 00 00 CF 18 00 00 7D 1B 00 00 AB 17 00 00 71 10 00 00 E7 5B 30 44 00 00 00 00 00 00 00 00 00 00 00 00 00 00 00 00 00 00 00 13 00 00 00 40 00 31 1F AF 45 04 03 03 00 04 03 03 00 00 00 00 00 00 00 00 00 00 00 00 00 00 00 00 00 00 00 00 00 00 00 00 00 00 00 00 00 00 00 00 00 00 00 00 00 00 00 00 00 00 | Keys: [K4, K6, K9]
[14:59:22.063] ID: 6 Report: 06 01 57 00 00 00 00 00 | Keys: []
[14:59:22.066] ID: 6 Report: 06 00 00 00 00 00 00 00 | Keys: []
[14:59:22.108] ID: 6 Report: 06 01 57 00 00 00 00 00 | Keys: []
[14:59:22.114] ID: 6 Report: 06 00 00 00 00 00 00 00 | Keys: []
[14:59:22.118] ID: 1 Report: 01 71 00 | Keys: [K5]
[14:59:22.136] ID: 6 Report: 06 01 57 00 00 00 00 00 | Keys: []
[14:59:22.152] ID: 6 Report: 06 00 00 00 00 00 00 00 | Keys: []
[14:59:22.167] ID: 6 Report: 06 01 57 00 00 00 00 00 | Keys: []
[14:59:22.169] ID: 6 Report: 06 00 00 00 00 00 00 00 | Keys: []
[14:59:22.226] ID: 6 Report: 06 01 57 00 00 00 00 00 | Keys: []
[14:59:22.229] ID: 6 Report: 06 00 00 00 00 00 00 00 | Keys: []
[14:59:22.243] ID: 0 Report: EC C7 6C 00 00 AA 1E E3 52 9C 02 00 00 00 00 00 00 00 00 00 28 1E 00 00 CD 18 00 00 7D 1B 00 00 A9 17 00 00 71 10 00 00 C6 52 30 44 00 00 00 00 00 00 00 00 00 00 00 00 00 00 00 00 00 00 00 13 00 00 00 40 00 B0 2A AF 45 04 03 03 00 04 03 03 00 00 00 00 00 00 00 00 00 00 00 00 00 00 00 00 00 00 00 00 00 00 00 00 00 00 00 00 00 00 00 00 00 00 00 00 00 00 00 00 00 00 | Keys: [K4, K5, K6, K9]
[14:59:22.257] ID: 6 Report: 06 01 57 00 00 00 00 00 | Keys: []
[14:59:22.260] ID: 6 Report: 06 00 00 00 00 00 00 00 | Keys: []
[14:59:22.302] ID: 6 Report: 06 01 57 00 00 00 00 00 | Keys: []
[14:59:22.306] ID: 6 Report: 06 00 00 00 00 00 00 00 | Keys: []
[14:59:22.444] ID: 0 Report: EC C8 6C 00 00 4F 2E E6 52 9C 02 00 00 00 00 00 00 00 00 00 24 1E 00 00 C9 18 00 00 78 1B 00 00 A6 17 00 00 70 10 00 00 DE 3B 30 44 00 00 00 00 00 00 00 00 00 00 00 00 00 00 00 00 00 00 00 13 00 00 00 40 00 1B 2A AF 45 04 03 03 00 04 03 03 00 00 00 00 00 00 00 00 00 00 00 00 00 00 00 00 00 00 00 00 00 00 00 00 00 00 00 00 00 00 00 00 00 00 00 00 00 00 00 00 00 00 | Keys: [K9]
[14:59:22.646] ID: 0 Report: EC C9 6C 00 00 E4 3D E9 52 9C 02 00 00 00 00 00 00 00 00 00 22 1E 00 00 C9 18 00 00 75 1B 00 00 A4 17 00 00 6D 10 00 00 8A 29 30 44 00 00 00 00 00 00 00 00 00 00 00 00 00 00 00 00 00 00 00 13 00 00 00 40 00 C4 28 AF 45 04 03 03 00 04 03 03 00 00 00 00 00 00 00 00 00 00 00 00 00 00 00 00 00 00 00 00 00 00 00 00 00 00 00 00 00 00 00 00 00 00 00 00 00 00 00 00 00 00 | Keys: [K5, K9]
[14:59:22.846] ID: 0 Report: EC CA 6C 00 00 B8 4D EC 52 9C 02 00 00 00 00 00 00 00 00 00 20 1E 00 00 CA 18 00 00 75 1B 00 00 A2 17 00 00 6D 10 00 00 E0 25 30 44 00 00 00 00 00 00 00 00 00 00 00 00 00 00 00 00 00 00 00 13 00 00 00 40 00 A5 24 AF 45 04 03 03 00 04 03 03 00 00 00 00 00 00 00 00 00 00 00 00 00 00 00 00 00 00 00 00 00 00 00 00 00 00 00 00 00 00 00 00 00 00 00 00 00 00 00 00 00 00 | Keys: [K4, K9]
[14:59:23.044] ID: 0 Report: EC CB 6C 00 00 7A 5D EF 52 9C 02 00 00 00 00 00 00 00 00 00 20 1E 00 00 C5 18 00 00 74 1B 00 00 A2 17 00 00 6C 10 00 00 28 1F 30 44 00 00 00 00 00 00 00 00 00 00 00 00 00 00 00 00 00 00 00 13 00 00 00 40 00 0B 2F AF 45 04 03 03 00 04 03 03 00 00 00 00 00 00 00 00 00 00 00 00 00 00 00 00 00 00 00 00 00 00 00 00 00 00 00 00 00 00 00 00 00 00 00 00 00 00 00 00 00 00 | Keys: [K4, K5, K9]
[14:59:23.118] ID: 1 Report: 01 71 00 | Keys: [K5]
[14:59:23.245] ID: 0 Report: EC CC 6C 00 00 23 6D F2 52 9C 02 00 00 00 00 00 00 00 00 00 1D 1E 00 00 C4 18 00 00 70 1B 00 00 A0 17 00 00 6B 10 00 00 E8 0B 30 44 00 00 00 00 00 00 00 00 00 00 00 00 00 00 00 00 00 00 00 13 00 00 00 40 00 C3 29 AF 45 04 03 03 00 04 03 03 00 00 00 00 00 00 00 00 00 00 00 00 00 00 00 00 00 00 00 00 00 00 00 00 00 00 00 00 00 00 00 00 00 00 00 00 00 00 00 00 00 00 | Keys: [K6, K9]
[14:59:23.261] ID: 6 Report: 06 00 00 00 00 00 00 00 | Keys: []
[14:59:23.412] ID: 6 Report: 06 00 00 00 00 00 00 00 (Identical)
[14:59:23.446] ID: 0 Report: EC CD 6C 00 00 E1 7C F5 52 9C 02 00 00 00 00 00 00 00 00 00 1B 1E 00 00 C4 18 00 00 71 1B 00 00 9E 17 00 00 6B 10 00 00 AF 0A 30 44 00 00 00 00 00 00 00 00 00 00 00 00 00 00 00 00 00 00 00 13 00 00 00 40 00 E4 27 AF 45 04 03 03 00 04 03 03 00 00 00 00 00 00 00 00 00 00 00 00 00 00 00 00 00 00 00 00 00 00 00 00 00 00 00 00 00 00 00 00 00 00 00 00 00 00 00 00 00 00 | Keys: [K5, K6, K9]
[14:59:23.648] ID: 0 Report: EC CE 6C 00 00 9C 8C F8 52 9C 02 00 00 00 00 00 00 00 00 00 1D 1E 00 00 C4 18 00 00 71 1B 00 00 A1 17 00 00 6B 10 00 00 EA 12 30 44 00 00 00 00 00 00 00 00 00 00 00 00 00 00 00 00 00 00 00 13 00 00 00 40 00 41 26 AF 45 04 03 03 00 04 03 03 00 00 00 00 00 00 00 00 00 00 00 00 00 00 00 00 00 00 00 00 00 00 00 00 00 00 00 00 00 00 00 00 00 00 00 00 00 00 00 00 00 00 | Keys: [K4, K6, K9]
[14:59:23.831] ID: 0 Report: 03 02 00 00 01 | Keys: [K4]
[14:59:23.834] ID: 0 Report: 02 01 02 00 1D | Keys: [K5]
[14:59:23.848] ID: 0 Report: EC CF 6C 00 00 4F 9C FB 52 9C 02 00 00 00 00 00 00 00 00 00 1E 1E 00 00 C6 18 00 00 70 1B 00 00 A1 17 00 00 69 10 00 00 8C 0E 30 44 00 00 00 00 00 00 00 00 00 00 00 00 00 00 00 00 00 00 00 13 00 00 00 40 00 00 28 AF 45 04 03 03 00 04 03 03 00 00 00 00 00 00 00 00 00 00 00 00 00 00 00 00 00 00 00 00 00 00 00 00 00 00 00 00 00 00 00 00 00 00 00 00 00 00 00 00 00 00 | Keys: [K4, K5, K6, K9]
[14:59:23.861] ID: 6 Report: 06 00 00 00 00 00 00 00 | Keys: []
[14:59:24.048] ID: 0 Report: EC D0 6C 00 00 E6 AB FE 52 9C 02 00 00 00 00 00 00 00 00 00 19 1E 00 00 C3 18 00 00 6C 1B 00 00 9C 17 00 00 69 10 00 00 81 F4 2F 44 00 00 00 00 00 00 00 00 00 00 00 00 00 00 00 00 00 00 00 13 00 00 00 40 00 ED 27 AF 45 04 03 03 00 04 03 03 00 00 00 00 00 00 00 00 00 00 00 00 00 00 00 00 00 00 00 00 00 00 00 00 00 00 00 00 00 00 00 00 00 00 00 00 00 00 00 00 00 00 | Keys: [K9]
[14:59:24.057] ID: 6 Report: 06 00 00 00 00 00 00 00 | Keys: []
[14:59:24.118] ID: 1 Report: 01 71 00 | Keys: [K5]
[14:59:24.248] ID: 0 Report: EC D1 6C 00 00 7E BB 01 53 9C 02 00 00 00 00 00 00 00 00 00 14 1E 00 00 BA 18 00 00 66 1B 00 00 9B 17 00 00 64 10 00 00 A1 D6 2F 44 00 00 00 00 00 00 00 00 00 00 00 00 00 00 00 00 00 00 00 13 00 00 00 40 00 35 2B AF 45 04 03 03 00 04 03 03 00 00 00 00 00 00 00 00 00 00 00 00 00 00 00 00 00 00 00 00 00 00 00 00 00 00 00 00 00 00 00 00 00 00 00 00 00 00 00 00 00 00 | Keys: [K5, K9]
[14:59:24.449] ID: 0 Report: EC D2 6C 00 00 19 CB 04 53 9C 02 00 00 00 00 00 00 00 00 00 15 1E 00 00 CF 18 00 00 69 1B 00 00 99 17 00 00 64 10 00 00 FE DE 2F 44 00 00 00 00 00 00 00 00 00 00 00 00 00 00 00 00 00 00 00 13 00 00 00 40 00 56 0C AF 45 04 03 03 00 04 03 03 00 00 00 00 00 00 00 00 00 00 00 00 00 00 00 00 00 00 00 00 00 00 00 00 00 00 00 00 00 00 00 00 00 00 00 00 00 00 00 00 00 00 | Keys: [K4, K9]
[14:59:24.650] ID: 0 Report: EC D3 6C 00 00 AE DA 07 53 9C 02 00 00 00 00 00 00 00 00 00 18 1E 00 00 BC 18 00 00 6B 1B 00 00 9B 17 00 00 67 10 00 00 10 E7 2F 44 00 00 00 00 00 00 00 00 00 00 00 00 00 00 00 00 00 00 00 13 00 00 00 40 00 EA 33 AF 45 04 03 03 00 04 03 03 00 00 00 00 00 00 00 00 00 00 00 00 00 00 00 00 00 00 00 00 00 00 00 00 00 00 00 00 00 00 00 00 00 00 00 00 00 00 00 00 00 00 | Keys: [K4, K5, K9]
[14:59:24.850] ID: 0 Report: EC D4 6C 00 00 4A EA 0A 53 9C 02 00 00 00 00 00 00 00 00 00 16 1E 00 00 BF 18 00 00 6A 1B 00 00 9B 17 00 00 69 10 00 00 9B E9 2F 44 00 00 00 00 00 00 00 00 00 00 00 00 00 00 00 00 00 00 00 13 00 00 00 40 00 F5 27 AF 45 04 03 03 00 04 03 03 00 00 00 00 00 00 00 00 00 00 00 00 00 00 00 00 00 00 00 00 00 00 00 00 00 00 00 00 00 00 00 00 00 00 00 00 00 00 00 00 00 00 | Keys: [K6, K9]
[14:59:25.050] ID: 0 Report: EC D5 6C 00 00 EE F9 0D 53 9C 02 00 00 00 00 00 00 00 00 00 15 1E 00 00 C1 18 00 00 6C 1B 00 00 9B 17 00 00 67 10 00 00 B5 EB 2F 44 00 00 00 00 00 00 00 00 00 00 00 00 00 00 00 00 00 00 00 13 00 00 00 40 00 11 20 AF 45 04 03 03 00 04 03 03 00 00 00 00 00 00 00 00 00 00 00 00 00 00 00 00 00 00 00 00 00 00 00 00 00 00 00 00 00 00 00 00 00 00 00 00 00 00 00 00 00 00 | Keys: [K5, K6, K9]
[14:59:25.105] ID: 6 Report: 06 00 00 00 00 00 00 00 | Keys: []
[14:59:25.118] ID: 1 Report: 01 71 00 | Keys: [K5]
[14:59:25.251] ID: 0 Report: EC D6 6C 00 00 83 09 11 53 9C 02 00 00 00 00 00 00 00 00 00 16 1E 00 00 BC 18 00 00 6A 1B 00 00 9B 17 00 00 66 10 00 00 0F E2 2F 44 00 00 00 00 00 00 00 00 00 00 00 00 00 00 00 00 00 00 00 13 00 00 00 40 00 CD 2F AF 45 04 03 03 00 04 03 03 00 00 00 00 00 00 00 00 00 00 00 00 00 00 00 00 00 00 00 00 00 00 00 00 00 00 00 00 00 00 00 00 00 00 00 00 00 00 00 00 00 00 | Keys: [K4, K6, K9]
[14:59:25.256] ID: 6 Report: 06 00 00 00 00 00 00 00 | Keys: []
[14:59:25.452] ID: 0 Report: EC D7 6C 00 00 0D 19 14 53 9C 02 00 00 00 00 00 00 00 00 00 0F 1E 00 00 B9 18 00 00 61 1B 00 00 93 17 00 00 63 10 00 00 FE AF 2F 44 00 00 00 00 00 00 00 00 00 00 00 00 00 00 00 00 00 00 00 13 00 00 00 40 00 83 2E AF 45 04 03 03 00 04 03 03 00 00 00 00 00 00 00 00 00 00 00 00 00 00 00 00 00 00 00 00 00 00 00 00 00 00 00 00 00 00 00 00 00 00 00 00 00 00 00 00 00 00 | Keys: [K4, K5, K6, K9]
[14:59:25.652] ID: 0 Report: EC D8 6C 00 00 A4 28 17 53 9C 02 00 00 00 00 00 00 00 00 00 07 1E 00 00 B4 18 00 00 60 1B 00 00 8E 17 00 00 5F 10 00 00 AB 94 2F 44 00 00 00 00 00 00 00 00 00 00 00 00 00 00 00 00 00 00 00 13 00 00 00 40 00 51 29 AF 45 04 03 03 00 04 03 03 00 00 00 00 00 00 00 00 00 00 00 00 00 00 00 00 00 00 00 00 00 00 00 00 00 00 00 00 00 00 00 00 00 00 00 00 00 00 00 00 00 00 | Keys: [K9]
[14:59:25.854] ID: 0 Report: EC D9 6C 00 00 30 38 1A 53 9C 02 00 00 00 00 00 00 00 00 00 02 1E 00 00 AF 18 00 00 57 1B 00 00 8C 17 00 00 5D 10 00 00 A8 72 2F 44 00 00 00 00 00 00 00 00 00 00 00 00 00 00 00 00 00 00 00 13 00 00 00 40 00 11 27 AF 45 04 03 03 00 04 03 03 00 00 00 00 00 00 00 00 00 00 00 00 00 00 00 00 00 00 00 00 00 00 00 00 00 00 00 00 00 00 00 00 00 00 00 00 00 00 00 00 00 00 | Keys: [K5, K9]
[15:01:26.118] ID: 1 Report: 01 71 00 | Keys: [CENTER]
[15:01:27.118] ID: 1 Report: 01 71 00 | Keys: [CENTER]
[15:01:28.118] ID: 1 Report: 01 71 00 | Keys: [CENTER]
[15:01:29.119] ID: 1 Report: 01 71 00 | Keys: [CENTER]
[15:01:30.119] ID: 1 Report: 01 71 00 | Keys: [CENTER]
[15:01:30.595] ID: 6 Report: 06 00 00 00 00 00 00 00 | Keys: []
[15:01:30.789] ID: 6 Report: 06 00 00 00 00 00 00 00 (Identical)
[15:01:31.118] ID: 1 Report: 01 71 00 | Keys: [CENTER]
[15:01:32.118] ID: 1 Report: 01 71 00 | Keys: [CENTER]
[15:01:32.244] ID: 6 Report: 06 00 00 00 00 00 00 00 (Identical)
[15:01:32.444] ID: 6 Report: 06 00 00 00 00 00 00 00 (Identical)
[15:01:33.119] ID: 1 Report: 01 71 00 | Keys: [CENTER]
[15:01:33.564] ID: 6 Report: 06 00 00 00 00 00 00 00 (Identical)
[15:01:33.820] ID: 6 Report: 06 00 00 00 00 00 00 00 (Identical)
[15:01:34.118] ID: 1 Report: 01 71 00 | Keys: [CENTER]
[15:01:35.118] ID: 1 Report: 01 71 00 | Keys: [CENTER]
[15:01:35.638] ID: 6 Report: 06 01 57 00 00 00 00 00 | Keys: []
[15:01:35.640] ID: 6 Report: 06 00 00 00 00 00 00 00 | Keys: []
[15:01:36.118] ID: 1 Report: 01 71 00 | Keys: [CENTER]
[15:01:36.207] ID: 6 Report: 06 01 56 00 00 00 00 00 | Keys: []
[15:01:36.208] ID: 6 Report: 06 00 00 00 00 00 00 00 | Keys: []
[15:01:36.715] ID: 6 Report: 06 01 57 00 00 00 00 00 | Keys: []
[15:01:36.718] ID: 6 Report: 06 00 00 00 00 00 00 00 | Keys: []
[15:01:37.120] ID: 1 Report: 01 71 00 | Keys: [CENTER]
[15:01:37.239] ID: 6 Report: 06 01 56 00 00 00 00 00 | Keys: []
[15:01:37.241] ID: 6 Report: 06 00 00 00 00 00 00 00 | Keys: []
[15:01:38.118] ID: 1 Report: 01 71 00 | Keys: [CENTER]
[15:01:39.118] ID: 1 Report: 01 71 00 | Keys: [CENTER]
[15:01:40.119] ID: 1 Report: 01 71 00 | Keys: [CENTER]
[15:01:40.739] ID: 6 Report: 06 00 00 00 00 00 00 00 (Identical)
[15:01:40.929] ID: 6 Report: 06 00 00 00 00 00 00 00 (Identical)
[15:01:41.118] ID: 1 Report: 01 71 00 | Keys: [CENTER]
[15:01:41.635] ID: 6 Report: 06 00 00 00 00 00 00 00 (Identical)
[15:01:41.829] ID: 6 Report: 06 00 00 00 00 00 00 00 (Identical)
[15:01:42.119] ID: 1 Report: 01 71 00 | Keys: [CENTER]
[15:01:42.506] ID: 6 Report: 06 01 57 00 00 00 00 00 | Keys: []
[15:01:42.508] ID: 6 Report: 06 00 00 00 00 00 00 00 | Keys: []
[15:01:43.118] ID: 1 Report: 01 71 00 | Keys: [CENTER]
[15:01:43.179] ID: 6 Report: 06 01 56 00 00 00 00 00 | Keys: []
[15:01:43.182] ID: 6 Report: 06 00 00 00 00 00 00 00 | Keys: []
[15:01:43.854] ID: 6 Report: 06 01 56 00 00 00 00 00 | Keys: []
[15:01:43.857] ID: 6 Report: 06 00 00 00 00 00 00 00 | Keys: []
[15:01:44.119] ID: 1 Report: 01 71 00 | Keys: [CENTER]
[15:01:45.118] ID: 1 Report: 01 71 00 | Keys: [CENTER]
[15:01:46.119] ID: 1 Report: 01 71 00 | Keys: [CENTER]
[15:01:47.120] ID: 1 Report: 01 71 00 | Keys: [CENTER]
[15:01:47.350] ID: 6 Report: 06 01 57 00 00 00 00 00 | Keys: []
[15:01:47.352] ID: 6 Report: 06 00 00 00 00 00 00 00 | Keys: []
[15:01:47.469] ID: 6 Report: 06 01 57 00 00 00 00 00 | Keys: []
[15:01:47.473] ID: 6 Report: 06 00 00 00 00 00 00 00 | Keys: []
[15:01:47.592] ID: 6 Report: 06 01 57 00 00 00 00 00 | Keys: []
[15:01:47.593] ID: 6 Report: 06 00 00 00 00 00 00 00 | Keys: []
[15:01:47.652] ID: 6 Report: 06 01 57 00 00 00 00 00 | Keys: []
[15:01:47.655] ID: 6 Report: 06 00 00 00 00 00 00 00 | Keys: []
[15:01:47.724] ID: 6 Report: 06 01 57 00 00 00 00 00 | Keys: []
[15:01:47.727] ID: 6 Report: 06 00 00 00 00 00 00 00 | Keys: []
[15:01:48.119] ID: 1 Report: 01 71 00 | Keys: [CENTER]
[15:01:48.684] ID: 6 Report: 06 00 00 00 00 00 00 00 (Identical)
[15:01:48.894] ID: 6 Report: 06 00 00 00 00 00 00 00 (Identical)
[15:01:49.119] ID: 1 Report: 01 71 00 | Keys: [CENTER]
[15:01:50.119] ID: 1 Report: 01 71 00 | Keys: [CENTER]
[15:01:51.119] ID: 1 Report: 01 71 00 | Keys: [CENTER]
[15:01:52.119] ID: 1 Report: 01 71 00 | Keys: [CENTER]
[15:01:52.689] ID: 6 Report: 06 00 00 00 00 00 00 00 (Identical)
[15:01:52.839] ID: 6 Report: 06 00 00 00 00 00 00 00 (Identical)
[15:01:53.122] ID: 1 Report: 01 71 00 | Keys: [CENTER]
[15:01:54.119] ID: 1 Report: 01 71 00 | Keys: [CENTER]
[15:01:55.119] ID: 1 Report: 01 71 00 | Keys: [CENTER]
[15:02:00.119] ID: 1 Report: 01 71 00 | Keys: [CENTER]
[15:02:01.119] ID: 1 Report: 01 71 00 | Keys: [CENTER]
[15:02:02.119] ID: 1 Report: 01 71 00 | Keys: [CENTER]
[15:02:03.121] ID: 1 Report: 01 71 00 | Keys: [CENTER]
[15:02:04.119] ID: 1 Report: 01 71 00 | Keys: [CENTER]
[15:02:05.119] ID: 1 Report: 01 71 00 | Keys: [CENTER]
[15:02:05.846] ID: 6 Report: 06 00 00 00 00 00 00 00 | Keys: []
[15:02:05.993] ID: 6 Report: 06 00 00 00 00 00 00 00 (Identical)
[15:02:06.119] ID: 1 Report: 01 71 00 | Keys: [CENTER]
[15:02:07.119] ID: 1 Report: 01 71 00 | Keys: [CENTER]
[15:02:07.932] ID: 6 Report: 06 00 00 00 00 00 00 00 (Identical)
[15:02:08.120] ID: 1 Report: 01 71 00 | Keys: [CENTER]
[15:02:09.119] ID: 1 Report: 01 71 00 | Keys: [CENTER]
[15:02:10.119] ID: 1 Report: 01 71 00 | Keys: [CENTER]
[15:02:10.526] ID: 6 Report: 06 00 00 00 00 00 00 00 (Identical)
[15:02:11.119] ID: 1 Report: 01 71 00 | Keys: [CENTER]
[15:02:12.119] ID: 1 Report: 01 71 00 | Keys: [CENTER]
[15:02:13.122] ID: 1 Report: 01 71 00 | Keys: [CENTER]
[15:02:43.869] ID: 6 Report: 06 00 00 00 00 00 00 00 | Keys: []
[15:02:44.110] ID: 6 Report: 06 00 00 00 00 00 00 00 (Identical)
[15:02:45.387] ID: 6 Report: 06 00 00 00 00 00 00 00 (Identical)
[15:02:46.479] ID: 6 Report: 06 00 00 00 00 00 00 00 (Identical)
[15:02:48.204] ID: 6 Report: 06 01 57 00 00 00 00 00 | Keys: []
[15:02:48.208] ID: 6 Report: 06 00 00 00 00 00 00 00 | Keys: []
[15:02:48.986] ID: 6 Report: 06 01 56 00 00 00 00 00 | Keys: []
[15:02:48.989] ID: 6 Report: 06 00 00 00 00 00 00 00 | Keys: []
[15:02:49.750] ID: 6 Report: 06 00 00 00 00 00 00 00 (Identical)
[15:02:50.244] ID: 6 Report: 06 00 00 00 00 00 00 00 (Identical)
[15:02:53.485] ID: 6 Report: 06 01 57 00 00 00 00 00 | Keys: []
[15:02:53.499] ID: 6 Report: 06 00 00 00 00 00 00 00 | Keys: []
[15:02:54.698] ID: 6 Report: 06 01 56 00 00 00 00 00 | Keys: []
[15:02:54.701] ID: 6 Report: 06 00 00 00 00 00 00 00 | Keys: []
[15:02:55.705] ID: 6 Report: 06 00 00 00 00 00 00 00 (Identical)
[15:02:56.603] ID: 6 Report: 06 00 00 00 00 00 00 00 (Identical)
[15:02:57.834] ID: 6 Report: 06 00 00 00 00 00 00 00 (Identical)
[15:02:58.673] ID: 6 Report: 06 00 00 00 00 00 00 00 (Identical)
[15:02:59.651] ID: 6 Report: 06 00 00 00 00 00 00 00 (Identical)
[15:03:00.445] ID: 6 Report: 06 00 00 00 00 00 00 00 (Identical)
[15:03:02.143] ID: 6 Report: 06 00 00 00 00 00 00 00 (Identical)
[15:03:02.738] ID: 6 Report: 06 00 00 00 00 00 00 00 (Identical)
[15:03:03.851] ID: 6 Report: 06 00 00 00 00 00 00 00 (Identical)
[15:03:04.405] ID: 6 Report: 06 00 00 00 00 00 00 00 (Identical)
[15:03:06.039] ID: 6 Report: 06 01 12 00 00 00 00 00 | Keys: [K1]
[15:03:06.189] ID: 6 Report: 06 00 00 00 00 00 00 00 | Keys: []
[15:03:06.939] ID: 6 Report: 06 01 11 00 00 00 00 00 | Keys: [K2]
[15:03:07.089] ID: 6 Report: 06 00 00 00 00 00 00 00 | Keys: []
[15:03:07.614] ID: 6 Report: 06 00 3E 00 00 00 00 00 | Keys: [K3]
[15:03:07.764] ID: 6 Report: 06 00 00 00 00 00 00 00 | Keys: []
[15:03:09.068] ID: 6 Report: 06 02 00 00 00 00 00 00 | Keys: [K4]
[15:03:09.173] ID: 6 Report: 06 00 00 00 00 00 00 00 | Keys: []
[15:03:09.565] ID: 6 Report: 06 01 00 00 00 00 00 00 | Keys: [K5]
[15:03:09.668] ID: 6 Report: 06 00 00 00 00 00 00 00 | Keys: []
[15:03:09.969] ID: 6 Report: 06 04 00 00 00 00 00 00 | Keys: [K6]
[15:03:10.013] ID: 6 Report: 06 00 00 00 00 00 00 00 | Keys: []
[15:03:10.781] ID: 6 Report: 06 01 57 00 00 00 00 00 | Keys: []
[15:03:10.794] ID: 6 Report: 06 00 00 00 00 00 00 00 | Keys: []
[15:03:11.859] ID: 6 Report: 06 00 00 00 00 00 00 00 (Identical)
[15:03:12.009] ID: 6 Report: 06 00 00 00 00 00 00 00 (Identical)
[15:03:12.460] ID: 6 Report: 06 00 00 00 00 00 00 00 (Identical)
[15:03:12.608] ID: 6 Report: 06 00 00 00 00 00 00 00 (Identical)
[15:03:18.743] ID: 6 Report: 06 00 00 00 00 00 00 00 (Identical)
[15:03:19.601] ID: 6 Report: 06 00 00 00 00 00 00 00 (Identical)
[15:04:23.484] ID: 6 Report: 06 01 12 00 00 00 00 00 | Keys: []
[15:04:23.632] ID: 6 Report: 06 00 00 00 00 00 00 00 | Keys: []
[15:04:32.904] ID: 6 Report: 06 01 16 00 00 00 00 00 | Keys: [K7]
[15:04:32.992] ID: 6 Report: 06 00 00 00 00 00 00 00 | Keys: []
[15:04:37.658] ID: 6 Report: 06 00 2C 00 00 00 00 00 | Keys: [K9]
[15:04:37.702] ID: 6 Report: 06 00 00 00 00 00 00 00 | Keys: []
[15:04:45.563] ID: 6 Report: 06 01 57 00 00 00 00 00 | Keys: []
[15:04:45.566] ID: 6 Report: 06 00 00 00 00 00 00 00 | Keys: []
[15:04:46.823] ID: 6 Report: 06 01 57 00 00 00 00 00 | Keys: []
[15:04:46.838] ID: 6 Report: 06 00 00 00 00 00 00 00 | Keys: []
[15:04:47.618] ID: 6 Report: 06 01 57 00 00 00 00 00 | Keys: []
[15:04:47.623] ID: 6 Report: 06 00 00 00 00 00 00 00 | Keys: []
[15:04:48.938] ID: 6 Report: 06 01 56 00 00 00 00 00 | Keys: []
[15:04:48.941] ID: 6 Report: 06 00 00 00 00 00 00 00 | Keys: []
[15:04:49.792] ID: 6 Report: 06 01 56 00 00 00 00 00 | Keys: []
[15:04:49.795] ID: 6 Report: 06 00 00 00 00 00 00 00 | Keys: []
[15:04:50.482] ID: 6 Report: 06 01 56 00 00 00 00 00 | Keys: []
[15:04:50.484] ID: 6 Report: 06 00 00 00 00 00 00 00 | Keys: []
[15:04:58.673] ID: 6 Report: 06 00 00 00 00 00 00 00 (Identical)
[15:04:58.763] ID: 6 Report: 06 00 00 00 00 00 00 00 (Identical)
[15:04:58.972] ID: 6 Report: 06 00 00 00 00 00 00 00 (Identical)
[15:04:59.123] ID: 6 Report: 06 00 00 00 00 00 00 00 (Identical)
[15:04:59.317] ID: 6 Report: 06 00 00 00 00 00 00 00 (Identical)
[15:04:59.467] ID: 6 Report: 06 00 00 00 00 00 00 00 (Identical)
[15:05:05.392] ID: 6 Report: 06 00 00 00 00 00 00 00 (Identical)
[15:05:08.187] ID: 6 Report: 06 00 00 00 00 00 00 00 (Identical)
[15:06:03.714] ID: 6 Report: 06 00 00 00 00 00 00 00 | Keys: []
[15:06:03.907] ID: 6 Report: 06 00 00 00 00 00 00 00 (Identical)
[15:06:05.243] ID: 6 Report: 06 00 00 00 00 00 00 00 (Identical)
[15:06:06.037] ID: 6 Report: 06 00 00 00 00 00 00 00 (Identical)
[15:06:06.833] ID: 6 Report: 06 00 00 00 00 00 00 00 (Identical)
[15:06:07.282] ID: 6 Report: 06 00 00 00 00 00 00 00 (Identical)
[15:06:07.882] ID: 6 Report: 06 01 57 00 00 00 00 00 | Keys: []
[15:06:07.900] ID: 6 Report: 06 00 00 00 00 00 00 00 | Keys: []
[15:06:08.393] ID: 6 Report: 06 01 56 00 00 00 00 00 | Keys: []
[15:06:08.397] ID: 6 Report: 06 00 00 00 00 00 00 00 | Keys: []
[15:06:10.251] ID: 6 Report: 06 00 00 00 00 00 00 00 (Identical)
[15:06:10.957] ID: 6 Report: 06 00 00 00 00 00 00 00 (Identical)
[15:06:13.342] ID: 6 Report: 06 01 12 00 00 00 00 00 | Keys: [K1, K5]
[15:06:13.432] ID: 6 Report: 06 00 00 00 00 00 00 00 | Keys: []
[15:06:14.182] ID: 6 Report: 06 01 12 00 00 00 00 00 | Keys: [K1, K5]
[15:06:14.782] ID: 6 Report: 06 00 00 00 00 00 00 00 | Keys: []
[15:06:15.024] ID: 6 Report: 06 01 11 00 00 00 00 00 | Keys: [K2]
[15:06:15.367] ID: 6 Report: 06 00 00 00 00 00 00 00 | Keys: []
[15:06:15.564] ID: 6 Report: 06 00 3E 00 00 00 00 00 | Keys: [K3]
[15:06:15.863] ID: 6 Report: 06 00 00 00 00 00 00 00 | Keys: []
[15:06:16.192] ID: 6 Report: 06 02 00 00 00 00 00 00 | Keys: [K4]
[15:06:16.539] ID: 6 Report: 06 00 00 00 00 00 00 00 | Keys: []
[15:06:16.688] ID: 6 Report: 06 01 00 00 00 00 00 00 | Keys: [K5]
[15:06:16.988] ID: 6 Report: 06 00 00 00 00 00 00 00 | Keys: []
[15:06:17.091] ID: 6 Report: 06 04 00 00 00 00 00 00 | Keys: [K6]
[15:06:17.331] ID: 6 Report: 06 00 00 00 00 00 00 00 | Keys: []
[15:06:17.573] ID: 6 Report: 06 01 16 00 00 00 00 00 | Keys: [K7]
[15:06:17.617] ID: 6 Report: 06 00 00 00 00 00 00 00 | Keys: []
[15:06:17.662] ID: 6 Report: 06 01 16 00 00 00 00 00 | Keys: [K7]
[15:06:17.812] ID: 6 Report: 06 00 00 00 00 00 00 00 | Keys: []
[15:06:18.112] ID: 6 Report: 06 01 1D 00 00 00 00 00 | Keys: [K8]
[15:06:18.322] ID: 6 Report: 06 00 00 00 00 00 00 00 | Keys: []
[15:06:18.472] ID: 6 Report: 06 00 2C 00 00 00 00 00 | Keys: [K9]
[15:06:18.669] ID: 6 Report: 06 00 00 00 00 00 00 00 | Keys: []
[15:06:18.773] ID: 6 Report: 06 03 1D 00 00 00 00 00 | Keys: [K10]
[15:06:18.968] ID: 6 Report: 06 00 00 00 00 00 00 00 | Keys: []
[15:07:30.698] ID: 6 Report: 06 01 57 00 00 00 00 00 | Keys: []
[15:07:30.712] ID: 6 Report: 06 00 00 00 00 00 00 00 | Keys: []
[15:07:32.602] ID: 6 Report: 06 01 56 00 00 00 00 00 | Keys: []
[15:07:32.605] ID: 6 Report: 06 00 00 00 00 00 00 00 | Keys: []
[15:07:33.892] ID: 6 Report: 06 01 57 00 00 00 00 00 | Keys: []
[15:07:33.898] ID: 6 Report: 06 00 00 00 00 00 00 00 | Keys: []
[15:07:36.579] ID: 6 Report: 06 00 00 00 00 00 00 00 | Keys: []
[15:07:37.866] ID: 6 Report: 06 00 00 00 00 00 00 00 | Keys: []
[15:07:39.786] ID: 6 Report: 06 01 12 00 00 00 00 00 | Keys: [K1]
[15:07:39.876] ID: 6 Report: 06 00 00 00 00 00 00 00 | Keys: []
[15:07:40.432] ID: 6 Report: 06 01 11 00 00 00 00 00 | Keys: [K2]
[15:07:40.536] ID: 6 Report: 06 00 00 00 00 00 00 00 | Keys: []
[15:07:40.896] ID: 6 Report: 06 00 3E 00 00 00 00 00 | Keys: [K3]
[15:07:40.986] ID: 6 Report: 06 00 00 00 00 00 00 00 | Keys: []
[15:07:41.496] ID: 6 Report: 06 01 16 00 00 00 00 00 | Keys: [K7]
[15:07:41.646] ID: 6 Report: 06 00 00 00 00 00 00 00 | Keys: []
[15:07:42.248] ID: 6 Report: 06 02 00 00 00 00 00 00 | Keys: [K4]
[15:07:42.397] ID: 6 Report: 06 00 00 00 00 00 00 00 | Keys: []
[15:07:42.636] ID: 6 Report: 06 01 00 00 00 00 00 00 | Keys: [K5]
[15:07:42.786] ID: 6 Report: 06 00 00 00 00 00 00 00 | Keys: []
[15:07:42.996] ID: 6 Report: 06 04 00 00 00 00 00 00 | Keys: [K6]
[15:07:43.086] ID: 6 Report: 06 00 00 00 00 00 00 00 | Keys: []
[15:07:43.416] ID: 6 Report: 06 01 1D 00 00 00 00 00 | Keys: [K8]
[15:07:43.506] ID: 6 Report: 06 00 00 00 00 00 00 00 | Keys: []
[15:07:43.807] ID: 6 Report: 06 00 2C 00 00 00 00 00 | Keys: [K9]
[15:07:43.973] ID: 6 Report: 06 00 00 00 00 00 00 00 | Keys: []
[15:07:44.166] ID: 6 Report: 06 03 1D 00 00 00 00 00 | Keys: [K10]
[15:07:44.317] ID: 6 Report: 06 00 00 00 00 00 00 00 | Keys: []
[15:07:48.295] ID: 6 Report: 06 00 00 00 00 00 00 00 | Keys: []
[15:07:49.086] ID: 6 Report: 06 00 00 00 00 00 00 00 | Keys: []
[15:07:50.961] ID: 6 Report: 06 00 00 00 00 00 00 00 | Keys: []
[15:07:51.606] ID: 6 Report: 06 00 00 00 00 00 00 00 | Keys: []
[15:08:21.907] ID: 6 Report: 06 01 12 00 00 00 00 00 | Keys: [K1]
[15:08:23.001] ID: 6 Report: 06 00 00 00 00 00 00 00 | Keys: []
[15:09:21.552] ID: 6 Report: 06 01 57 00 00 00 00 00 | Keys: []
[15:09:21.553] ID: 6 Report: 06 00 00 00 00 00 00 00 | Keys: []
[15:09:22.341] ID: 6 Report: 06 01 57 00 00 00 00 00 | Keys: []
[15:09:22.344] ID: 6 Report: 06 00 00 00 00 00 00 00 | Keys: []
[15:09:24.801] ID: 6 Report: 06 00 00 00 00 00 00 00 | Keys: []
[15:09:24.996] ID: 6 Report: 06 00 00 00 00 00 00 00 | Keys: []
[15:09:25.701] ID: 6 Report: 06 00 00 00 00 00 00 00 | Keys: []
[15:09:25.853] ID: 6 Report: 06 00 00 00 00 00 00 00 | Keys: []
[15:09:26.660] ID: 6 Report: 06 00 00 00 00 00 00 00 | Keys: []
[15:09:27.305] ID: 6 Report: 06 00 00 00 00 00 00 00 | Keys: []
[15:10:36.203] ID: 6 Report: 06 00 00 00 00 00 00 00 | Keys: []
[15:10:36.560] ID: 6 Report: 06 00 00 00 00 00 00 00 | Keys: []
[15:10:38.151] ID: 6 Report: 06 00 00 00 00 00 00 00 | Keys: []
[15:10:38.647] ID: 6 Report: 06 00 00 00 00 00 00 00 | Keys: []
[15:10:39.439] ID: 6 Report: 06 00 00 00 00 00 00 00 | Keys: []
[15:10:39.785] ID: 6 Report: 06 00 00 00 00 00 00 00 | Keys: []
[15:10:40.460] ID: 6 Report: 06 01 57 00 00 00 00 00 | Keys: []
[15:10:40.475] ID: 6 Report: 06 00 00 00 00 00 00 00 | Keys: []
[15:10:41.180] ID: 6 Report: 06 01 56 00 00 00 00 00 | Keys: []
[15:10:41.183] ID: 6 Report: 06 00 00 00 00 00 00 00 | Keys: []
[15:10:42.829] ID: 6 Report: 06 01 12 00 00 00 00 00 | Keys: [K1]
[15:10:43.174] ID: 6 Report: 06 00 00 00 00 00 00 00 | Keys: []
[15:10:43.475] ID: 6 Report: 06 01 11 00 00 00 00 00 | Keys: [K2]
[15:10:43.774] ID: 6 Report: 06 00 00 00 00 00 00 00 | Keys: []
[15:10:44.120] ID: 6 Report: 06 00 3E 00 00 00 00 00 | Keys: [K3]
[15:10:44.359] ID: 6 Report: 06 00 00 00 00 00 00 00 | Keys: []
[15:10:44.960] ID: 6 Report: 06 02 00 00 00 00 00 00 | Keys: [K4]
[15:10:45.214] ID: 6 Report: 06 00 00 00 00 00 00 00 | Keys: []
[15:10:45.440] ID: 6 Report: 06 01 00 00 00 00 00 00 | Keys: [K5]
[15:10:45.741] ID: 6 Report: 06 00 00 00 00 00 00 00 | Keys: []
[15:10:45.890] ID: 6 Report: 06 04 00 00 00 00 00 00 | Keys: [K6]
[15:10:46.129] ID: 6 Report: 06 00 00 00 00 00 00 00 | Keys: []
[15:10:46.490] ID: 6 Report: 06 01 1D 00 00 00 00 00 | Keys: [K8]
[15:10:46.640] ID: 6 Report: 06 00 00 00 00 00 00 00 | Keys: []
[15:10:46.940] ID: 6 Report: 06 00 2C 00 00 00 00 00 | Keys: [K9]
[15:10:47.180] ID: 6 Report: 06 00 00 00 00 00 00 00 | Keys: []
[15:10:47.391] ID: 6 Report: 06 03 1D 00 00 00 00 00 | Keys: [K10]
[15:10:47.631] ID: 6 Report: 06 00 00 00 00 00 00 00 | Keys: []
[15:10:47.869] ID: 6 Report: 06 01 16 00 00 00 00 00 | Keys: [K7]
[15:10:48.064] ID: 6 Report: 06 00 00 00 00 00 00 00 | Keys: []
[15:10:49.296] ID: 6 Report: 06 01 57 00 00 00 00 00 | Keys: []
[15:10:49.299] ID: 6 Report: 06 00 00 00 00 00 00 00 | Keys: []
[15:10:54.396] ID: 6 Report: 06 03 1D 00 00 00 00 00 | Keys: [K10]
[15:10:54.499] ID: 6 Report: 06 00 00 00 00 00 00 00 | Keys: []
[15:10:56.134] ID: 6 Report: 06 00 00 00 00 00 00 00 | Keys: []
[15:10:56.991] ID: 6 Report: 06 00 00 00 00 00 00 00 | Keys: []
[15:10:57.845] ID: 6 Report: 06 00 00 00 00 00 00 00 | Keys: []
[15:10:58.895] ID: 6 Report: 06 00 00 00 00 00 00 00 | Keys: []
[15:10:59.524] ID: 6 Report: 06 00 00 00 00 00 00 00 | Keys: []
[15:11:00.469] ID: 6 Report: 06 00 00 00 00 00 00 00 | Keys: []
[15:11:08.501] ID: 6 Report: 06 00 00 00 00 00 00 00 | Keys: []
[15:11:08.992] ID: 6 Report: 06 00 00 00 00 00 00 00 | Keys: []
[15:11:09.649] ID: 6 Report: 06 00 00 00 00 00 00 00 | Keys: []
[15:11:10.100] ID: 6 Report: 06 00 00 00 00 00 00 00 | Keys: []
[15:11:11.240] ID: 6 Report: 06 00 00 00 00 00 00 00 | Keys: []
[15:11:11.585] ID: 6 Report: 06 00 00 00 00 00 00 00 | Keys: []
[15:11:12.082] ID: 6 Report: 06 01 57 00 00 00 00 00 | Keys: []
[15:11:12.085] ID: 6 Report: 06 00 00 00 00 00 00 00 | Keys: []
[15:11:12.187] ID: 6 Report: 06 01 57 00 00 00 00 00 | Keys: []
[15:11:12.190] ID: 6 Report: 06 00 00 00 00 00 00 00 | Keys: []
[15:11:12.486] ID: 6 Report: 06 01 57 00 00 00 00 00 | Keys: []
[15:11:12.492] ID: 6 Report: 06 00 00 00 00 00 00 00 | Keys: []
[15:11:12.831] ID: 6 Report: 06 01 56 00 00 00 00 00 | Keys: []
[15:11:12.835] ID: 6 Report: 06 00 00 00 00 00 00 00 | Keys: []
[15:11:12.890] ID: 6 Report: 06 01 56 00 00 00 00 00 | Keys: []
[15:11:12.892] ID: 6 Report: 06 00 00 00 00 00 00 00 | Keys: []
[15:11:12.965] ID: 6 Report: 06 01 56 00 00 00 00 00 | Keys: []
[15:11:12.981] ID: 6 Report: 06 00 00 00 00 00 00 00 | Keys: []
[15:11:13.100] ID: 6 Report: 06 01 56 00 00 00 00 00 | Keys: []
[15:11:13.103] ID: 6 Report: 06 00 00 00 00 00 00 00 | Keys: []
[15:11:13.267] ID: 6 Report: 06 01 56 00 00 00 00 00 | Keys: []
[15:11:13.270] ID: 6 Report: 06 00 00 00 00 00 00 00 | Keys: []
[15:11:13.805] ID: 6 Report: 06 01 57 00 00 00 00 00 | Keys: []
[15:11:13.808] ID: 6 Report: 06 00 00 00 00 00 00 00 | Keys: []
[15:11:13.867] ID: 6 Report: 06 01 57 00 00 00 00 00 | Keys: []
[15:11:13.870] ID: 6 Report: 06 00 00 00 00 00 00 00 | Keys: []
[15:11:13.925] ID: 6 Report: 06 01 57 00 00 00 00 00 | Keys: []
[15:11:13.940] ID: 6 Report: 06 00 00 00 00 00 00 00 | Keys: []
[15:11:14.015] ID: 6 Report: 06 01 57 00 00 00 00 00 | Keys: []
[15:11:14.018] ID: 6 Report: 06 00 00 00 00 00 00 00 | Keys: []
[15:11:14.092] ID: 6 Report: 06 01 57 00 00 00 00 00 | Keys: []
[15:11:14.096] ID: 6 Report: 06 00 00 00 00 00 00 00 | Keys: []
[15:11:14.944] ID: 6 Report: 06 01 12 00 00 00 00 00 | Keys: [K1]
[15:11:15.035] ID: 6 Report: 06 01 11 00 00 00 00 00 | Keys: [K2]
[15:11:15.245] ID: 6 Report: 06 00 3E 00 00 00 00 00 | Keys: [K3]
[15:11:15.440] ID: 6 Report: 06 00 00 00 00 00 00 00 | Keys: []
[15:11:15.589] ID: 6 Report: 06 02 00 00 00 00 00 00 | Keys: [K4]
[15:11:15.740] ID: 6 Report: 06 03 00 00 00 00 00 00 | Keys: [K4, K5]
[15:11:15.786] ID: 6 Report: 06 01 00 00 00 00 00 00 | Keys: [K5]
[15:11:15.890] ID: 6 Report: 06 05 00 00 00 00 00 00 | Keys: [K5, K6]
[15:11:15.994] ID: 6 Report: 06 04 00 00 00 00 00 00 | Keys: [K6]
[15:11:16.039] ID: 6 Report: 06 01 16 00 00 00 00 00 | Keys: [K7]
[15:11:16.190] ID: 6 Report: 06 03 16 1D 00 00 00 00 | Keys: [K4, K7]
[15:11:16.235] ID: 6 Report: 06 03 1D 00 00 00 00 00 | Keys: [K10]
[15:11:16.385] ID: 6 Report: 06 07 1D 00 00 00 00 00 | Keys: [K6, K10]
[15:11:16.489] ID: 6 Report: 06 05 1D 00 00 00 00 00 | Keys: [K6, K8]
[15:11:16.595] ID: 6 Report: 06 01 1D 00 00 00 00 00 | Keys: [K8]
[15:11:16.684] ID: 6 Report: 06 01 16 1D 00 00 00 00 | Keys: [K7]
[15:11:16.834] ID: 6 Report: 06 01 16 00 00 00 00 00 | Keys: [K7]
[15:11:16.939] ID: 6 Report: 06 01 2C 00 00 00 00 00 | Keys: [K5, K9]
[15:11:16.984] ID: 6 Report: 06 00 2C 00 00 00 00 00 | Keys: [K9]
[15:11:17.044] ID: 6 Report: 06 00 00 00 00 00 00 00 | Keys: []
[15:11:17.269] ID: 6 Report: 06 01 16 00 00 00 00 00 | Keys: [K7]
[15:11:17.525] ID: 6 Report: 06 00 00 00 00 00 00 00 | Keys: []
[15:11:17.809] ID: 6 Report: 06 01 56 00 00 00 00 00 | Keys: []
[15:11:17.812] ID: 6 Report: 06 00 00 00 00 00 00 00 | Keys: []
[15:11:18.065] ID: 6 Report: 06 00 00 00 00 00 00 00 | Keys: []
[15:11:18.214] ID: 6 Report: 06 00 00 00 00 00 00 00 | Keys: []
[15:11:18.470] ID: 6 Report: 06 00 00 00 00 00 00 00 | Keys: []
[15:11:18.575] ID: 6 Report: 06 00 00 00 00 00 00 00 | Keys: []
[15:11:18.665] ID: 6 Report: 06 00 00 00 00 00 00 00 | Keys: []
[15:11:18.815] ID: 6 Report: 06 00 00 00 00 00 00 00 | Keys: []
[15:11:57.334] ID: 6 Report: 06 00 00 00 00 00 00 00 | Keys: []
[15:11:57.484] ID: 6 Report: 06 00 00 00 00 00 00 00 | Keys: []
[15:11:58.130] ID: 6 Report: 06 00 00 00 00 00 00 00 | Keys: []
[15:11:58.279] ID: 6 Report: 06 00 00 00 00 00 00 00 | Keys: []
[15:13:56.119] ID: 6 Report: 06 00 00 00 00 00 00 00 | Keys: []
[15:13:56.268] ID: 6 Report: 06 00 00 00 00 00 00 00 | Keys: []
[15:13:56.914] ID: 6 Report: 06 00 00 00 00 00 00 00 | Keys: []
[15:13:57.168] ID: 6 Report: 06 00 00 00 00 00 00 00 | Keys: []
[15:13:58.997] ID: 6 Report: 06 01 12 00 00 00 00 00 | Keys: [K1]
[15:13:59.103] ID: 6 Report: 06 00 00 00 00 00 00 00 | Keys: []
[15:13:59.448] ID: 6 Report: 06 01 11 00 00 00 00 00 | Keys: [K2]
[15:13:59.552] ID: 6 Report: 06 00 00 00 00 00 00 00 | Keys: []
[15:13:59.703] ID: 6 Report: 06 00 3E 00 00 00 00 00 | Keys: [K3]
[15:13:59.792] ID: 6 Report: 06 00 00 00 00 00 00 00 | Keys: []
[15:14:00.407] ID: 6 Report: 06 02 00 00 00 00 00 00 | Keys: [K4]
[15:14:00.513] ID: 6 Report: 06 00 00 00 00 00 00 00 | Keys: []
[15:14:00.708] ID: 6 Report: 06 01 00 00 00 00 00 00 | Keys: [K5]
[15:14:00.813] ID: 6 Report: 06 00 00 00 00 00 00 00 | Keys: []
[15:14:00.962] ID: 6 Report: 06 04 00 00 00 00 00 00 | Keys: [K6]
[15:14:01.113] ID: 6 Report: 06 00 00 00 00 00 00 00 | Keys: []
[15:14:01.818] ID: 6 Report: 06 01 1D 00 00 00 00 00 | Keys: [K8]
[15:14:01.862] ID: 6 Report: 06 00 00 00 00 00 00 00 | Keys: []
[15:14:03.707] ID: 6 Report: 06 00 2C 00 00 00 00 00 | Keys: [K9]
[15:14:03.813] ID: 6 Report: 06 00 00 00 00 00 00 00 | Keys: []
[15:14:04.307] ID: 6 Report: 06 03 1D 00 00 00 00 00 | Keys: [K10]
[15:14:04.413] ID: 6 Report: 06 00 00 00 00 00 00 00 | Keys: []
[15:14:04.713] ID: 6 Report: 06 01 16 00 00 00 00 00 | Keys: [K7]
[15:14:04.806] ID: 6 Report: 06 00 00 00 00 00 00 00 | Keys: []
[15:14:06.184] ID: 6 Report: 06 01 57 00 00 00 00 00 | Keys: []
[15:14:06.186] ID: 6 Report: 06 00 00 00 00 00 00 00 | Keys: []
[15:14:06.617] ID: 6 Report: 06 01 56 00 00 00 00 00 | Keys: []
[15:14:06.633] ID: 6 Report: 06 00 00 00 00 00 00 00 | Keys: []
[15:14:06.692] ID: 6 Report: 06 01 56 00 00 00 00 00 | Keys: []
[15:14:06.694] ID: 6 Report: 06 00 00 00 00 00 00 00 | Keys: []
[15:14:07.007] ID: 6 Report: 06 01 56 00 00 00 00 00 | Keys: []
[15:14:07.008] ID: 6 Report: 06 00 00 00 00 00 00 00 | Keys: []
[15:14:07.563] ID: 6 Report: 06 00 00 00 00 00 00 00 | Keys: []
[15:14:07.713] ID: 6 Report: 06 00 00 00 00 00 00 00 | Keys: []
--- New Guided Session: 2026-04-12 22:14:48 +0000 ---
[INSTRUCTION] Press and release K1
[DEVICE] ID: 6 Report: 06 01 12 00 00 00 00 00
[DEVICE] ID: 6 Report: 06 00 00 00 00 00 00 00
[KEYBOARD] Return Pressed
[INSTRUCTION] Press and release K2
[DEVICE] ID: 6 Report: 06 01 11 00 00 00 00 00
[DEVICE] ID: 6 Report: 06 00 00 00 00 00 00 00
[KEYBOARD] Return Pressed
[INSTRUCTION] Press and release K3
[DEVICE] ID: 6 Report: 06 00 3E 00 00 00 00 00
[DEVICE] ID: 6 Report: 06 00 00 00 00 00 00 00
[KEYBOARD] Return Pressed
[INSTRUCTION] Press and release K4
[DEVICE] ID: 6 Report: 06 02 00 00 00 00 00 00
[DEVICE] ID: 6 Report: 06 00 00 00 00 00 00 00
[KEYBOARD] Return Pressed
[INSTRUCTION] Press and release K5
[DEVICE] ID: 6 Report: 06 01 00 00 00 00 00 00
[DEVICE] ID: 6 Report: 06 00 00 00 00 00 00 00
[KEYBOARD] Return Pressed
[INSTRUCTION] Press and release K6
[DEVICE] ID: 6 Report: 06 04 00 00 00 00 00 00
[DEVICE] ID: 6 Report: 06 00 00 00 00 00 00 00
[KEYBOARD] Return Pressed
[INSTRUCTION] Press and release K7 (long vertical)
[DEVICE] ID: 6 Report: 06 01 16 00 00 00 00 00
[DEVICE] ID: 6 Report: 06 00 00 00 00 00 00 00
[KEYBOARD] Return Pressed
[INSTRUCTION] Press and release K8
[DEVICE] ID: 6 Report: 06 01 1D 00 00 00 00 00
[DEVICE] ID: 6 Report: 06 00 00 00 00 00 00 00
[KEYBOARD] Return Pressed
[INSTRUCTION] Press and release K9 (wide horizontal)
[DEVICE] ID: 6 Report: 06 00 2C 00 00 00 00 00
[DEVICE] ID: 6 Report: 06 00 00 00 00 00 00 00
[KEYBOARD] Return Pressed
[INSTRUCTION] Press and release K10
[DEVICE] ID: 6 Report: 06 03 1D 00 00 00 00 00
[DEVICE] ID: 6 Report: 06 00 00 00 00 00 00 00
[KEYBOARD] Return Pressed
[INSTRUCTION] Rotate Dial Clockwise (1 click)
[DEVICE] ID: 6 Report: 06 01 57 00 00 00 00 00
[DEVICE] ID: 6 Report: 06 00 00 00 00 00 00 00
[KEYBOARD] Return Pressed
[INSTRUCTION] Rotate Dial Counter-Clockwise (1 click)
[DEVICE] ID: 6 Report: 06 01 56 00 00 00 00 00
[DEVICE] ID: 6 Report: 06 00 00 00 00 00 00 00
[KEYBOARD] Return Pressed
[INSTRUCTION] Press and release Dial Center Button
[DEVICE] ID: 6 Report: 06 00 00 00 00 00 00 00
[DEVICE] ID: 6 Report: 06 00 00 00 00 00 00 00
[KEYBOARD] Return Pressed
[INSTRUCTION] Hold K2 and press K1 (Combo test)
[DEVICE] ID: 6 Report: 06 01 11 00 00 00 00 00
[DEVICE] ID: 6 Report: 06 01 12 11 00 00 00 00
[DEVICE] ID: 6 Report: 06 01 11 00 00 00 00 00
[DEVICE] ID: 6 Report: 06 00 00 00 00 00 00 00
[KEYBOARD] Return Pressed
[INSTRUCTION] Capture complete! Press Ctrl+C to exit.
[15:17:32.946] ID: 6 | 06 01 12 00 00 00 00 00 | [K1]
[15:17:33.090] ID: 6 | 06 00 00 00 00 00 00 00 | []
[15:17:33.844] ID: 6 | 06 01 11 00 00 00 00 00 | [K2]
[15:17:34.140] ID: 6 | 06 00 00 00 00 00 00 00 | []
[15:17:34.351] ID: 6 | 06 00 3E 00 00 00 00 00 | [K9]
[15:17:34.905] ID: 6 | 06 00 00 00 00 00 00 00 | []
[15:17:35.359] ID: 6 | 06 00 3E 00 00 00 00 00 | [K9]
[15:17:35.852] ID: 6 | 06 00 00 00 00 00 00 00 | []
[15:17:36.781] ID: 6 | 06 00 3E 00 00 00 00 00 | [K9]
[15:17:37.187] ID: 6 | 06 00 00 00 00 00 00 00 | []
[15:17:37.785] ID: 6 | 06 02 00 00 00 00 00 00 | [K4]
[15:17:37.980] ID: 6 | 06 00 00 00 00 00 00 00 | []
[15:17:38.280] ID: 6 | 06 01 00 00 00 00 00 00 | [K5]
[15:17:38.535] ID: 6 | 06 00 00 00 00 00 00 00 | []
[15:17:38.736] ID: 6 | 06 04 00 00 00 00 00 00 | [K6]
[15:17:39.030] ID: 6 | 06 00 00 00 00 00 00 00 | []
[15:17:39.541] ID: 6 | 06 01 1D 00 00 00 00 00 | [K8]
[15:17:39.735] ID: 6 | 06 00 00 00 00 00 00 00 | []
[15:17:39.992] ID: 6 | 06 00 2C 00 00 00 00 00 | [K9]
[15:17:40.245] ID: 6 | 06 00 00 00 00 00 00 00 | []
[15:17:40.486] ID: 6 | 06 03 1D 00 00 00 00 00 | [K10]
[15:17:40.785] ID: 6 | 06 00 00 00 00 00 00 00 | []
[15:17:41.009] ID: 6 | 06 01 16 00 00 00 00 00 | [K7]
[15:17:41.264] ID: 6 | 06 00 00 00 00 00 00 00 | []
[15:17:42.240] ID: 6 | 06 00 2C 00 00 00 00 00 | [K9]
[15:17:42.584] ID: 6 | 06 00 00 00 00 00 00 00 | []
[15:17:43.829] ID: 6 | 06 00 3E 00 00 00 00 00 | [K9]
[15:17:44.130] ID: 6 | 06 00 00 00 00 00 00 00 | []
[15:17:45.616] ID: 6 | 06 01 57 00 00 00 00 00 | []
[15:17:45.630] ID: 6 | 06 00 00 00 00 00 00 00 | []
[15:17:46.156] ID: 6 | 06 01 56 00 00 00 00 00 | []
[15:17:46.160] ID: 6 | 06 00 00 00 00 00 00 00 | []
[15:17:46.844] ID: 6 | 06 00 00 00 00 00 00 00 | []
[15:17:46.994] ID: 6 | 06 00 00 00 00 00 00 00 | []
[15:17:47.550] ID: 6 | 06 00 00 00 00 00 00 00 | []
[15:17:47.699] ID: 6 | 06 00 00 00 00 00 00 00 | []
[15:17:48.150] ID: 6 | 06 00 00 00 00 00 00 00 | []
[15:17:48.300] ID: 6 | 06 00 00 00 00 00 00 00 | []
[15:18:12.179] ID: 6 | 06 00 3E 00 00 00 00 00 | [K9]
[15:18:12.269] ID: 6 | 06 00 00 00 00 00 00 00 | []
[15:18:46.845] ID: 6 | 06 01 12 00 00 00 00 00 | [K1]
[15:18:46.995] ID: 6 | 06 00 00 00 00 00 00 00 | []
[15:18:47.401] ID: 6 | 06 01 11 00 00 00 00 00 | [K2]
[15:18:47.549] ID: 6 | 06 00 00 00 00 00 00 00 | []
[15:18:47.789] ID: 6 | 06 00 3E 00 00 00 00 00 | [K3]
[15:18:48.044] ID: 6 | 06 00 00 00 00 00 00 00 | []
[15:18:48.373] ID: 6 | 06 02 00 00 00 00 00 00 | [K4]
[15:18:48.569] ID: 6 | 06 00 00 00 00 00 00 00 | []
[15:18:48.763] ID: 6 | 06 01 00 00 00 00 00 00 | [K5]
[15:18:49.019] ID: 6 | 06 00 00 00 00 00 00 00 | []
[15:18:49.124] ID: 6 | 06 04 00 00 00 00 00 00 | [K6]
[15:18:49.319] ID: 6 | 06 00 00 00 00 00 00 00 | []
[15:18:49.603] ID: 6 | 06 01 1D 00 00 00 00 00 | [K8]
[15:18:49.754] ID: 6 | 06 00 00 00 00 00 00 00 | []
[15:18:49.949] ID: 6 | 06 00 2C 00 00 00 00 00 | [K9]
[15:18:50.145] ID: 6 | 06 00 00 00 00 00 00 00 | []
[15:18:50.294] ID: 6 | 06 03 1D 00 00 00 00 00 | [K10]
[15:18:50.548] ID: 6 | 06 00 00 00 00 00 00 00 | []
[15:18:50.714] ID: 6 | 06 01 16 00 00 00 00 00 | [K7]
[15:18:51.014] ID: 6 | 06 00 00 00 00 00 00 00 | []
[15:18:53.010] ID: 6 | 06 01 57 00 00 00 00 00 | []
[15:18:53.015] ID: 6 | 06 00 00 00 00 00 00 00 | []
[15:18:53.490] ID: 6 | 06 01 56 00 00 00 00 00 | []
[15:18:53.493] ID: 6 | 06 00 00 00 00 00 00 00 | []
[15:18:54.043] ID: 6 | 06 00 00 00 00 00 00 00 | []
[15:18:54.194] ID: 6 | 06 00 00 00 00 00 00 00 | []
[15:22:11.369] Ptr: 0x000000010066db70 | Usage: 1:2 | ID: 6 | 06 01 12 00 00 00 00 00 | [K1]
[15:22:11.457] Ptr: 0x000000010066db70 | Usage: 1:2 | ID: 6 | 06 00 00 00 00 00 00 00 | []
[15:22:13.377] Ptr: 0x000000010066db70 | Usage: 1:2 | ID: 6 | 06 00 00 00 00 00 00 00 | []
[15:22:13.527] Ptr: 0x000000010066db70 | Usage: 1:2 | ID: 6 | 06 00 00 00 00 00 00 00 | []
[15:25:09.266] Usage 1:2 @ 0x0000000bb2c2cc00 | ID: 6 | 06 01 12 00 00 00 00 00 | [K1]
[15:25:09.370] Usage 1:2 @ 0x0000000bb2c2cc00 | ID: 6 | 06 00 00 00 00 00 00 00 | []
[15:25:13.256] Usage 1:2 @ 0x0000000bb2c2cc00 | ID: 6 | 06 00 00 00 00 00 00 00 | []
[15:25:13.450] Usage 1:2 @ 0x0000000bb2c2cc00 | ID: 6 | 06 00 00 00 00 00 00 00 | []
[15:25:16.935] Usage 1:2 @ 0x0000000bb2c2cc00 | ID: 6 | 06 01 11 00 00 00 00 00 | [K2]
[15:25:17.035] Usage 1:2 @ 0x0000000bb2c2cc00 | ID: 6 | 06 00 00 00 00 00 00 00 | []
[15:25:18.220] Usage 1:2 @ 0x0000000bb2c2cc00 | ID: 6 | 06 01 12 00 00 00 00 00 | [K1]
[15:25:19.825] Usage 1:2 @ 0x0000000bb2c2cc00 | ID: 6 | 06 00 00 00 00 00 00 00 | []
[15:25:20.606] Usage 1:2 @ 0x0000000bb2c2cc00 | ID: 6 | 06 00 00 00 00 00 00 00 | []
[15:25:20.845] Usage 1:2 @ 0x0000000bb2c2cc00 | ID: 6 | 06 00 00 00 00 00 00 00 | []
[15:25:22.136] Usage 1:2 @ 0x0000000bb2c2cc00 | ID: 6 | 06 00 00 00 00 00 00 00 | []
[15:25:22.316] Usage 1:2 @ 0x0000000bb2c2cc00 | ID: 6 | 06 00 00 00 00 00 00 00 | []
[15:25:23.605] Usage 1:2 @ 0x0000000bb2c2cc00 | ID: 6 | 06 01 57 00 00 00 00 00 | []
[15:25:23.608] Usage 1:2 @ 0x0000000bb2c2cc00 | ID: 6 | 06 00 00 00 00 00 00 00 | []
[15:25:24.703] Usage 1:2 @ 0x0000000bb2c2cc00 | ID: 6 | 06 01 56 00 00 00 00 00 | []
[15:25:24.705] Usage 1:2 @ 0x0000000bb2c2cc00 | ID: 6 | 06 00 00 00 00 00 00 00 | []
[15:25:25.345] Usage 1:2 @ 0x0000000bb2c2cc00 | ID: 6 | 06 00 00 00 00 00 00 00 | []
[15:25:25.495] Usage 1:2 @ 0x0000000bb2c2cc00 | ID: 6 | 06 00 00 00 00 00 00 00 | []
[15:25:27.461] Usage 1:2 @ 0x0000000bb2c2cc00 | ID: 6 | 06 01 12 00 00 00 00 00 | [K1]
[15:25:27.550] Usage 1:2 @ 0x0000000bb2c2cc00 | ID: 6 | 06 00 00 00 00 00 00 00 | []
[15:25:28.361] Usage 1:2 @ 0x0000000bb2c2cc00 | ID: 6 | 06 01 11 00 00 00 00 00 | [K2]
[15:25:28.452] Usage 1:2 @ 0x0000000bb2c2cc00 | ID: 6 | 06 00 00 00 00 00 00 00 | []
[15:25:29.110] Usage 1:2 @ 0x0000000bb2c2cc00 | ID: 6 | 06 01 11 00 00 00 00 00 | [K2]
[15:25:29.606] Usage 1:2 @ 0x0000000bb2c2cc00 | ID: 6 | 06 00 00 00 00 00 00 00 | []
[15:25:30.940] Usage 1:2 @ 0x0000000bb2c2cc00 | ID: 6 | 06 00 00 00 00 00 00 00 | []
[15:25:31.631] Usage 1:2 @ 0x0000000bb2c2cc00 | ID: 6 | 06 00 00 00 00 00 00 00 | []
[15:25:33.190] Usage 1:2 @ 0x0000000bb2c2cc00 | ID: 6 | 06 00 00 00 00 00 00 00 | []
[15:25:33.341] Usage 1:2 @ 0x0000000bb2c2cc00 | ID: 6 | 06 00 00 00 00 00 00 00 | []
[15:25:38.546] Usage 1:2 @ 0x0000000bb2c2cc00 | ID: 6 | 06 02 00 00 00 00 00 00 | [K4]
[15:25:38.651] Usage 1:2 @ 0x0000000bb2c2cc00 | ID: 6 | 06 00 00 00 00 00 00 00 | []
[15:25:38.951] Usage 1:2 @ 0x0000000bb2c2cc00 | ID: 6 | 06 01 00 00 00 00 00 00 | [K5]
[15:25:39.040] Usage 1:2 @ 0x0000000bb2c2cc00 | ID: 6 | 06 00 00 00 00 00 00 00 | []
[15:25:39.835] Usage 1:2 @ 0x0000000bb2c2cc00 | ID: 6 | 06 04 00 00 00 00 00 00 | [K6]
[15:25:39.940] Usage 1:2 @ 0x0000000bb2c2cc00 | ID: 6 | 06 00 00 00 00 00 00 00 | []
[15:25:40.586] Usage 1:2 @ 0x0000000bb2c2cc00 | ID: 6 | 06 01 1D 00 00 00 00 00 | [K8]
[15:25:40.690] Usage 1:2 @ 0x0000000bb2c2cc00 | ID: 6 | 06 00 00 00 00 00 00 00 | []
[15:25:40.946] Usage 1:2 @ 0x0000000bb2c2cc00 | ID: 6 | 06 00 2C 00 00 00 00 00 | [K9]
[15:25:41.095] Usage 1:2 @ 0x0000000bb2c2cc00 | ID: 6 | 06 00 00 00 00 00 00 00 | []
[15:25:41.350] Usage 1:2 @ 0x0000000bb2c2cc00 | ID: 6 | 06 03 1D 00 00 00 00 00 | [K10]
[15:25:41.500] Usage 1:2 @ 0x0000000bb2c2cc00 | ID: 6 | 06 00 00 00 00 00 00 00 | []
[15:25:42.057] Usage 1:2 @ 0x0000000bb2c2cc00 | ID: 6 | 06 01 16 00 00 00 00 00 | [K7]
[15:25:42.400] Usage 1:2 @ 0x0000000bb2c2cc00 | ID: 6 | 06 00 00 00 00 00 00 00 | []
[15:25:44.116] Usage 1:2 @ 0x0000000bb2c2cc00 | ID: 6 | 06 01 16 00 00 00 00 00 | [K7]
[15:25:44.323] Usage 1:2 @ 0x0000000bb2c2cc00 | ID: 6 | 06 00 00 00 00 00 00 00 | []
[15:31:07.783] ID: 6 | 06 00 00 00 00 00 00 00 | []
[15:31:07.884] ID: 6 | 06 00 00 00 00 00 00 00 | []
[15:31:09.071] ID: 6 | 06 00 00 00 00 00 00 00 | []
[15:31:09.520] ID: 6 | 06 00 00 00 00 00 00 00 | []
[15:31:10.013] ID: 6 | 06 00 00 00 00 00 00 00 | []
[15:31:10.313] ID: 6 | 06 00 00 00 00 00 00 00 | []
[15:31:11.921] ID: 6 | 06 01 12 00 00 00 00 00 | [K1]
[15:31:12.114] ID: 6 | 06 00 00 00 00 00 00 00 | []
[15:31:12.414] ID: 6 | 06 01 11 00 00 00 00 00 | [K2]
[15:31:12.521] ID: 6 | 06 00 00 00 00 00 00 00 | []
[15:31:12.924] ID: 6 | 06 00 3E 00 00 00 00 00 | [K3]
[15:31:13.016] ID: 6 | 06 00 00 00 00 00 00 00 | []
[15:31:14.694] ID: 6 | 06 01 57 00 00 00 00 00 | []
[15:31:14.699] ID: 6 | 06 00 00 00 00 00 00 00 | []
[15:31:14.784] ID: 6 | 06 01 57 00 00 00 00 00 | []
[15:31:14.786] ID: 6 | 06 00 00 00 00 00 00 00 | []
[15:31:15.040] ID: 6 | 06 01 57 00 00 00 00 00 | []
[15:31:15.043] ID: 6 | 06 00 00 00 00 00 00 00 | []
[15:31:15.263] ID: 6 | 06 01 56 00 00 00 00 00 | []
[15:31:15.267] ID: 6 | 06 00 00 00 00 00 00 00 | []
[15:31:15.308] ID: 6 | 06 01 56 00 00 00 00 00 | []
[15:31:15.310] ID: 6 | 06 00 00 00 00 00 00 00 | []
[15:31:15.398] ID: 6 | 06 01 56 00 00 00 00 00 | []
[15:31:15.400] ID: 6 | 06 00 00 00 00 00 00 00 | []
[15:31:15.490] ID: 6 | 06 01 56 00 00 00 00 00 | []
[15:31:15.494] ID: 6 | 06 00 00 00 00 00 00 00 | []
[15:31:15.610] ID: 6 | 06 01 56 00 00 00 00 00 | []
[15:31:15.620] ID: 6 | 06 00 00 00 00 00 00 00 | []
[15:31:15.700] ID: 6 | 06 01 56 00 00 00 00 00 | []
[15:31:15.703] ID: 6 | 06 00 00 00 00 00 00 00 | []
[15:31:17.033] ID: 6 | 06 01 57 00 00 00 00 00 | []
[15:31:17.036] ID: 6 | 06 00 00 00 00 00 00 00 | []
[15:31:17.409] ID: 6 | 06 01 57 00 00 00 00 00 | []
[15:31:17.416] ID: 6 | 06 00 00 00 00 00 00 00 | []
[15:31:17.785] ID: 6 | 06 01 56 00 00 00 00 00 | []
[15:31:17.788] ID: 6 | 06 00 00 00 00 00 00 00 | []
[15:31:17.845] ID: 6 | 06 01 56 00 00 00 00 00 | []
[15:31:17.849] ID: 6 | 06 00 00 00 00 00 00 00 | []
[15:31:19.508] ID: 6 | 06 00 00 00 00 00 00 00 | []
[15:31:19.856] ID: 6 | 06 00 00 00 00 00 00 00 | []
[15:31:20.785] ID: 6 | 06 01 57 00 00 00 00 00 | []
[15:31:20.788] ID: 6 | 06 00 00 00 00 00 00 00 | []
[15:31:20.922] ID: 6 | 06 01 57 00 00 00 00 00 | []
[15:31:20.925] ID: 6 | 06 00 00 00 00 00 00 00 | []
[15:31:21.099] ID: 6 | 06 01 57 00 00 00 00 00 | []
[15:31:21.102] ID: 6 | 06 00 00 00 00 00 00 00 | []
[15:31:21.518] ID: 6 | 06 01 56 00 00 00 00 00 | []
[15:31:21.520] ID: 6 | 06 00 00 00 00 00 00 00 | []
[15:31:21.653] ID: 6 | 06 01 56 00 00 00 00 00 | []
[15:31:21.657] ID: 6 | 06 00 00 00 00 00 00 00 | []
[15:31:21.866] ID: 6 | 06 01 56 00 00 00 00 00 | []
[15:31:21.868] ID: 6 | 06 00 00 00 00 00 00 00 | []
[15:31:22.074] ID: 6 | 06 01 56 00 00 00 00 00 | []
[15:31:22.077] ID: 6 | 06 00 00 00 00 00 00 00 | []
[15:31:22.375] ID: 6 | 06 01 57 00 00 00 00 00 | []
[15:31:22.378] ID: 6 | 06 00 00 00 00 00 00 00 | []
[15:31:22.480] ID: 6 | 06 01 57 00 00 00 00 00 | []
[15:31:22.484] ID: 6 | 06 00 00 00 00 00 00 00 | []
[15:31:22.689] ID: 6 | 06 01 57 00 00 00 00 00 | []
[15:31:22.691] ID: 6 | 06 00 00 00 00 00 00 00 | []
[15:31:22.931] ID: 6 | 06 01 57 00 00 00 00 00 | []
[15:31:22.935] ID: 6 | 06 00 00 00 00 00 00 00 | []
[15:31:23.065] ID: 6 | 06 01 57 00 00 00 00 00 | []
[15:31:23.070] ID: 6 | 06 00 00 00 00 00 00 00 | []
[15:31:23.349] ID: 6 | 06 01 56 00 00 00 00 00 | []
[15:31:23.352] ID: 6 | 06 00 00 00 00 00 00 00 | []
[15:31:23.440] ID: 6 | 06 01 56 00 00 00 00 00 | []
[15:31:23.443] ID: 6 | 06 00 00 00 00 00 00 00 | []
[15:31:23.592] ID: 6 | 06 01 56 00 00 00 00 00 | []
[15:31:23.594] ID: 6 | 06 00 00 00 00 00 00 00 | []
[15:31:23.859] ID: 6 | 06 01 56 00 00 00 00 00 | []
[15:31:23.861] ID: 6 | 06 00 00 00 00 00 00 00 | []
[15:31:25.662] ID: 6 | 06 02 00 00 00 00 00 00 | [K4]
[15:31:25.899] ID: 6 | 06 00 00 00 00 00 00 00 | []
[15:31:26.153] ID: 6 | 06 01 00 00 00 00 00 00 | [K5]
[15:31:26.349] ID: 6 | 06 00 00 00 00 00 00 00 | []
[15:31:26.499] ID: 6 | 06 04 00 00 00 00 00 00 | [K6]
[15:31:26.755] ID: 6 | 06 00 00 00 00 00 00 00 | []
[15:31:27.038] ID: 6 | 06 01 1D 00 00 00 00 00 | [K8]
[15:31:27.234] ID: 6 | 06 00 00 00 00 00 00 00 | []
[15:31:27.338] ID: 6 | 06 00 2C 00 00 00 00 00 | [K9]
[15:31:27.639] ID: 6 | 06 00 00 00 00 00 00 00 | []
[15:31:28.632] ID: 6 | 06 03 1D 00 00 00 00 00 | [K10]
[15:31:28.868] ID: 6 | 06 00 00 00 00 00 00 00 | []
[15:31:29.573] ID: 6 | 06 01 16 00 00 00 00 00 | [K7]
[15:31:29.724] ID: 6 | 06 00 00 00 00 00 00 00 | []
[15:31:29.889] ID: 6 | 06 00 3E 00 00 00 00 00 | [K3]
[15:31:30.084] ID: 6 | 06 00 00 00 00 00 00 00 | []
[15:36:54.941] ID: 6 | [K1]
[15:36:55.025] ID: 6 | []
[15:36:55.429] ID: 6 | [K2]
[15:36:55.624] ID: 6 | []
[15:36:55.835] ID: 6 | [K3]
[15:36:55.925] ID: 6 | []
[15:36:56.329] ID: 6 | [K7]
[15:36:56.481] ID: 6 | []
[15:36:56.780] ID: 6 | [K4]
[15:36:56.930] ID: 6 | []
[15:36:57.080] ID: 6 | [K5]
[15:36:57.275] ID: 6 | []
[15:36:57.379] ID: 6 | [K6]
[15:36:57.531] ID: 6 | []
[15:36:57.876] ID: 6 | [K8]
[15:36:58.024] ID: 6 | []
[15:36:58.190] ID: 6 | [K9]
[15:36:58.325] ID: 6 | []
[15:36:58.475] ID: 6 | [K10]
[15:36:58.625] ID: 6 | []
[15:37:00.170] ID: 6 | []
[15:37:00.174] ID: 6 | []
[15:37:00.365] ID: 6 | []
[15:37:00.366] ID: 6 | []
[15:37:00.590] ID: 6 | []
[15:37:00.594] ID: 6 | []
[15:37:00.695] ID: 6 | []
[15:37:00.700] ID: 6 | []
[15:37:00.863] ID: 6 | []
[15:37:00.866] ID: 6 | []
[15:37:01.190] ID: 6 | []
[15:37:01.205] ID: 6 | []
[15:37:01.310] ID: 6 | []
[15:37:01.311] ID: 6 | []
[15:37:01.430] ID: 6 | []
[15:37:01.432] ID: 6 | []
[15:37:01.535] ID: 6 | []
[15:37:01.536] ID: 6 | []
[15:37:01.655] ID: 6 | []
[15:37:01.658] ID: 6 | []
[15:37:02.015] ID: 6 | []
[15:37:02.225] ID: 6 | []
[15:37:02.569] ID: 6 | []
[15:37:02.766] ID: 6 | []
[15:37:48.036] ID: 6 | []
[15:37:48.040] ID: 6 | []
[15:37:48.382] ID: 6 | []
[15:37:48.384] ID: 6 | []
[15:37:49.029] ID: 6 | []
[15:37:49.030] ID: 6 | []
[15:37:49.340] ID: 6 | []
[15:37:49.342] ID: 6 | []
[15:37:49.894] ID: 6 | []
[15:37:50.149] ID: 6 | []
[15:37:50.809] ID: 6 | [K1]
[15:37:51.111] ID: 6 | []
[15:37:51.259] ID: 6 | [K2]
[15:37:51.453] ID: 6 | []
[15:37:51.558] ID: 6 | [K3]
[15:37:51.648] ID: 6 | []
[15:37:51.918] ID: 6 | [K4]
[15:37:52.068] ID: 6 | []
[15:37:52.219] ID: 6 | [K5]
[15:37:52.308] ID: 6 | []
[15:37:52.368] ID: 6 | [K6]
[15:37:52.519] ID: 6 | []
[15:37:52.864] ID: 6 | [K8]
[15:37:52.908] ID: 6 | []
[15:37:53.089] ID: 6 | [K9]
[15:37:53.435] ID: 6 | []
[15:37:53.629] ID: 6 | [K10]
[15:37:53.780] ID: 6 | []
[15:37:53.990] ID: 6 | [K7]
[15:37:54.138] ID: 6 | []
[15:38:31.342] ID: 6 | []
[15:38:31.346] ID: 6 | []
[15:38:31.759] ID: 6 | []
[15:38:31.763] ID: 6 | []
[15:38:33.723] ID: 6 | []
[15:38:33.725] ID: 6 | []
[15:38:34.744] ID: 6 | []
[15:38:34.749] ID: 6 | []
[15:38:35.780] ID: 6 | []
[15:38:35.784] ID: 6 | []
[15:38:36.709] ID: 6 | []
[15:38:36.713] ID: 6 | []
[15:38:37.788] ID: 6 | []
[15:38:37.984] ID: 6 | []
[15:40:01.986] ID: 6 | 06 01 57 00 00 00 00 00 | []
[15:40:01.991] ID: 6 | 06 00 00 00 00 00 00 00 | []
[15:40:03.394] ID: 6 | 06 01 56 00 00 00 00 00 | []
[15:40:03.397] ID: 6 | 06 00 00 00 00 00 00 00 | []
[15:40:04.518] ID: 6 | 06 01 56 00 00 00 00 00 | []
[15:40:04.522] ID: 6 | 06 00 00 00 00 00 00 00 | []
[15:40:05.059] ID: 6 | 06 01 56 00 00 00 00 00 | []
[15:40:05.062] ID: 6 | 06 00 00 00 00 00 00 00 | []
[15:40:05.463] ID: 6 | 06 01 56 00 00 00 00 00 | []
[15:40:05.464] ID: 6 | 06 00 00 00 00 00 00 00 | []
[15:40:05.957] ID: 6 | 06 01 57 00 00 00 00 00 | []
[15:40:05.959] ID: 6 | 06 00 00 00 00 00 00 00 | []
[15:40:06.048] ID: 6 | 06 01 57 00 00 00 00 00 | []
[15:40:06.050] ID: 6 | 06 00 00 00 00 00 00 00 | []
[15:40:06.228] ID: 6 | 06 01 57 00 00 00 00 00 | []
[15:40:06.243] ID: 6 | 06 00 00 00 00 00 00 00 | []
[15:40:06.363] ID: 6 | 06 01 57 00 00 00 00 00 | []
[15:40:06.366] ID: 6 | 06 00 00 00 00 00 00 00 | []
[15:40:06.499] ID: 6 | 06 01 57 00 00 00 00 00 | []
[15:40:06.502] ID: 6 | 06 00 00 00 00 00 00 00 | []
[15:40:07.188] ID: 6 | 06 00 00 00 00 00 00 00 | []
[15:40:07.383] ID: 6 | 06 00 00 00 00 00 00 00 | []
[15:40:09.875] ID: 6 | 06 01 12 00 00 00 00 00 | [K1]
[15:40:09.917] ID: 6 | 06 00 00 00 00 00 00 00 | []
[15:40:10.368] ID: 6 | 06 01 11 00 00 00 00 00 | [K2]
[15:40:10.473] ID: 6 | 06 00 00 00 00 00 00 00 | []
[15:40:10.862] ID: 6 | 06 00 3E 00 00 00 00 00 | [K3]
[15:40:10.923] ID: 6 | 06 00 00 00 00 00 00 00 | []
[15:40:11.268] ID: 6 | 06 02 00 00 00 00 00 00 | [K4]
[15:40:11.373] ID: 6 | 06 00 00 00 00 00 00 00 | []
[15:40:11.571] ID: 6 | 06 01 00 00 00 00 00 00 | [K5]
[15:40:11.674] ID: 6 | 06 00 00 00 00 00 00 00 | []
[15:40:11.763] ID: 6 | 06 04 00 00 00 00 00 00 | [K6]
[15:40:11.867] ID: 6 | 06 00 00 00 00 00 00 00 | []
[15:40:12.094] ID: 6 | 06 01 1D 00 00 00 00 00 | [K8]
[15:40:12.243] ID: 6 | 06 00 00 00 00 00 00 00 | []
[15:40:12.393] ID: 6 | 06 00 2C 00 00 00 00 00 | [K9]
[15:40:12.693] ID: 6 | 06 00 00 00 00 00 00 00 | []
[15:40:12.842] ID: 6 | 06 03 1D 00 00 00 00 00 | [K10]
[15:40:12.993] ID: 6 | 06 00 00 00 00 00 00 00 | []
[15:40:13.143] ID: 6 | 06 01 16 00 00 00 00 00 | [K7]
[15:40:13.293] ID: 6 | 06 00 00 00 00 00 00 00 | []
[15:40:24.709] Usage 1:2 @ 0x0000000beb044c00 | ID: 6 | 06 01 57 00 00 00 00 00 | []
[15:40:24.712] Usage 1:2 @ 0x0000000beb044c00 | ID: 6 | 06 00 00 00 00 00 00 00 | []
[15:40:25.518] Usage 1:2 @ 0x0000000beb044c00 | ID: 6 | 06 01 56 00 00 00 00 00 | []
[15:40:25.521] Usage 1:2 @ 0x0000000beb044c00 | ID: 6 | 06 00 00 00 00 00 00 00 | []
[15:40:26.372] Usage 1:2 @ 0x0000000beb044c00 | ID: 6 | 06 01 12 00 00 00 00 00 | [K1]
[15:40:26.478] Usage 1:2 @ 0x0000000beb044c00 | ID: 6 | 06 00 00 00 00 00 00 00 | []
[15:40:26.749] Usage 1:2 @ 0x0000000beb044c00 | ID: 6 | 06 01 11 00 00 00 00 00 | [K2]
[15:40:26.792] Usage 1:2 @ 0x0000000beb044c00 | ID: 6 | 06 00 00 00 00 00 00 00 | []
[15:40:26.943] Usage 1:2 @ 0x0000000beb044c00 | ID: 6 | 06 00 3E 00 00 00 00 00 | [K3]
[15:40:27.049] Usage 1:2 @ 0x0000000beb044c00 | ID: 6 | 06 00 00 00 00 00 00 00 | []
[15:40:27.349] Usage 1:2 @ 0x0000000beb044c00 | ID: 6 | 06 02 00 00 00 00 00 00 | [K4]
[15:40:27.392] Usage 1:2 @ 0x0000000beb044c00 | ID: 6 | 06 00 00 00 00 00 00 00 | []
[15:40:27.543] Usage 1:2 @ 0x0000000beb044c00 | ID: 6 | 06 01 00 00 00 00 00 00 | [K5]
[15:40:27.648] Usage 1:2 @ 0x0000000beb044c00 | ID: 6 | 06 00 00 00 00 00 00 00 | []
[15:40:27.692] Usage 1:2 @ 0x0000000beb044c00 | ID: 6 | 06 04 00 00 00 00 00 00 | [K6]
[15:40:27.798] Usage 1:2 @ 0x0000000beb044c00 | ID: 6 | 06 00 00 00 00 00 00 00 | []
[15:40:28.068] Usage 1:2 @ 0x0000000beb044c00 | ID: 6 | 06 01 1D 00 00 00 00 00 | [K8]
[15:40:28.158] Usage 1:2 @ 0x0000000beb044c00 | ID: 6 | 06 00 00 00 00 00 00 00 | []
[15:40:28.217] Usage 1:2 @ 0x0000000beb044c00 | ID: 6 | 06 00 2C 00 00 00 00 00 | [K9]
[15:40:28.415] Usage 1:2 @ 0x0000000beb044c00 | ID: 6 | 06 03 1D 00 00 00 00 00 | [K10]
[15:40:28.566] Usage 1:2 @ 0x0000000beb044c00 | ID: 6 | 06 00 00 00 00 00 00 00 | []
[15:40:28.712] Usage 1:2 @ 0x0000000beb044c00 | ID: 6 | 06 01 16 00 00 00 00 00 | [K7]
[15:40:28.864] Usage 1:2 @ 0x0000000beb044c00 | ID: 6 | 06 00 00 00 00 00 00 00 | []
[15:40:32.274] Usage 1:2 @ 0x0000000beb044c00 | ID: 6 | 06 01 57 00 00 00 00 00 | []
[15:40:32.283] Usage 1:2 @ 0x0000000beb044c00 | ID: 6 | 06 00 00 00 00 00 00 00 | []
[15:40:32.342] Usage 1:2 @ 0x0000000beb044c00 | ID: 6 | 06 01 57 00 00 00 00 00 | []
[15:40:32.345] Usage 1:2 @ 0x0000000beb044c00 | ID: 6 | 06 00 00 00 00 00 00 00 | []
[15:40:32.432] Usage 1:2 @ 0x0000000beb044c00 | ID: 6 | 06 01 57 00 00 00 00 00 | []
[15:40:32.434] Usage 1:2 @ 0x0000000beb044c00 | ID: 6 | 06 00 00 00 00 00 00 00 | []
[15:40:32.493] Usage 1:2 @ 0x0000000beb044c00 | ID: 6 | 06 01 57 00 00 00 00 00 | []
[15:40:32.495] Usage 1:2 @ 0x0000000beb044c00 | ID: 6 | 06 00 00 00 00 00 00 00 | []
[15:40:32.582] Usage 1:2 @ 0x0000000beb044c00 | ID: 6 | 06 01 57 00 00 00 00 00 | []
[15:40:32.586] Usage 1:2 @ 0x0000000beb044c00 | ID: 6 | 06 00 00 00 00 00 00 00 | []
[15:40:32.867] Usage 1:2 @ 0x0000000beb044c00 | ID: 6 | 06 01 56 00 00 00 00 00 | []
[15:40:32.869] Usage 1:2 @ 0x0000000beb044c00 | ID: 6 | 06 00 00 00 00 00 00 00 | []
[15:40:32.912] Usage 1:2 @ 0x0000000beb044c00 | ID: 6 | 06 01 56 00 00 00 00 00 | []
[15:40:32.916] Usage 1:2 @ 0x0000000beb044c00 | ID: 6 | 06 00 00 00 00 00 00 00 | []
[15:40:32.943] Usage 1:2 @ 0x0000000beb044c00 | ID: 6 | 06 01 56 00 00 00 00 00 | []
[15:40:32.944] Usage 1:2 @ 0x0000000beb044c00 | ID: 6 | 06 00 00 00 00 00 00 00 | []
[15:40:32.989] Usage 1:2 @ 0x0000000beb044c00 | ID: 6 | 06 01 56 00 00 00 00 00 | []
[15:40:32.992] Usage 1:2 @ 0x0000000beb044c00 | ID: 6 | 06 00 00 00 00 00 00 00 | []
[15:40:33.048] Usage 1:2 @ 0x0000000beb044c00 | ID: 6 | 06 01 56 00 00 00 00 00 | []
[15:40:33.051] Usage 1:2 @ 0x0000000beb044c00 | ID: 6 | 06 00 00 00 00 00 00 00 | []
[15:40:33.108] Usage 1:2 @ 0x0000000beb044c00 | ID: 6 | 06 01 56 00 00 00 00 00 | []
[15:40:33.110] Usage 1:2 @ 0x0000000beb044c00 | ID: 6 | 06 00 00 00 00 00 00 00 | []
[15:40:33.152] Usage 1:2 @ 0x0000000beb044c00 | ID: 6 | 06 01 56 00 00 00 00 00 | []
[15:40:33.153] Usage 1:2 @ 0x0000000beb044c00 | ID: 6 | 06 00 00 00 00 00 00 00 | []
[15:40:33.182] Usage 1:2 @ 0x0000000beb044c00 | ID: 6 | 06 01 56 00 00 00 00 00 | []
[15:40:33.185] Usage 1:2 @ 0x0000000beb044c00 | ID: 6 | 06 00 00 00 00 00 00 00 | []
[15:40:33.228] Usage 1:2 @ 0x0000000beb044c00 | ID: 6 | 06 01 56 00 00 00 00 00 | []
[15:40:33.232] Usage 1:2 @ 0x0000000beb044c00 | ID: 6 | 06 00 00 00 00 00 00 00 | []
[15:40:46.067] Usage 1:2 @ 0x0000000beb044c00 | ID: 6 | 06 01 57 00 00 00 00 00 | []
[15:40:46.084] Usage 1:2 @ 0x0000000beb044c00 | ID: 6 | 06 00 00 00 00 00 00 00 | []
[15:40:46.143] Usage 1:2 @ 0x0000000beb044c00 | ID: 6 | 06 01 57 00 00 00 00 00 | []
[15:40:46.145] Usage 1:2 @ 0x0000000beb044c00 | ID: 6 | 06 00 00 00 00 00 00 00 | []
[15:41:35.403] Usage 1:2 @ 0x0000000b02c40c00 | ID: 6 | 06 01 57 00 00 00 00 00 | []
[15:41:35.417] Usage 1:2 @ 0x0000000b02c40c00 | ID: 6 | 06 00 00 00 00 00 00 00 | []
[15:41:37.460] Usage 1:2 @ 0x0000000b02c40c00 | ID: 6 | 06 01 57 00 00 00 00 00 | []
[15:41:37.462] Usage 1:2 @ 0x0000000b02c40c00 | ID: 6 | 06 00 00 00 00 00 00 00 | []
[15:41:38.853] Usage 1:2 @ 0x0000000b02c40c00 | ID: 6 | 06 01 56 00 00 00 00 00 | []
[15:41:38.868] Usage 1:2 @ 0x0000000b02c40c00 | ID: 6 | 06 00 00 00 00 00 00 00 | []
[15:42:04.457] Usage 1:2 @ 0x0000000b02c40c00 | ID: 6 | 06 00 00 00 00 00 00 00 | []
[15:42:04.606] Usage 1:2 @ 0x0000000b02c40c00 | ID: 6 | 06 00 00 00 00 00 00 00 | []
[15:42:06.677] Usage 1:2 @ 0x0000000b02c40c00 | ID: 6 | 06 00 00 00 00 00 00 00 | []
[15:42:07.127] Usage 1:2 @ 0x0000000b02c40c00 | ID: 6 | 06 00 00 00 00 00 00 00 | []
[15:42:07.849] Usage 1:2 @ 0x0000000b02c40c00 | ID: 6 | 06 01 57 00 00 00 00 00 | []
[15:42:07.851] Usage 1:2 @ 0x0000000b02c40c00 | ID: 6 | 06 00 00 00 00 00 00 00 | []
[15:42:09.317] Usage 1:2 @ 0x0000000b02c40c00 | ID: 6 | 06 01 57 00 00 00 00 00 | []
[15:42:09.333] Usage 1:2 @ 0x0000000b02c40c00 | ID: 6 | 06 00 00 00 00 00 00 00 | []
[15:42:39.574] Usage 1:2 @ 0x0000000b02c40c00 | ID: 6 | 06 01 57 00 00 00 00 00 | []
[15:42:39.586] Usage 1:2 @ 0x0000000b02c40c00 | ID: 6 | 06 00 00 00 00 00 00 00 | []
[15:42:39.916] Usage 1:2 @ 0x0000000b02c40c00 | ID: 6 | 06 01 57 00 00 00 00 00 | []
[15:42:39.920] Usage 1:2 @ 0x0000000b02c40c00 | ID: 6 | 06 00 00 00 00 00 00 00 | []
[15:42:40.188] Usage 1:2 @ 0x0000000b02c40c00 | ID: 6 | 06 01 57 00 00 00 00 00 | []
[15:42:40.190] Usage 1:2 @ 0x0000000b02c40c00 | ID: 6 | 06 00 00 00 00 00 00 00 | []
[15:42:40.425] Usage 1:2 @ 0x0000000b02c40c00 | ID: 6 | 06 01 57 00 00 00 00 00 | []
[15:42:40.427] Usage 1:2 @ 0x0000000b02c40c00 | ID: 6 | 06 00 00 00 00 00 00 00 | []
[15:42:40.624] Usage 1:2 @ 0x0000000b02c40c00 | ID: 6 | 06 01 57 00 00 00 00 00 | []
[15:42:40.627] Usage 1:2 @ 0x0000000b02c40c00 | ID: 6 | 06 00 00 00 00 00 00 00 | []
[15:42:40.741] Usage 1:2 @ 0x0000000b02c40c00 | ID: 6 | 06 01 57 00 00 00 00 00 | []
[15:42:40.743] Usage 1:2 @ 0x0000000b02c40c00 | ID: 6 | 06 00 00 00 00 00 00 00 | []
[15:42:40.816] Usage 1:2 @ 0x0000000b02c40c00 | ID: 6 | 06 01 57 00 00 00 00 00 | []
[15:42:40.819] Usage 1:2 @ 0x0000000b02c40c00 | ID: 6 | 06 00 00 00 00 00 00 00 | []
[15:42:40.967] Usage 1:2 @ 0x0000000b02c40c00 | ID: 6 | 06 01 57 00 00 00 00 00 | []
[15:42:40.969] Usage 1:2 @ 0x0000000b02c40c00 | ID: 6 | 06 00 00 00 00 00 00 00 | []
[15:42:42.333] Usage 1:2 @ 0x0000000b02c40c00 | ID: 6 | 06 01 57 00 00 00 00 00 | []
[15:42:42.335] Usage 1:2 @ 0x0000000b02c40c00 | ID: 6 | 06 00 00 00 00 00 00 00 | []
[15:42:52.441] Usage 1:2 @ 0x00000008b8c68c00 | ID: 6 | 06 01 57 00 00 00 00 00 | []
[15:42:52.444] Usage 1:2 @ 0x00000008b8c68c00 | ID: 6 | 06 00 00 00 00 00 00 00 | []
[15:42:53.100] Usage 1:2 @ 0x00000008b8c68c00 | ID: 6 | 06 01 57 00 00 00 00 00 | []
[15:42:53.116] Usage 1:2 @ 0x00000008b8c68c00 | ID: 6 | 06 00 00 00 00 00 00 00 | []
[15:42:53.612] Usage 1:2 @ 0x00000008b8c68c00 | ID: 6 | 06 01 57 00 00 00 00 00 | []
[15:42:53.613] Usage 1:2 @ 0x00000008b8c68c00 | ID: 6 | 06 00 00 00 00 00 00 00 | []
[15:42:53.687] Usage 1:2 @ 0x00000008b8c68c00 | ID: 6 | 06 01 57 00 00 00 00 00 | []
[15:42:53.691] Usage 1:2 @ 0x00000008b8c68c00 | ID: 6 | 06 00 00 00 00 00 00 00 | []
[15:42:53.745] Usage 1:2 @ 0x00000008b8c68c00 | ID: 6 | 06 01 57 00 00 00 00 00 | []
[15:42:53.750] Usage 1:2 @ 0x00000008b8c68c00 | ID: 6 | 06 00 00 00 00 00 00 00 | []
[15:42:53.806] Usage 1:2 @ 0x00000008b8c68c00 | ID: 6 | 06 01 57 00 00 00 00 00 | []
[15:42:53.809] Usage 1:2 @ 0x00000008b8c68c00 | ID: 6 | 06 00 00 00 00 00 00 00 | []
[15:42:53.896] Usage 1:2 @ 0x00000008b8c68c00 | ID: 6 | 06 01 57 00 00 00 00 00 | []
[15:42:53.897] Usage 1:2 @ 0x00000008b8c68c00 | ID: 6 | 06 00 00 00 00 00 00 00 | []
[15:42:54.030] Usage 1:2 @ 0x00000008b8c68c00 | ID: 6 | 06 01 57 00 00 00 00 00 | []
[15:42:54.033] Usage 1:2 @ 0x00000008b8c68c00 | ID: 6 | 06 00 00 00 00 00 00 00 | []
[15:42:54.121] Usage 1:2 @ 0x00000008b8c68c00 | ID: 6 | 06 01 57 00 00 00 00 00 | []
[15:42:54.125] Usage 1:2 @ 0x00000008b8c68c00 | ID: 6 | 06 00 00 00 00 00 00 00 | []
[15:42:54.210] Usage 1:2 @ 0x00000008b8c68c00 | ID: 6 | 06 01 57 00 00 00 00 00 | []
[15:42:54.213] Usage 1:2 @ 0x00000008b8c68c00 | ID: 6 | 06 00 00 00 00 00 00 00 | []
[15:42:54.301] Usage 1:2 @ 0x00000008b8c68c00 | ID: 6 | 06 01 57 00 00 00 00 00 | []
[15:42:54.302] Usage 1:2 @ 0x00000008b8c68c00 | ID: 6 | 06 00 00 00 00 00 00 00 | []
[15:42:55.292] Usage 1:2 @ 0x00000008b8c68c00 | ID: 6 | 06 01 56 00 00 00 00 00 | []
[15:42:55.294] Usage 1:2 @ 0x00000008b8c68c00 | ID: 6 | 06 00 00 00 00 00 00 00 | []
[15:42:55.428] Usage 1:2 @ 0x00000008b8c68c00 | ID: 6 | 06 01 56 00 00 00 00 00 | []
[15:42:55.431] Usage 1:2 @ 0x00000008b8c68c00 | ID: 6 | 06 00 00 00 00 00 00 00 | []
[15:42:55.561] Usage 1:2 @ 0x00000008b8c68c00 | ID: 6 | 06 01 56 00 00 00 00 00 | []
[15:42:55.577] Usage 1:2 @ 0x00000008b8c68c00 | ID: 6 | 06 00 00 00 00 00 00 00 | []
[15:42:57.046] Usage 1:2 @ 0x00000008b8c68c00 | ID: 6 | 06 01 57 00 00 00 00 00 | []
[15:42:57.062] Usage 1:2 @ 0x00000008b8c68c00 | ID: 6 | 06 00 00 00 00 00 00 00 | []
[15:42:57.992] Usage 1:2 @ 0x00000008b8c68c00 | ID: 6 | 06 01 56 00 00 00 00 00 | []
[15:42:57.995] Usage 1:2 @ 0x00000008b8c68c00 | ID: 6 | 06 00 00 00 00 00 00 00 | []
[15:42:59.041] Usage 1:2 @ 0x00000008b8c68c00 | ID: 6 | 06 00 00 00 00 00 00 00 | []
[15:42:59.176] Usage 1:2 @ 0x00000008b8c68c00 | ID: 6 | 06 00 00 00 00 00 00 00 | []
[15:42:59.836] Usage 1:2 @ 0x00000008b8c68c00 | ID: 6 | 06 01 12 00 00 00 00 00 | [K1]
[15:42:59.986] Usage 1:2 @ 0x00000008b8c68c00 | ID: 6 | 06 00 00 00 00 00 00 00 | []
[15:43:00.378] Usage 1:2 @ 0x00000008b8c68c00 | ID: 6 | 06 01 11 00 00 00 00 00 | [K2]
[15:43:00.466] Usage 1:2 @ 0x00000008b8c68c00 | ID: 6 | 06 00 00 00 00 00 00 00 | []
[15:43:00.765] Usage 1:2 @ 0x00000008b8c68c00 | ID: 6 | 06 02 00 00 00 00 00 00 | [K4]
[15:43:00.870] Usage 1:2 @ 0x00000008b8c68c00 | ID: 6 | 06 00 00 00 00 00 00 00 | []
[15:43:01.020] Usage 1:2 @ 0x00000008b8c68c00 | ID: 6 | 06 01 00 00 00 00 00 00 | [K5]
[15:43:01.125] Usage 1:2 @ 0x00000008b8c68c00 | ID: 6 | 06 00 00 00 00 00 00 00 | []
[15:43:01.170] Usage 1:2 @ 0x00000008b8c68c00 | ID: 6 | 06 04 00 00 00 00 00 00 | [K6]
[15:43:01.276] Usage 1:2 @ 0x00000008b8c68c00 | ID: 6 | 06 00 00 00 00 00 00 00 | []
[15:43:01.546] Usage 1:2 @ 0x00000008b8c68c00 | ID: 6 | 06 01 1D 00 00 00 00 00 | [K8]
[15:43:01.635] Usage 1:2 @ 0x00000008b8c68c00 | ID: 6 | 06 00 00 00 00 00 00 00 | []
[15:43:01.846] Usage 1:2 @ 0x00000008b8c68c00 | ID: 6 | 06 00 2C 00 00 00 00 00 | [K9]
[15:43:01.996] Usage 1:2 @ 0x00000008b8c68c00 | ID: 6 | 06 00 00 00 00 00 00 00 | []
[15:43:02.146] Usage 1:2 @ 0x00000008b8c68c00 | ID: 6 | 06 03 1D 00 00 00 00 00 | [K10]
[15:43:02.236] Usage 1:2 @ 0x00000008b8c68c00 | ID: 6 | 06 00 00 00 00 00 00 00 | []
[15:43:02.492] Usage 1:2 @ 0x00000008b8c68c00 | ID: 6 | 06 01 16 00 00 00 00 00 | [K7]
[15:43:02.595] Usage 1:2 @ 0x00000008b8c68c00 | ID: 6 | 06 00 00 00 00 00 00 00 | []
[16:03:22.191] Usage 1:2 @ 0x0000000947050c00 | ID: 6 | 06 00 00 00 00 00 00 00 | []
[16:03:22.384] Usage 1:2 @ 0x0000000947050c00 | ID: 6 | 06 00 00 00 00 00 00 00 | []
[16:03:23.358] Usage 1:2 @ 0x0000000947050c00 | ID: 6 | 06 00 00 00 00 00 00 00 | []
[16:03:23.554] Usage 1:2 @ 0x0000000947050c00 | ID: 6 | 06 00 00 00 00 00 00 00 | []
[16:03:23.945] Usage 1:2 @ 0x0000000947050c00 | ID: 6 | 06 01 57 00 00 00 00 00 | []
[16:03:23.948] Usage 1:2 @ 0x0000000947050c00 | ID: 6 | 06 00 00 00 00 00 00 00 | []
[16:03:24.725] Usage 1:2 @ 0x0000000947050c00 | ID: 6 | 06 01 56 00 00 00 00 00 | []
[16:03:24.729] Usage 1:2 @ 0x0000000947050c00 | ID: 6 | 06 00 00 00 00 00 00 00 | []
[16:03:25.609] Usage 1:2 @ 0x0000000947050c00 | ID: 6 | 06 01 57 00 00 00 00 00 | []
[16:03:25.613] Usage 1:2 @ 0x0000000947050c00 | ID: 6 | 06 00 00 00 00 00 00 00 | []
[16:03:26.254] Usage 1:2 @ 0x0000000947050c00 | ID: 6 | 06 00 00 00 00 00 00 00 | []
[16:03:26.403] Usage 1:2 @ 0x0000000947050c00 | ID: 6 | 06 00 00 00 00 00 00 00 | []
[16:03:27.259] Usage 1:2 @ 0x0000000947050c00 | ID: 6 | 06 00 00 00 00 00 00 00 | []
[16:03:27.604] Usage 1:2 @ 0x0000000947050c00 | ID: 6 | 06 00 00 00 00 00 00 00 | []
[16:03:28.158] Usage 1:2 @ 0x0000000947050c00 | ID: 6 | 06 00 00 00 00 00 00 00 | []
[16:03:28.656] Usage 1:2 @ 0x0000000947050c00 | ID: 6 | 06 00 00 00 00 00 00 00 | []
[16:03:29.179] Usage 1:2 @ 0x0000000947050c00 | ID: 6 | 06 00 00 00 00 00 00 00 | []
[16:03:29.568] Usage 1:2 @ 0x0000000947050c00 | ID: 6 | 06 00 00 00 00 00 00 00 | []
[16:03:29.870] Usage 1:2 @ 0x0000000947050c00 | ID: 6 | 06 00 00 00 00 00 00 00 | []
[16:03:30.168] Usage 1:2 @ 0x0000000947050c00 | ID: 6 | 06 00 00 00 00 00 00 00 | []
[16:03:30.348] Usage 1:2 @ 0x0000000947050c00 | ID: 6 | 06 00 00 00 00 00 00 00 | []
[16:03:30.498] Usage 1:2 @ 0x0000000947050c00 | ID: 6 | 06 00 00 00 00 00 00 00 | []
[16:03:30.589] Usage 1:2 @ 0x0000000947050c00 | ID: 6 | 06 00 00 00 00 00 00 00 | []
[16:03:30.694] Usage 1:2 @ 0x0000000947050c00 | ID: 6 | 06 00 00 00 00 00 00 00 | []
[16:03:30.798] Usage 1:2 @ 0x0000000947050c00 | ID: 6 | 06 00 00 00 00 00 00 00 | []
[16:03:30.891] Usage 1:2 @ 0x0000000947050c00 | ID: 6 | 06 00 00 00 00 00 00 00 | []
[16:03:31.400] Usage 1:2 @ 0x0000000947050c00 | ID: 6 | 06 00 00 00 00 00 00 00 | []
[16:03:31.548] Usage 1:2 @ 0x0000000947050c00 | ID: 6 | 06 00 00 00 00 00 00 00 | []
[16:03:31.699] Usage 1:2 @ 0x0000000947050c00 | ID: 6 | 06 00 00 00 00 00 00 00 | []
[16:03:31.849] Usage 1:2 @ 0x0000000947050c00 | ID: 6 | 06 00 00 00 00 00 00 00 | []
[16:03:32.089] Usage 1:2 @ 0x0000000947050c00 | ID: 6 | 06 00 00 00 00 00 00 00 | []
[16:03:32.193] Usage 1:2 @ 0x0000000947050c00 | ID: 6 | 06 00 00 00 00 00 00 00 | []
[16:03:32.808] Usage 1:2 @ 0x0000000947050c00 | ID: 6 | 06 00 00 00 00 00 00 00 | []
[16:03:33.004] Usage 1:2 @ 0x0000000947050c00 | ID: 6 | 06 00 00 00 00 00 00 00 | []
[16:03:33.272] Usage 1:2 @ 0x0000000947050c00 | ID: 6 | 06 00 00 00 00 00 00 00 | []
[16:03:33.408] Usage 1:2 @ 0x0000000947050c00 | ID: 6 | 06 00 00 00 00 00 00 00 | []
[16:03:33.648] Usage 1:2 @ 0x0000000947050c00 | ID: 6 | 06 00 00 00 00 00 00 00 | []
[16:03:33.797] Usage 1:2 @ 0x0000000947050c00 | ID: 6 | 06 00 00 00 00 00 00 00 | []
